E_actual,E_baseline,E_reduced,E_removed,E_displaced_chem,E_displaced_heat,E_displaced,EC_hardware,PE_aux,PE_lifecycle,L_slip,L_transport,L_leakage,F_multiplier,CC_T
149.05641404185408,205.66119403506164,56.60477999320756,44.52798324886507,18.701638794049032,54.38521805110991,73.08685684515893,82.71593739447673,82.71550517707443,0.37728240641203087,2.2189164252062223,1.4356370679287553,3.6545534931349777,0.8843650534027713,77.35742669848032
119.84764286034309,156.09693753125532,36.249294670912235,44.565129792130115,15.490766398314502,30.455384605796635,45.94615100411114,72.62329500563527,72.62285346918492,0.25407137247066913,1.534226528197486,0.8664423160371818,2.400668844234668,0.9388263317403817,48.33357893276025
150.73462848775887,212.24533826815355,61.51070978039468,33.111366454552,15.193034481223556,40.156549169093104,55.34958365031666,133.1949559014218,133.19455541914232,0.18380866176623356,1.089217255455272,0.2891233860733458,1.3783406415286177,0.902656245214985,13.733874298391019
145.00549870170843,195.82741069212233,50.821911990413895,60.276648427752974,24.521166980890005,39.83989742449708,64.36106440538708,124.2666474199636,124.26614249313232,0.14912002397926555,1.824141405301184,0.5175155045532364,2.34165690985442,0.8758907325373977,42.65824830637049
104.40669338464515,134.05955783059727,29.65286444595212,52.04199704069245,19.126551995891962,33.03919110933707,52.165743105229026,88.36102217139867,88.3605832350593,0.13224239415213024,1.395882135881675,0.6651044234175815,2.0609865592992564,0.8851303286810799,38.33215539411191
143.27507460601802,172.57847511862454,29.303400512606515,45.75880513929778,23.921170190784387,31.141439554903346,55.06260974568774,153.6380699578553,153.63752510934015,0.5672775470930436,2.1808399096257265,1.5095157692675198,3.6903556788932463,0.9267805543998534,-25.73701382370753
146.76885139199567,200.955192479959,54.18634108796334,49.45872308220503,20.195095007918102,52.17812716373062,72.37322217164872,85.19850616984172,85.1979137270706,0.45170946514553334,3.168881922418538,0.6938065836953384,3.8626885061138765,0.914292958803986,79.0918035110164
133.31208398070547,163.46718519459964,30.15510121389417,35.291363417777106,15.60437314066469,44.315147522151946,59.91952066281664,188.2974814802324,188.29703972913458,0.18108979120499413,1.0383749779227902,0.8510192807221324,1.8893942586449226,0.9473153820334651,-61.57695726220388
104.47462529967385,147.69429895975293,43.21967366007908,39.321592122281736,21.51684168279522,43.85703407424604,65.37387575704126,92.44382476455183,92.44329494514947,0.34210784718008663,2.21287454323608,0.36227194778362015,2.5751464910197,0.8939527341281653,46.981321438289335
124.1973620253194,187.20228136258007,63.00491933726066,51.93099343575158,21.64566757879212,32.81252647924848,54.458194058040604,126.68607941002021,126.68563704312793,0.38895384651760306,2.2566409336375766,1.6950115961019534,3.9516525297395297,0.851804781632261,32.681929515072106
116.29778069573084,140.9895252971882,24.691744601457373,49.880102464088964,26.420152384633475,38.37495153626191,64.79510392089539,163.58070307289213,163.58029947152033,0.28413987176355193,1.2417022624151959,1.79651992709573,3.038222189510926,0.8649207995429727,-23.81620878173557
157.38066870036235,184.97662239421243,27.595953693850078,57.214378696540656,28.146696390547273,25.845199971371255,53.99189636191853,82.93506979118725,82.9345180803484,0.32590140980320353,2.7990985074444104,1.4219874269630326,4.2210859344074425,0.911848374986169,46.7967181695238
138.3513462138882,203.43072134133502,65.07937512744681,53.26734887775134,24.443232816566493,26.03583591125481,50.4790687278213,120.81419501196717,120.81370821103184,0.44691930107493744,1.8967451536706645,2.4261501866816353,4.3228953403523,0.8753504011435074,37.85213828630434
140.4552040843647,187.19531253415715,46.740108449792444,50.55681344942877,20.03923760880128,42.98237501360221,63.02161262240349,153.66853198100614,153.66794262363385,0.20441818231616327,2.6990414884723224,0.3748740345134357,3.073915522985758,0.8660368125151346,2.9204997361743805
127.68360234614956,158.78700459107355,31.103402244924,55.45570540875953,20.097405994093943,34.12872205874728,54.22612805284122,109.46525985330165,109.46475299612521,0.3651157788567818,2.32831030900216,0.42282576022548024,2.7511360692276403,0.8615537699096503,24.299461426829698
106.27061608895515,162.17753622996634,55.906920141011184,34.83380273278219,14.478586624447559,58.68532102184878,73.16390764629634,91.2120106760767,91.2115791795029,0.2015080292059164,1.9777996300327154,0.9130502388505551,2.8908498688832704,0.8783833289126415,61.136088800649325
118.21039913526687,171.87607083338844,53.66567169812157,54.512517618994096,18.150892684427674,37.15986717745599,55.31075986188367,94.5171951013335,94.51670514644513,0.11768500379810277,3.6416407224890386,0.9815997590571243,4.623240481546163,0.8692470408385107,55.832883576318
104.1499924931658,149.65617671060494,45.50618421743914,55.06140107103392,18.99138297315165,26.291296763565228,45.28267973671688,185.40093455962017,185.4004939812612,0.35655401108769913,1.937176143287795,1.7341107330422394,3.6712868763300346,0.9007213238540698,-39.25169676043253
147.71249150496567,198.20866679830803,50.49617529334236,41.02049101663017,19.29228574510586,23.728127643748234,43.020413388854095,53.70564567003873,53.70507006418419,0.4484801543607287,2.858413010567737,1.6342353090102644,4.492648319578001,0.925033557707132,70.20161179761493
126.96966775320905,160.97506444333334,34.005396690124286,39.44843044419395,19.584005013043587,47.79602671291805,67.38003172596163,121.64446979105013,121.64393161041394,0.5473591969429759,1.319811057876491,0.37205274210052436,1.6918637999770154,0.9040076977525597,15.323567126990168
130.30366213637498,155.74837050912018,25.444708372745197,38.90680292611979,14.072957486901734,29.588547804733672,43.66150529163541,107.71424674240016,107.71377849463923,0.17085144935272678,1.0839741301683314,1.2626946993467227,2.346668829515054,0.9391373803438234,-2.0832717182122193
117.7908107216786,165.09977180313473,47.30896108145613,38.62547879067903,18.65135588215959,29.14453057147471,47.795886453634296,133.71169343754755,133.711187873483,0.4747389131735866,1.3004749002587042,0.23387801785617174,1.5343529181148758,0.8790064748054945,-1.7491819047038366
158.90995852433105,197.5056110782946,38.59565255396356,50.10967223963738,26.121964164124503,37.85002296726463,63.97198713138913,148.66334125563725,148.6628073595996,0.530012026835465,3.0680886488440455,1.3336501783683323,4.401738827212378,0.8562432571850858,-0.7853859498409225
135.51153432352064,182.2204282915149,46.70889396799427,37.1779371546648,18.544933744516044,34.678909653474136,53.22384339799018,162.87588387422377,162.87532730268043,0.41956705842985415,2.1076806463827014,0.7545903471142448,2.862270993496946,0.8935994838365151,-25.95592921648693
140.000855824282,196.76271217605168,56.761856351769666,51.84604742412229,27.033982673034288,44.57051608702208,71.60449876005637,79.27607312401585,79.27565709457387,0.43754372441505995,3.7109148716514384,1.4197458228736841,5.1306606945251225,0.9467031730790388,90.28570039785703
116.40269851529854,143.63557280690566,27.232874291607118,36.45998305365221,18.02452817467116,40.684426480893606,58.70895465556477,107.17659752715181,107.17619302338342,0.5304810612503408,2.113700863051263,0.37730584810905654,2.4910067111603196,0.8678012455327377,10.590760260369997
119.85010370083384,165.8158832819831,45.96577958114926,33.95938407725801,13.022876083958343,27.423991085277503,40.446867169235844,104.3144746104559,104.31405171991646,0.468502787918636,1.4945664810924348,1.0552079551129507,2.549774436205386,0.8883286654472875,11.583540972091205
99.20095844204914,131.8698104871715,32.66885204512235,43.37303835176125,18.011850997013987,46.822905735253535,64.83475673226752,106.91437677961247,106.91389778035044,0.45180228337477096,2.850315031260639,1.5549934879139764,4.405308519174616,0.9059172324780571,26.36729952132665
105.25740242096077,161.68287315295555,56.42547073199478,40.16624636503758,19.859779272249565,38.46190789383371,58.32168716608328,105.42155487473309,105.42106153341108,0.395440967874798,2.7246642176725766,0.9617849389864135,3.6864491566589903,0.9038088387216534,41.04236843490408
135.42871643517017,170.2778396702341,34.84912323506393,62.68683962327575,30.4741639681159,41.169818200677966,71.64398216879387,140.9370569608072,140.93662966848117,0.3273402190787781,3.854462166187921,1.2632907187999929,5.1177528849879135,0.8682349323835094,19.794212957674425
140.19611097619537,189.12577584555848,48.92966486936311,42.52020048629403,19.840799481703904,25.407726805770544,45.24852628747445,97.94270308479516,97.94222085416757,0.45884737150604304,2.1388443771674033,1.1786652110570435,3.3175095882244467,0.8417215383240227,29.443262706630353
157.31962951093095,205.82858627407367,48.50895676314272,39.569657818731784,21.35950968453303,41.780161008814005,63.139670693347036,183.24690473349185,183.24641640893458,0.47851039061795725,2.5333922032022294,1.1190202211851077,3.652412424387337,0.854704375576766,-30.90530162668589
120.0619305433377,161.20366889125546,41.141738347917766,39.330652700211445,13.947350556675296,31.61314131006734,45.56049186674264,130.46966327703544,130.4692414590427,0.13529703175046948,1.27353324182919,0.9231414482197501,2.19667469004894,0.9174228175523977,-6.209420622731612
120.44112069052638,171.6498005814451,51.20867989091873,43.84262336416367,17.538233254327544,39.163724827662335,56.70195808198988,100.9587746020363,100.95819127004427,0.2536358354352516,2.973494930026318,1.315694684192989,4.289189614219307,0.8848672643652474,40.92709716532748
132.92966312690493,189.13415479602398,56.20449166911905,49.52107604812721,23.340443604597677,32.845858258249415,56.18630186284709,82.82827409685292,82.8277542676674,0.23691227887342844,3.6712029862120747,2.042258999516824,5.713461985728898,0.8793167831511381,64.30772591798062
110.89229485948864,157.7511866835902,46.85889182410155,57.5826479165653,17.62543177781852,51.227067237491866,68.85249901531039,134.1628582815154,134.16238057440933,0.46228368188188007,3.1397304534255075,1.1448705483141794,4.284601001739687,0.8759776493529293,30.12029306226393
107.45651812989392,161.3341069160673,53.877588786173376,43.88101150944314,19.993733990441452,32.5219656500286,52.51569964047005,80.82983440574644,80.82933302430975,0.20339461597929728,1.4686089241818634,0.6142126818851749,2.0828216060670384,0.87219923903638,58.57581124621687
132.44750526313803,198.57434972880884,66.12684446567081,51.69477927205641,26.38803538520188,50.84419956589177,77.23223495109366,114.72570559401825,114.72524275452096,0.22618685211728404,1.5958567681263882,1.709006641318698,3.304863409445086,0.9024541500400093,69.30628185433214
107.80917008634708,147.2086213233892,39.399451237042115,46.26282536868125,20.822440911433254,50.887669355639076,71.71011026707234,157.5087116242308,157.5081407580245,0.3086225775185555,3.319998272836201,0.5929948780519892,3.9129931508881906,0.910059740463216,-3.9654666596874772
140.1298670780895,186.58732383384145,46.45745675575196,59.40724852212816,22.9876462904318,39.54676753123942,62.53441382167122,84.1352794089918,84.13476440598349,0.1515633118553151,3.8193458080929785,0.7358600216247377,4.555205829717716,0.9011426012411249,71.69272959278794
131.4200497796498,158.9202832258276,27.500233446177816,49.013803011539416,23.13147533378962,34.828101188771704,57.95957652256132,88.46345464025326,88.46295566109038,0.4803552426807338,2.9926567684160235,2.0260394212203003,5.018696189636324,0.9364964393683123,37.93897466614715
132.93687349235844,184.37760426999682,51.44073077763838,41.65715820424001,14.2590018905431,35.55229306157167,49.811294952114764,164.16656863364966,164.16598645656904,0.30260705735040666,2.906713450240529,0.610292100251891,3.5170055504924203,0.8380992366637772,-21.016524379067924
134.48536691291912,178.81893817353568,44.333571260616566,55.15039899756274,26.765934848307694,54.715271466156366,81.48120631446406,71.73752079035155,71.73695319441191,0.17440733081134063,2.5938209366416816,0.5444462346996698,3.1382671713413512,0.9204224858042388,97.48705278184077
111.8103368678384,150.740279654912,38.9299427870736,57.24288954252207,20.015511517880775,44.42646179135729,64.44197330923807,107.88533513243549,107.8847725720572,0.22853902057026704,3.8136524056812258,1.587621664137848,5.401274069819074,0.8687862121304197,40.92002170379495
135.55524237496158,162.8715880178181,27.316345642856533,48.30727702420184,24.68936207962799,41.00674101146339,65.69610309109137,127.96581470738994,127.9653695855491,0.47971442888159616,1.4924174335443547,1.673314922701741,3.165732356246096,0.853230493303242,8.283937546110012
141.32892908827657,200.12966301831997,58.80073393004341,61.139438907495595,27.09791708816251,24.577295260683186,51.6752123488457,171.74945763164592,171.74902700702364,0.3356752051775241,2.036190564728424,0.449253631609981,2.485444196338405,0.906929682151434,-2.679760656042313
113.8087042727722,151.75083681815926,37.942132545387054,59.9257211195862,25.412154614595643,50.875338949534886,76.28749356413053,157.54812691574284,157.5475888964389,0.2791108444806073,2.8656755300121333,1.1028423168677226,3.968517846879856,0.9473368749998574,11.70920658898643
120.0012865853214,173.06386380967484,53.06257722435345,40.3588685194873,17.05885880187939,27.62859883467686,44.687457636556246,120.29972309640013,120.29922936794885,0.21664239453599948,1.5615687886941878,0.34750327940066833,1.909072068094856,0.8435479627226015,13.230172125672073
144.2698381208182,177.18224199835151,32.91240387753331,56.59877891534001,21.351466967293057,24.683615199203366,46.03508216649642,97.79148979861341,97.79095305607082,0.43636491162987734,2.519161842836568,1.2863852272928626,3.805547070129431,0.8557829336732178,28.680195702218967
112.73998202804366,177.0205510455149,64.28056901747125,51.60794590690563,22.64585603657603,32.12405277078725,54.76990880736328,89.86559438513794,89.86504225969152,0.4180507610569719,3.169329510140643,0.7961832172591712,3.965512727399814,0.9199974027677486,70.29683409086091
109.44095809513564,140.94085668046222,31.499898585326576,48.72430206566519,24.534030529291385,39.820987355117474,64.35501788440885,169.71297565292747,169.712516590226,0.4386565545133623,1.2998079483592682,0.5130753487975745,1.8128832971568427,0.8947768662172738,-24.503319443842113
99.44567032424742,131.62696652525622,32.181296201008806,49.213799524363004,23.082794314937672,55.82996392251774,78.91275823745542,86.74117370813656,86.74071677804993,0.2957961443879769,2.8317643913224737,1.5359440037174124,4.367708395039886,0.9151384780044871,63.05636550804538
136.2784101009996,192.2212654727378,55.942855371738204,59.878334877718075,20.068003593031417,50.86129285043656,70.92929644346798,101.22632532995493,101.22582716364168,0.4510886499113902,1.6439688066177873,1.5517430023827947,3.1957118090005823,0.8990773778683153,73.61453083846025
129.71462515955594,187.3292512741595,57.61462611460357,51.93678354772854,24.27312004552572,30.35782632106289,54.63094636658861,91.31895481523645,91.31850010537374,0.41764057339742433,3.3084140949378487,1.6708212818018362,4.979235376739685,0.8935997495089004,60.288476404361056
144.0779648085459,179.15541309149734,35.07744828295145,50.492682173304786,25.08372350920034,35.3712900987993,60.45501360799964,87.0049410084948,87.00440754943959,0.30679328724097377,1.6514217080922864,1.5547454057470367,3.206167113839323,0.8990031754395835,49.90166698783812
139.53303389791898,182.3058133662978,42.772779468378815,35.040972123476834,16.805338131897706,50.53775409608207,67.34309222797978,61.77522978964664,61.774680443557465,0.4929563259042483,2.060376873256917,0.9846604872208139,3.045037360477731,0.847955787969793,67.70432582418962
119.09077502905717,169.93730845755226,50.84653342849509,46.752263520802785,20.12266873285393,40.45661713947257,60.5792858723265,159.49913495454746,159.49864054675825,0.4461470461740278,2.432296773575304,1.3800590145643432,3.812355788139647,0.8772258598154148,-4.894096196223652
132.1797928446113,191.74900931371195,59.56921646910064,59.22841146595668,21.017501454807213,27.33023457363412,48.34773602844133,85.50004407623948,85.49949931628636,0.4471400809900138,2.5428497254004037,1.0390528622050115,3.5819025876054154,0.911566546619322,70.75289837061447
105.29119870606758,143.85072935374723,38.55953064767965,54.94638179211887,27.62674463002891,37.918458022061,65.54520265208991,100.37665365159945,100.37615156408565,0.36903611005992354,1.992855237407492,2.0549584547801545,4.047813692187646,0.9004466017411693,48.856534121062104
99.31122973462028,140.94808684686663,41.636857112246346,35.74917183501946,13.794576832518963,44.739189162620576,58.53376599513954,67.57714187529315,67.57659930094876,0.3084344449958012,0.9317015837017864,0.7003311831704774,1.6320327668722636,0.9325384092371161,61.9230947387327
129.9232609587197,181.31180118873235,51.38854023001264,59.812849514762654,23.007747785132803,57.529526325356784,80.53727411048959,112.00258368389086,112.0021386902413,0.34573894920268916,2.4215424543729918,0.8789650726605196,3.3005075270335116,0.9059796955764924,68.93624752279807
128.64497204396932,183.20244886377685,54.55747681980753,56.618001293248355,27.685374016437642,43.991496977821264,71.6768709942589,159.55654377560435,159.55599600699517,0.20600758102928526,1.931591835561785,1.105241185154424,3.036833020716209,0.9047161573248703,18.142736768576256
130.09537099775307,185.2182001700542,55.122829172301124,49.53990045254265,19.51282229457351,23.22129216593231,42.73411446050582,148.7796947680635,148.7791517432588,0.31342016909464193,1.504160662513443,0.8813133144617254,2.3854739769751685,0.8528481074087501,-3.4806452344766954
134.5931742769981,179.7397785196183,45.146604242620214,34.62309813702635,17.32249399285677,44.11063553053574,61.43312952339251,86.49699373487758,86.49654041373617,0.23118610934831338,2.020445773332203,0.6905856527159296,2.711031426048133,0.8544059679091219,44.2275337095068
137.61938613010074,167.8671535391032,30.247767409002478,51.246322450477834,16.118428735192122,33.90055032598408,50.018979061176196,111.81939305325841,111.8188818590602,0.27764771549698675,1.7010593335555966,1.2642501104979973,2.965309444053594,0.8549419233544636,14.064846134001439
135.7402391707137,198.27802744920396,62.53778827849027,34.25399274336263,16.852975447698217,54.83632368345296,71.68929913115117,73.32916858111685,73.32859751878327,0.49969894247746305,1.212319991425934,0.9028860232193737,2.1152060146453078,0.8723402582172614,80.72425440563958
136.42833988399119,197.66798939571217,61.239649511720984,41.778513239538796,21.695935346174288,36.636694229259845,58.33262957543413,100.55260415630167,100.55215425177228,0.16885029751513872,1.7217519251570532,0.7293159379093798,2.451067863066433,0.8867206487331543,51.588272264908106
113.14865506362261,167.03414823177704,53.885493168154426,51.52170058172354,27.5677976632611,28.742710696867828,56.31050836012893,100.70158543087607,100.70103823491927,0.4630875190262698,2.3878356198493726,0.4644246425418223,2.852260262391195,0.9025557888742808,52.078656866006696
97.73430063296158,125.37812171454691,27.64382108158533,58.68946709110032,31.055027624292855,40.82242131008536,71.87744893437821,81.2854441592251,81.28485336588166,0.1950648928326711,2.917544669447761,2.0944291862316646,5.011973855679425,0.8622288185007428,61.838054982267856
126.79310329598484,160.81306634753525,34.01996305155042,45.21058242240233,22.782909607164978,31.24437862766125,54.02728823482623,105.58049432355881,105.57992107517485,0.12184104255513967,2.4466114342737266,0.7222784274385023,3.1688898617122288,0.879490419257632,21.44829268364647
109.44713861283266,161.69173244922447,52.244593836391815,58.284355382122726,22.569516373015155,32.12268065463865,54.692197027653805,119.91465458112454,119.914174277108,0.13750812035668797,3.052252065607748,1.000398464052761,4.052650529660509,0.8598255787046364,35.353287806536784
125.99858140825152,153.0579173705051,27.05933596225357,60.39806144616624,33.36484852966154,42.980649283458405,76.34549781311995,152.39811452633566,152.39759308478907,0.299575946540206,2.8328504871141478,1.6242455808812155,4.457096067995363,0.9116636653812134,6.061314506982583
151.0113533332295,216.3279816910874,65.3166283578579,33.44592043266607,16.84589005850593,45.575923335556105,62.421813394062035,61.036824874203646,61.0362265201768,0.29287554535206384,1.456641102837896,1.1968590058870534,2.6535001087249492,0.864434606239844,84.02456514035133
107.58181359407908,145.29289185326627,37.71107825918719,40.288215136253164,18.255475253609408,55.762106839070746,74.01758209268016,91.41411546180034,91.41360177431807,0.2710436224067362,1.481948690750861,0.8527818806059064,2.3347305713567676,0.8481298310652843,49.18940947013954
107.27439525179796,161.44865770386588,54.17426245206792,55.83198510807847,21.02379054458584,37.001856667651275,58.02564721223712,126.1239252076873,126.1235022021668,0.4066720387060641,3.1383578858481833,1.2058432963722445,4.344201182220428,0.8605019665668329,31.97411847280937
119.55946803160278,180.62448518753925,61.065017155936474,55.50764009431994,18.841072033186776,24.605811006789587,43.44688303997636,199.00410023516213,199.00369114901116,0.26974965366449366,2.17421037449769,0.6195615087369541,2.793771883234644,0.9488715365301382,-39.8978395136024
116.90483129866412,157.43950189806208,40.534670599397955,43.49888042655366,21.07410792431602,41.718265893573765,62.79237381788978,90.06064686236586,90.06008879946391,0.14274120420047784,2.9007681010239965,1.3887311321468243,4.289499233170821,0.9106897691555722,47.65967010242553
131.05612917064187,167.464178983053,36.40804981241112,51.76504984365721,25.476653846601586,35.57647714947995,61.053130996081535,137.56759238436388,137.5671076586988,0.21958991528494293,2.7365390137959578,1.28311110691751,4.019650120713468,0.8915883125680267,6.615480925487471
133.91401934093102,184.00807044395714,50.09405110302612,52.867448342272084,20.284500994118734,32.15489902644477,52.4394000205635,130.77804421510706,130.77759485252892,0.13968260052202255,2.786126112038251,1.494070890241981,4.280197002280232,0.8430047503290737,17.03158325679445
142.98506270910153,191.03377418826727,48.048711479165746,56.74861354615456,22.58347257764946,52.937622429932375,75.52109500758183,113.23725682528091,113.23678729087477,0.13576849261892418,2.6588532254399126,0.5760999977408995,3.234953223180812,0.8539234491747628,54.40424089358273
139.17299320592124,181.30376158909812,42.13076838317687,53.435560245478,24.914366703765083,52.106235624730395,77.02060232849547,124.27593787103815,124.27538639646484,0.17684857483995858,3.722991100959315,1.483157235661037,5.206148336620352,0.8919519276328096,38.29020082620333
123.50527210736252,172.3303987162061,48.82512660884359,36.18961689865234,12.401251449436861,24.656580719911023,37.05783216934788,73.26503781458028,73.26454476511316,0.3465633702290174,1.5853463154506122,0.6815321705747791,2.266878486025391,0.9177966172660957,42.39723757111349
142.8984523995005,203.8741935069009,60.97574110740038,37.0278356038386,20.447754591030236,49.4517441782783,69.89949876930854,123.27801488074931,123.2774411808508,0.4107108172494289,1.6885196211410576,0.8933523066684663,2.581871927809524,0.9160888474847585,38.13957421596162
104.391613324728,145.35770126540922,40.96608794068122,37.48057557215409,13.624331632661711,46.28566044955501,59.90999208221672,150.60123090061612,150.60068391549837,0.43822392688922746,2.487670369395465,0.9224410415811677,3.410111410976633,0.8817833693713656,-14.189978647775854
97.8594008244345,129.2003234269155,31.340922602481,59.2492644627468,21.453321063389158,31.1240591502303,52.577380213619456,84.45465847846977,84.45406367563967,0.4266772026064048,3.210276229493731,1.7489344914145262,4.959210720908257,0.9047224703760763,48.24669219699776
101.47472887591323,139.46034194393513,37.985613068021905,61.3393931094423,18.752008100295004,44.73000747192381,63.48201557221881,77.0448394530425,77.04426175228915,0.30739389453124,2.7325609091794822,1.1718879623651923,3.9044488715446746,0.9232045194615174,75.28817535418489
139.60805743346666,180.38679998607884,40.77874255261219,58.30864791991572,27.36232444076974,26.27286718955116,53.635191630320904,138.30018733065333,138.29973642121098,0.24888353170418293,2.0702898932304743,2.0104516111721753,4.080741504402649,0.9436062730064508,9.52402631596129
126.01900199741311,156.66027857573079,30.641276578317672,36.06938827521956,18.958084525602796,25.788026120211978,44.746110645814774,87.6841636633282,87.68363185148165,0.11958782371195804,1.3138158334555783,0.49951718699351394,1.8133330204490923,0.8800914845190789,19.22139410954396
106.925269060104,137.71556707597784,30.790298015873844,50.09068342121309,17.788893239370832,60.71617373668981,78.50506697606065,122.46943647319641,122.46903236458951,0.3322887567613968,3.128622136917987,1.1613986044243887,4.290020741342376,0.9121315199363589,29.457019771764575
124.8451804315855,175.46064081631388,50.61546038472838,37.91432062468486,13.131347721241417,44.21534477617455,57.346692497415965,85.81226575552573,85.81166753418084,0.24522313524629336,1.451461614618958,0.35788383210178254,1.8093454467207406,0.887006067469139,51.45543254085945
114.99886101055353,155.31414813253434,40.315287121980816,43.739825529056986,19.129995312991994,31.76161700434764,50.891612317339636,104.27864141682888,104.27818921560711,0.1894036149754399,1.0700082029015723,0.5873681745064602,1.6573763774080326,0.889990088104754,25.65107694852041
143.33339540250864,207.92220741435176,64.58881201184312,40.094560275348826,15.316935920379311,40.93878029197217,56.25571621235149,98.34868611984805,98.34815316082933,0.48935353716490027,1.0253777903156243,1.7034297234221145,2.7288075137377388,0.9006407607689498,53.47354060353766
116.5898963821161,149.11095656905832,32.52106018694222,56.79780778125758,28.55159356711609,55.72391257146691,84.275506138583,116.70824333755806,116.70767350683381,0.17091951588946197,4.081135397564625,0.4203766300545086,4.501512027619134,0.8971789067603855,46.84554082934984
126.51237493128082,157.02791811379691,30.515543182516097,38.80638672069127,12.277375747961951,36.92434709139878,49.20172283936073,109.92034587202836,109.91991377909582,0.10866879931498744,1.910073801089035,1.0790971909174032,2.9891709920064384,0.8978015107841248,4.943204594982101
121.146772691728,177.21073434346445,56.06396165173645,50.80693280238708,22.828997713849645,53.178185373931164,76.00718308778082,112.37846277357902,112.37789319771045,0.4426087837675303,2.477161371064739,0.7622192879760897,3.2393806590408287,0.8708138946410646,58.18621253496128
134.34835000295502,193.6247136286961,59.276363625741084,63.59619796596657,24.16082758636512,51.34784758485406,75.50867517121918,86.44265554230735,86.44225309317419,0.25143645780059,4.221658688181587,1.5722495931820903,5.793908281363677,0.8830737093828279,93.51188853048053
115.05161656891727,149.54902949150534,34.49741292258807,52.0787657856889,21.995570295745924,34.04299226346483,56.03856255921076,80.08591900203977,80.08543060661215,0.29290752280261256,2.181917861750374,0.44340206199802573,2.6253199237483997,0.8989884222434618,53.58967364706933
107.74509311389653,141.36299067393585,33.617897560039324,35.79943388007806,14.494315635294416,47.310640787975544,61.80495642326996,78.33924308529558,78.33874867777108,0.15872299692349456,2.2156461403181478,0.9686686587342778,3.1843147990524256,0.8656757361993261,42.886010012160654
115.23618086976082,150.02821647939413,34.79203560963332,59.78143664291086,20.929415358618467,43.417706705464475,64.34712206408294,70.54360595562918,70.54313113748653,0.30881853262896924,3.5078029024837463,2.022163996774805,5.529966899258551,0.878292996797421,72.49314263033149
152.2807371096728,198.10954211223208,45.82880500255928,53.64421866312991,18.656712830394465,46.7196709400553,65.37638377044976,130.6067839986967,130.60626672174743,0.5037471715245383,2.4430456190073726,1.4163695005012733,3.859415119508646,0.8610635914519351,25.728561533723266
152.27022274234267,196.8471942058898,44.576971463547125,45.870975545604495,15.219785449178161,36.2366689296278,51.45645437880596,96.83170465917016,96.83112169070041,0.3549576083237922,2.853690977605486,0.8920800019842844,3.7457709795897705,0.843969056922389,34.57956531945711
145.73856193087968,183.2232228567174,37.484660925837716,51.64035358098473,19.161538091086953,25.3991667557455,44.56070484683245,92.84516916002316,92.8447037622003,0.2615063359372855,3.6989935886524066,2.058431449078953,5.757425037731359,0.944662282741889,32.895109567004006
114.11710479614966,140.9955072646217,26.878402468472032,60.0491802584001,32.5589995810524,29.393775012151913,61.95277459320431,106.8634064680968,106.86289061611936,0.23624650741289993,1.9831827194614244,2.060029390433377,4.043212109894801,0.8687270589002989,32.7840287738706
156.61860746280246,202.07165952139437,45.45305205859191,48.04370667683552,17.850444715523356,43.61810749671343,61.46855221223679,107.6316871249278,107.63111163242264,0.28539343401562434,1.1737000285069172,0.5585033574761554,1.7322033859830728,0.9337878119826163,42.316091090518796
138.62163891903174,199.41014023983135,60.78850132079961,49.5688914709378,20.007260304571655,45.58111006936911,65.58837037394076,76.97371108332668,76.97315648424765,0.33772928302643346,3.097291010470021,1.7138022300893172,4.811093240559338,0.8749171807401992,82.08804072175847
140.98539286810544,192.33675570931683,51.3513628412114,45.250701649518966,15.878719427555048,48.46828994501037,64.34700937256542,155.88921425068116,155.8888061040282,0.1936447408022756,2.018095186057541,1.1703745692141643,3.188469755271705,0.8642604709628515,1.450361529595554
118.54044343792313,160.7188136005943,42.17837016267117,35.00097824963716,17.0897415144478,43.17898472696194,60.268726241409745,88.44493609271476,88.44434753456193,0.16587345576919885,1.7771845229483585,0.9563988880488468,2.7335834109972055,0.9165791665338763,42.25821360158797
114.73759328490712,144.15884264401575,29.42124935910863,57.64258139229874,30.5008036969454,27.63145020529616,58.13225390224156,123.43843187740318,123.43802254802232,0.4421006855041357,1.9520196278429143,0.8439188649488079,2.795938492791722,0.9448192022412654,17.498073287690595
111.4796964730083,148.11644734915652,36.63675087614821,37.34989811197263,18.193554517631824,25.472736700117398,43.66629121774922,163.87207156694586,163.871553815251,0.46368534421668295,2.384327018743388,0.7533484828340619,3.13767550157745,0.8744947880468529,-43.56730800167795
141.93202226288074,177.18297402702774,35.250951764147004,45.24460153229592,19.859000969706106,50.53407853695211,70.39307950665821,90.9896357481225,90.98912067739843,0.514421850736402,2.628521905681414,1.7540896026610242,4.382611508342438,0.8881293448086056,48.84931542985089
129.40334324134483,185.93753051160064,56.53418727025581,44.151399834283424,21.966956793108885,41.89816534770163,63.86512214081051,116.94252077200397,116.94196349395783,0.45348783274775933,3.112460185873148,0.9200990985174435,4.032559284390592,0.9223525748623612,39.77433212031742
109.82436671231099,167.48684602048453,57.662479308173545,40.975408183586225,17.071376811089095,47.9922790184638,65.06365582955289,170.57098126997676,170.57055158136637,0.31595167550895337,1.9427574238090837,1.0751210290669608,3.0178784528760447,0.9144380348056668,-9.329863485363704
121.31923793681423,183.14503004921949,61.82579211240525,46.460945233976034,23.27951478754653,27.642448046765207,50.921962834311735,139.19103071076418,139.19059483668576,0.42894312045960725,3.1945631356929867,1.9553521794351556,5.149915315128142,0.8881026830583002,12.823533920708641
134.06669842011001,198.42636024953885,64.35966182942883,52.22844605755227,25.231088192542867,40.70281308319534,65.93390127573821,130.28452548018407,130.28397505879752,0.5319575479446722,2.491973607750149,0.7436426268261594,3.2356162345763084,0.8879855957157229,43.04107058311441
104.90808611575356,164.44392343298898,59.53583731723542,41.520087968715764,13.653394927683966,52.20396462664227,65.85735955432624,120.68323952908264,120.68280962813216,0.12315769942458238,2.2831506003941913,0.7944474006555806,3.077598001049772,0.9209707752189994,39.629114136119654
150.4527154425336,214.43742920395994,63.98471376142635,39.52471118072875,16.040453718021585,31.777204727852567,47.81765844587415,98.76492976706562,98.76443587804022,0.27265931684001216,2.1621753033624036,1.000902199115396,3.1630775024777993,0.8786122870898865,43.163507359591236
134.1379463300129,161.0975893546528,26.959643024639888,59.14364155242325,22.4579293163979,26.48958644303877,48.94751575943667,149.28063895899373,149.2800926293757,0.17806899964496617,2.7882995341551213,1.7470270381216544,4.535326572276776,0.8785914651277735,-16.642883884590653
135.97144137855284,166.14618643292988,30.17474505437704,61.153935973032894,20.464241395640776,46.42797254209928,66.89221393774005,60.68121090061998,60.68068065223422,0.4696518726974065,3.1449426981699253,1.9499616745788073,5.094904372748733,0.8415417267436055,77.40135410847782
124.426218986161,161.71238851082447,37.286169524663464,46.52200950004149,24.637588046662817,43.6328677269912,68.27045577365402,108.21240622674212,108.2119641059049,0.4248376408593758,1.621666990916977,1.4021675500145625,3.0238345409315395,0.8738467676147738,35.31913735200174
135.6269921124675,182.83077748418097,47.20378537171348,43.59112886166287,14.34775457721073,56.85870201837919,71.20645659558993,67.22210915287138,67.22164836081964,0.3930871069188597,1.7745944999027625,0.6766303092813681,2.4512248091841307,0.8673204392602331,79.73746066356837
118.76977281014172,145.08258427282092,26.312811462679207,34.533595049617354,16.557577248511123,54.24663993947718,70.8042171879883,129.21660247115673,129.21600867617607,0.2073025679345337,2.003091583600924,0.5983040621404888,2.601395645741413,0.9494185851734239,-0.355161532576021
128.89514569617495,184.0128842764269,55.11773858025194,34.66629550740652,19.000642435370054,48.83730108996172,67.83794352533178,99.22051330102363,99.2200235668996,0.5322819089482828,0.8901899389965546,0.3240264144998851,1.2142163534964396,0.8587122860431036,48.65073595278856
107.78344286968237,157.50003302284637,49.71659015316399,45.50208911295273,18.12590500095003,24.655026485383324,42.78093148633336,105.55155457285062,105.55114568135534,0.1279385626503123,2.580929974987973,1.5912589331548288,4.172188908142802,0.9124435188605176,25.683768210093035
124.35872775546146,171.04544419770713,46.68671644224567,59.451273875898906,24.017095692013914,35.355598254670795,59.372693946684706,101.88784673087842,101.88740281389853,0.19643166994896538,2.332829260244491,0.5992154068649478,2.932044667109439,0.9335621322030022,56.47565924931175
105.42081458923376,137.61504012724325,32.19422553800949,56.32022486493422,24.691247317398364,52.74085120785535,77.4320985252537,197.30420873242335,197.3037402454054,0.38730873201363675,2.0245191938377456,1.5547363720067482,3.579255565844494,0.8978433609382243,-31.715199462391436
116.87645940511582,149.21903539149983,32.342575986384006,43.233529302852084,21.592373369402058,35.44651374757898,57.038887116981044,134.41041172801656,134.4098118301357,0.49993238535241497,2.493170174286951,0.678119618170493,3.1712897924574444,0.9043346233447583,-4.943130673085857
117.38059175311038,148.61794222696565,31.237350473855273,61.40862529195629,23.782677380265,55.71805799940231,79.5007353796673,107.87055541277574,107.87009487446625,0.5390547666936342,2.112852412915459,0.7982827564651531,2.911135169380612,0.8974073781685924,54.58608378060207
116.58757361686423,178.47277920427314,61.885205587408905,46.53026355737668,18.225368005551147,43.52888160288565,61.754249608436794,102.2331910986239,102.23278581945415,0.21594342335823635,3.216085152696651,0.6160756947087949,3.832160847405446,0.9316246200889081,59.52040573109695
101.23402934330281,146.34958589386974,45.115556550566936,41.79583817838486,18.59487845280532,27.08174926705641,45.67662771986173,79.16358264286698,79.16308005855147,0.24184740373655253,2.9627392501185943,0.9783498699889331,3.9410891201075273,0.8734623949079237,43.01104037415146
128.8357904459899,181.13389777270368,52.29810732671379,45.710262056225844,23.720309728402416,37.51144025845873,61.231749986861146,112.38931113981414,112.38889441873715,0.26670372055554453,2.1048455572852127,0.4041852227679215,2.509030780053134,0.8471684417790911,37.33936456556112
117.73092765193391,156.88662850290814,39.15570085097423,39.97727311968253,15.534024633512443,45.79048295908763,61.32450759260008,141.78944280832903,141.78898799480928,0.1294777266111714,1.7092338584247333,1.6485172417359883,3.357751100160722,0.8984553005303935,-4.329418234694193
139.0584755314481,176.07083866591842,37.01236313447032,60.82235887544519,23.40109614995444,26.307160480928264,49.7082566308827,110.86860447265246,110.86800599601725,0.4147102801111019,1.6444051593372113,2.194280992393992,3.838686151731203,0.9438446204762985,30.600930295944462
134.4980104519344,176.38978293784282,41.89177248590843,44.811979375383864,22.683842328495313,35.70680140709295,58.390643735588256,76.49997907272012,76.49943814501634,0.2356598965506271,2.691471756919851,0.4235115746135602,3.1149833315334114,0.9552579082766398,62.32514713235204
110.95728030460772,161.51093986019313,50.55365955558541,53.734619862867014,19.992323338652323,46.33550050557941,66.32782384423173,132.7109717128064,132.71056157948055,0.19033303554115694,1.670830944928274,1.841229112695566,3.51206005762384,0.8663546379559198,29.632056413675404
139.92914599710568,198.201072316966,58.27192631986031,44.109489921957945,15.742741629913903,29.679599802610515,45.42234143252442,124.12518564974303,124.12469591239932,0.28583711516220034,3.0734091350266004,0.8814834236373279,3.9548925586639285,0.934964645099617,18.174153262095025
105.4222504042534,139.5639564843547,34.14170608010129,59.47955302180167,28.28926324323405,35.363040505692915,63.65230374892697,95.06254939192479,95.06211506442226,0.4144714893376834,4.266708408075152,0.46819756624097286,4.734905974316125,0.8885686433737923,50.70356641478933
159.16637859458797,224.0317305920694,64.86535199748144,52.37788002509499,16.605949782936047,46.06987851866876,62.67582830160481,121.72543379208203,121.72500920315075,0.5093092086820408,1.5556093354964082,0.924295740083171,2.479905075579579,0.8183091256727566,45.17462176480351
120.60713639463366,149.30434543460038,28.697209039966722,46.32070563753095,16.342940612118092,46.51840567592367,62.86134628804176,98.07329505180242,98.07277763871974,0.1994618387272413,2.701456212752256,1.7305347981674175,4.431991010919674,0.8543103625288261,30.05039303891598
136.66150883179174,194.19309002674336,57.53158119495163,37.91631799609967,16.927815657893444,39.75803429911573,56.68584995700917,202.52617879276227,202.52567766158433,0.19530026450138968,1.724295856467979,1.1841643350407267,2.9084601915087056,0.8711434132913191,-46.60241708529057
109.09439735262065,139.19997335471916,30.105576002098516,59.122656977657684,29.159285993512327,53.055380203235515,82.21466619674784,140.2059769786514,140.20542840533452,0.4418854828225468,2.980470878857575,0.9734146460325838,3.953885524890159,0.9151504912592464,24.56419472476072
120.77650643648897,154.7249423059125,33.94843586942352,48.72776785306188,20.540851878403,54.464714641431065,75.00556651983406,103.14116449159755,103.1405860303519,0.3708742191539628,1.6075635447675187,1.4940055418952258,3.1015690866627446,0.8843376065628518,45.16200810312385
121.42441605629097,176.7013313694718,55.27691531318084,41.11742133122471,16.22509201190198,39.00463888047846,55.229730892380445,181.03030117443356,181.0298518380621,0.2652748193398851,2.4459090169259428,1.1827817263017413,3.628690743227684,0.8777910068830774,-29.230220961937956
136.56407593509908,166.10167373555814,29.537597800459054,58.27942737186466,25.166010491646304,28.41775964678134,53.583770138427646,131.99360846531093,131.9930238669136,0.17377515650355538,1.8859124813715291,1.64244481278029,3.528357294151819,0.880128664967501,5.021696429856129
134.62743138613587,177.06411091804614,42.43667953191027,34.650875849366614,16.643580012474388,53.13964277088438,69.78322278335877,110.35701779259149,110.35651419423698,0.5943931251588831,2.322062816390946,0.9888679155152058,3.3109307319061516,0.9461302212080477,30.852303722788335
128.35560803673187,171.80436410273293,43.44875606600107,42.88286345897316,21.814638043229518,31.637111638212147,53.45174968144167,108.01226636338536,108.01181459640173,0.4581994264096833,1.9458293514660507,1.532832231706083,3.4786615831721335,0.8769045160741507,24.408368521759385
115.97445489754256,150.99036780446858,35.01591290692602,49.373304114564256,24.788621627653953,53.31836280111071,78.10698442876466,187.06344615533672,187.0628769981691,0.21592303334864238,2.6687101572903904,1.3289570987232904,3.997667256013681,0.9410015739960845,-27.082275452902895
125.0440556238698,180.43461658519882,55.39056096132903,42.68450039726999,19.217380847760342,41.46487665988107,60.68225750764141,133.501858705233,133.50145159924938,0.16018429507529877,2.951268772724767,0.4826549084231291,3.4339236811478964,0.904927071561538,19.6023123998655
125.65139525710916,182.37535816979226,56.723962912683106,46.478858979719064,25.035462797113187,36.47938692977581,61.514849726889,93.58259290429216,93.58208100241666,0.1823443872076839,2.8069386429206116,1.3019501232217623,4.108888766142374,0.9217647928379716,61.61477530975295
122.06638215444607,179.89783895417625,57.83145679973018,41.99392204360206,20.608735581602748,42.45715051085869,63.06588609246144,79.37302765516006,79.37248333085306,0.1927939202542352,2.0505148300401363,0.7792567823483854,2.8297716123885217,0.8576466067718641,69.03730657238106
99.91162479738401,137.19898315450084,37.28735835711683,36.26341432163504,12.599982571720718,40.5151587920505,53.115141363771215,91.38183770033591,91.38138170479847,0.13791610889093844,1.6086765745158778,1.177469478098062,2.7861460526139394,0.906794773405608,29.34430522074411
144.06381508309713,189.83598501920724,45.77216993611012,34.52275295431406,17.842854340169342,57.65937613091721,75.50223047108655,91.56432408611543,91.56375138773193,0.22296651344547153,1.589058320805663,0.8498824833370252,2.438940804142688,0.9412451781025344,57.95387245370539
139.06588885214677,172.03768256601674,32.97179371386997,38.07617433188025,19.59845636044594,28.54605393236738,48.14451029281332,109.92858679724253,109.92813874032986,0.1684236860444453,1.532438508654234,0.5368918681263203,2.069330376780554,0.9019140263514004,6.337376051742963
113.30717645721761,149.47937496628063,36.17219850906302,61.568343144056,23.587655345834765,52.007201089795736,75.5948564356305,177.1819621239393,177.18139414908273,0.29987534669945315,4.243284289282534,0.7628434828459886,5.006127772128522,0.9634773317204489,-8.817743749045968
136.78669429576058,170.0694177261011,33.282723430340525,51.465753616952135,17.314970069195237,25.512843321470854,42.827813390666094,113.58761196467904,113.58719625568628,0.3399677943817066,1.8110480181078166,1.3454784759400165,3.1565264940478333,0.868562372327348,9.113477455677893
102.98576051966837,161.77937099095908,58.793610471290705,48.08783840147327,21.569113474023883,49.05804194457488,70.62715541859876,76.96378803000884,76.96335604449047,0.3074223712809007,2.077441753318673,1.9331826969524042,4.010624450271077,0.91128797680847,87.69069170082123
137.02346872852905,196.804720802669,59.78125207413996,45.99064052828469,18.38504880580468,56.14028390679178,74.52533271259645,136.49359898334882,136.49312278643202,0.4069418523756125,2.732910976141758,1.187086040542191,3.919997016683949,0.9604714509826523,37.91668866074795
106.98663091170862,157.72825053281892,50.7416196211103,55.40103274210297,26.74161342278113,34.235898335708555,60.97751175848968,88.36926044049542,88.36868962939286,0.1914082269339961,2.2401905516634937,1.3144671612817265,3.55465771294522,0.8797986064553273,65.98965392104115
140.55539096923792,187.50099884588417,46.94560787664625,36.8711607676548,16.652853151939045,24.612226878896166,41.26508003083521,105.88713329227275,105.88670437519973,0.4739906733556836,2.4927981342241283,0.43073645930659954,2.9235345935307278,0.9084974095841475,14.352095969123257
145.08875898456003,191.25617973659456,46.16742075203453,40.8130219825225,13.314085428790657,55.07947844540411,68.39356387419477,94.4746735454762,94.47409845782823,0.5236283976202966,1.476174593927446,0.7278755226910187,2.2040501166184647,0.8745188355606267,50.87271052383899
144.15325384800275,190.88910289882426,46.735849050821514,52.08017518409635,20.03137967913559,50.843527574274574,70.87490725341016,90.27491218499298,90.27446623868767,0.46068331837743554,1.338066037864485,1.6958153724028942,3.0338814102673792,0.9551020127892824,72.51316000239052
104.17199514668977,148.73038371511416,44.55838856842439,47.10012264598382,23.65177760804208,34.72445390027971,58.376231508321794,139.63095298161318,139.63046247993347,0.20250268774800745,2.5630439877151248,1.0363857003268384,3.599429688041963,0.8744904800121354,5.7736903554256775
141.34255640917502,181.36914434604978,40.02658793687476,56.12196130205677,18.27469280888369,40.28931709128613,58.56400990016982,128.5036037539833,128.50313320710245,0.21914921725561134,2.7002333836303456,1.9699502042504422,4.670183587880787,0.8848687180509781,18.865483473894297
109.75413974802859,139.2129964117485,29.4588566637199,58.64103457516289,29.40427372382792,51.55623646235546,80.96051018618337,129.0415078069109,129.04108418166555,0.3473283114979724,4.092747642429663,1.0488684894671505,5.141616131896814,0.8719234681470074,30.10784240819018
97.42163883473482,125.82542628990834,28.403787455173514,56.48445913503195,22.33878255396614,30.33121874708536,52.6700013010515,140.76513542279045,140.76454656084255,0.1822693095866373,2.5411263189249094,0.34440567606200234,2.885531994986912,0.8673323243175466,-5.441729713588121
122.50577243714193,180.67145109399524,58.165678656853316,38.51275995419993,16.086815988241373,45.77797251038223,61.8647884986236,149.9177468592405,149.91725922358236,0.14493325338695334,1.1808572928079255,0.8311438570107098,2.0120011498186354,0.9211190438501089,5.95874993639296
111.67660606899727,152.23028223569275,40.55367616669548,36.483917806221335,15.209987089929072,39.15916145273505,54.36914854266412,158.49197460089496,158.4914365346427,0.14500955912437022,1.433848687201296,1.0315063703442366,2.4653550575455325,0.9093176627369131,-27.00224131347909
148.74944914735843,212.61087168395966,63.861422536601225,38.82756892599527,14.47756862118411,30.465702809396916,44.94327143058103,159.3035034967971,159.30298844326177,0.34781341296832746,1.6410237796277503,0.9221967734570071,2.5632205530847574,0.8564419446800763,-12.48843047685785
131.05976548874537,160.12537075511088,29.06560526636551,58.02147974143,25.592541609102998,45.37972769923017,70.97226930833317,101.64967160962625,101.64917126644288,0.42949242931439613,2.92114472897489,0.966662100486899,3.8878068294617893,0.857834986720202,44.68709827499199
111.21038308435367,155.1176649685013,43.90728188414762,59.00739044531582,29.724696525835977,33.46801461134119,63.19271113717717,85.00052450422437,85.00000118869966,0.18396934664318138,2.2300684643612065,2.3662373255863365,4.596305789947543,0.9231616804159197,70.46226048989483
159.2280633295562,194.61136492845307,35.38330159889688,60.06813346894739,20.732665838598898,51.18991912815701,71.9225849667559,104.51616792191577,104.51558825345452,0.5024672319913711,3.041317094322866,1.4177720791594017,4.459089173482267,0.8749184741787741,50.65504586340159
114.73008621759892,149.26136660922833,34.53128039162941,43.373684788921196,17.70472441203557,41.25832632557233,58.9630507376079,201.40163680671296,201.40109694423782,0.47022092759899653,2.840735497882906,1.420620822844868,4.261356320727774,0.957336985859623,-66.30961917901672
130.6211283730458,157.74518148316196,27.124053110116165,58.684721816700815,27.69942170132958,38.52273849700124,66.22216019833083,72.97671675458557,72.97621025856968,0.15595594608502814,2.5647169287654688,1.77231395493064,4.337030883696109,0.9107505444691023,67.90714351357542
118.19501528440367,149.03961207577294,30.84459679136927,49.382895499151175,24.3561280667685,40.45902385378553,64.81515192055403,149.67881939219387,149.67829035500174,0.3070047452035882,2.7070286674756887,1.116859438028683,3.8238881055043716,0.8984416736077503,-7.8762239660876725
157.10677909268654,220.66755374406043,63.56077465137389,57.61959164151705,24.071940555716075,36.30563719992698,60.37757775564305,97.03236311598998,97.03184183713388,0.11780508700385962,2.005862281464756,1.667316476746107,3.673178758210863,0.8641533950388126,69.76752663499948
111.47662972992283,149.6255075069324,38.14887777700956,48.12562935497812,23.72357863355159,46.929704508822674,70.65328314237426,163.67518468124626,163.67469805700478,0.5565694547063055,3.0811660719917278,1.1796680426603525,4.260834114652081,0.9097865639629075,-10.521055089534437
103.93861204896713,152.49293565369314,48.55432360472601,38.61934953103179,12.4409033120685,46.03267165686428,58.47357496893278,87.89579776962458,87.89527281682255,0.3752173418418275,1.3886786255818078,0.8197048006101266,2.2083834261919346,0.9016071821266269,49.74020269333416
126.30743983597917,170.3141226264559,44.006682790476745,36.01683107298125,11.810404240789861,48.219671117281074,60.03007535807093,151.39342256397265,151.3929338500126,0.3417768944413449,1.8474425591774721,0.8876983716194334,2.7351409307969057,0.8563197131504678,-12.344929729073042
153.9877651106409,195.13914699805966,41.15138188741875,61.68428312590083,29.87309417422288,36.1579992336016,66.03109340782449,87.50135487416686,87.5008033512913,0.41959605364419317,2.3528130345605223,0.6999003813045186,3.052713415865041,0.9149949340954647,71.27229112254183
139.8319926086812,183.30530716209836,43.47331455341717,45.982116845974545,22.198055185800456,31.627182213595376,53.82523739939583,73.50773027562037,73.50713649312367,0.25084344991294083,1.2460856797532234,1.77861097930821,3.0246966590614335,0.8963761562959165,59.60721464666438
142.46091573604616,175.6734194751958,33.21250373914964,43.36835348333221,22.078423683542482,28.160324775748524,50.238748459291,144.32101287461336,144.32042090154187,0.5609667268587905,1.7136925822853069,0.8514890368021074,2.565181619087414,0.9168188933266072,-18.91118990900727
135.26827992273135,193.3377190068836,58.069439084152236,43.15629469807839,15.934225441098851,48.015266321089285,63.94949176218814,100.07043198217649,100.0698678350192,0.5383011236926694,1.4944272663436595,0.4920549934522854,1.9864822597959448,0.8884937001868267,55.602446042645354
155.38772423931272,215.1887416340083,59.80101739469558,45.21480613125927,19.484796394267978,35.24406189779452,54.7288582920625,122.23803615749651,122.2375158057171,0.38054626026483906,2.9671028501739753,1.6068675926190241,4.573970442793,0.9159583250291539,29.81687013655512
121.24777658240245,172.0396382363861,50.79186165398366,61.08584419998671,28.86044246297395,39.09543306913783,67.95587553211178,164.96093921464907,164.96038934825145,0.2721009562107007,2.239488458601238,0.8354596820236598,3.074948140624898,0.9352515341546525,10.779842868451466
109.67444576983854,149.97532135667353,40.30087558683499,34.21306732156263,13.566614284448741,38.49528476019969,52.06189904464843,107.28579951296453,107.28536390330548,0.10906411856152844,2.488511427008972,1.545642014906635,4.034153441915607,0.9402759602700106,14.242604902002169
130.72350779464315,159.6974824103969,28.973974615753747,36.66340426229429,16.20737063131232,37.15734416721555,53.36471479852787,108.97057105378235,108.97007525009089,0.11962831809293385,1.7531632565811373,0.6103030918586285,2.3634663484397658,0.8834417871828542,6.669034697799392
140.4184314907954,203.17267698098482,62.75424549018942,58.03626804911982,26.754243263862616,47.858912031235135,74.61315529509776,130.81561251139175,130.81516105043875,0.1624212317961633,1.9508500075636568,1.0788309282720305,3.029680935835687,0.9452571430275589,58.03539096505933
115.96821479882644,152.921462978724,36.95324817989757,49.08785924647849,17.833411197710205,48.765516445883996,66.59892764359421,103.82053250781165,103.82013180881543,0.31556667584328396,2.1117487106013275,0.43503734760704016,2.546786058208368,0.8570934528493919,39.38991566577526
107.23351022459865,134.7611332613821,27.527623036783453,36.9718980612419,15.818666759870304,53.91288693583756,69.73155369570787,74.5452449205776,74.54465157306267,0.4357779782557504,1.2164742161820181,0.30070928746568537,1.5171835036477035,0.8794345858921155,50.77280301635095
144.42173717353288,184.2596381102845,39.83790093675162,34.694332261405165,12.068135998074025,30.565250059477545,42.63338605755157,104.36894711614612,104.36837434643374,0.5130378214886316,2.1982356764378133,0.2868246630256331,2.4850603394634465,0.9291487781050876,9.104865227676322
106.60097408710332,158.17968569659732,51.57871160949399,40.73545063196076,20.434949112291882,43.68650962601343,64.12145873830531,92.48922135635753,92.48871861663383,0.19003244738572936,1.1865765979688814,0.2417738048927298,1.4283504028616112,0.9081801968337958,56.605527119565444
154.2099571080952,204.97765693675754,50.76769982866233,41.48000554139165,16.010675502443195,25.666072903586755,41.67674840602995,122.47649111814141,122.47604028768379,0.21531072163188683,2.699167502978929,0.6715295741743526,3.3706970771532814,0.8755058273349201,6.883581998129147
112.89020672573729,166.4123518972566,53.52214517151931,34.58078936488563,11.395734817506968,51.63508372834797,63.03081854585494,129.87053059687597,129.86999200183394,0.1210934318045129,0.8843300667402723,0.45888149983062465,1.343211566570897,0.9199384939666222,18.21428180947985
104.8290449638189,158.88181296782363,54.05276800400473,38.76690983632932,12.619265967934515,44.64816659158163,57.267432559516145,134.018707400416,134.0182204401991,0.5450339310200458,1.5212754821829413,0.7656740826832109,2.286949564866152,0.909405069795207,12.03770984655275
142.08654384609918,175.14754791988648,33.0610040737873,56.48073546838918,18.036104181388513,37.20288972200569,55.2389939033942,143.00987204651682,143.00931137661013,0.45577460505619277,1.6852354286718894,0.7439997848513479,2.429235213523237,0.9451655976909694,-1.0525248309498598
113.80006501565175,176.81232592357065,63.0122609079189,59.92072650125297,21.125866497922086,50.9232280646625,72.04909456258459,71.60395932144289,71.60335941782085,0.2867698025838222,3.3159073842784106,0.47486006426181315,3.790767448540224,0.8859261501774006,105.69203980692053
110.15877680892781,152.00828147784674,41.849504668918925,59.75383864447349,28.414653627405198,39.111926502822776,67.52658013022797,167.06993594579686,167.06946612927536,0.2991673579005144,2.8927398796342976,0.5927491162669167,3.485488995901214,0.8903498634455356,-1.5351403793331955
128.1700076048747,176.44545767905214,48.27545007417743,45.17140491086801,15.202442119348525,32.78902377423381,47.99146589358234,93.22815614217436,93.22770726156566,0.38455066989397957,3.088649492626161,0.5557825449929977,3.6444320376191586,0.9253097312818984,40.88169302451077
139.06786721826853,163.34824381352234,24.280376595253813,41.98134388259616,16.394356431182707,38.96473490799451,55.35909133917722,86.25016868203909,86.24971520554134,0.22728228962759792,1.7732272516128877,0.5941117190739325,2.36733897068682,0.8887714044244447,29.130794029943825
114.5366777126612,179.43641121561964,64.89973350295844,62.44720696728542,22.139276484088043,27.467314105002828,49.60659058909087,123.99198845644592,123.99156978719678,0.16724772464252097,1.6221419358138591,0.846113501616781,2.4682554374306402,0.8836724516255049,44.47210461974922
121.49543875773014,158.88773367071778,37.39229491298764,54.862900181009984,23.295624311858436,49.440880266999265,72.7365045788577,110.42864888164807,110.42817007240878,0.23403990296247482,3.3775579947352075,1.0062486524471574,4.3838066471823645,0.8877339222833139,44.33847711536358
140.08225491991962,167.65633768008868,27.574082760169063,47.64613857005765,17.072741855786397,43.92718487971091,60.999926735497304,95.24536282172123,95.24495933671069,0.21446891114478137,2.5393017281031725,1.9711111098297882,4.510412837932961,0.8787581107432674,31.855251275551655
154.64567521191066,198.54545196880812,43.89977675689747,42.10796746624551,18.033428661298828,47.28378760899209,65.31721627029091,134.58834372770974,134.58792084859826,0.3029188354719814,2.59736612071851,0.6943433068256465,3.2917094275441565,0.8934225831770359,11.74172712592044
119.65247283028967,148.2385637164104,28.58609088612073,42.160937116183746,20.161763416727847,53.47916190043444,73.64092531716229,71.45176518583482,71.45131084668536,0.2137910329717928,1.898424437986038,0.5635615645672222,2.4619860025532603,0.9520904510164842,66.8946990629659
113.29110535551186,145.73121017271453,32.440104817202666,48.77160527080802,22.0922773479614,47.86398804116337,69.95626538912477,149.39614528750482,149.39571331494963,0.4648076683492837,2.874450057307715,1.3042430014867783,4.178693058794494,0.9048078696707241,-2.5979192492760577
102.17060248975895,151.51181274223708,49.341210252478135,48.64618154155563,17.30528133554951,36.99384858916885,54.29912992471836,139.34007198350648,139.33952555168656,0.3443209758846087,1.5829876901444728,1.0587685042117982,2.641756194356271,0.8909464092561069,8.874645013111882
113.69569606117868,154.1949230698042,40.49922700862551,33.540835194993186,17.651259917089636,27.571338457510205,45.22259837459984,119.3053552822323,119.30493416127412,0.2995859529172926,2.4279585741824152,0.31504332855471295,2.743001902737128,0.9198545450492613,-2.837623815244593
102.01823294537024,159.02279731015844,57.004564364788195,61.07318386048363,27.778349489769873,35.95807115056275,63.736420640332625,63.54492143356162,63.54434823474062,0.5474403458578333,1.982650910975786,2.12244681439622,4.105097725372006,0.8903962784751599,101.16440556155878
131.37647930441807,167.6770746432803,36.30059533886222,49.72446716890161,16.9423148805749,54.86171853579528,71.80403341637019,81.33077467864115,81.33033045574041,0.2383907101927839,3.1992991728716484,1.302281360757154,4.501580533628802,0.9146829859836964,65.63654817192118
106.60503872724672,159.07076690787423,52.46572818062751,51.08370093469319,21.638265028359932,56.3664574611116,78.00472248947153,118.38110423150378,118.38068251338039,0.3865171880843182,1.727535419566954,2.068542631952438,3.796078051519392,0.8815445570237864,52.00308375813825
117.42884822707035,157.05911007776717,39.630261850696826,40.75347063604827,18.34345728363991,51.091083434901236,69.43454071854114,123.59681880329207,123.59641678196319,0.09894507913322811,2.4317115599213044,1.5831730269700892,4.014884586891394,0.9013868516514365,19.927884634986945
133.94411804294225,183.3660398870425,49.42192184410024,55.53402236063965,21.641927809226463,29.968211630164586,51.61013943939105,95.98067230139921,95.98012926039834,0.3621501438810238,3.6358807718374733,1.5764437979508772,5.2123245697883505,0.9464806965908652,52.06730359861566
130.26895210361778,178.19950027113086,47.93054816751308,56.61828719911581,22.742638181297405,33.00422417656173,55.74686235785913,142.86514307512252,142.86469175177334,0.2858111473343746,3.6235533458133897,1.3652725380328368,4.988825883846227,0.8910845281815745,10.832352282668058
114.47695580406554,158.920030146964,44.443074342898456,36.583257387625515,17.32909793832959,51.82020403218521,69.1493019705148,149.11844908435083,149.1179471846298,0.21854164213657856,1.6911358610917446,0.7248188454783937,2.4159547065701386,0.8934821099828902,-1.4088513760031767
137.04342785896708,196.31212240833835,59.268694549371276,51.15870380349056,16.650223162512045,26.555405104206965,43.20562826671901,141.41154155490037,141.41111923169103,0.10936448925161486,2.259794645627557,1.7604265181245,4.020221163752057,0.9230263656802125,7.4694263208669485
140.62371745543882,179.8085401685387,39.18482271309989,51.78840631713111,29.46626184510114,40.223855842471835,69.69011768757298,105.11157632606894,105.1109792668843,0.439936062763188,3.3631159794091094,1.2181214439861114,4.581237423395221,0.9258355302312388,46.78357475758233
138.042307448997,169.9497571494878,31.907449700490787,56.25232604747407,21.669850985212825,36.13032635168758,57.800177336900404,101.98450910557465,101.98408402862682,0.3309291631570666,2.9899643320117613,1.0934419879296193,4.08340631994138,0.9048898546122272,35.7988303632354
109.6822525218123,161.5482121539456,51.8659596321333,40.32004108064176,13.191382959766592,33.69125075962008,46.882633719386675,106.87671382005149,106.87623143486617,0.41363174044723894,2.1175623001140655,0.26893826197283643,2.386500562086902,0.9033341020069074,26.551040453996247
109.31813658388126,167.70453555738226,58.386398973501,59.355332606877894,18.931310130772285,46.05860628027759,64.98991641104988,177.33631806527782,177.33574773537737,0.28748965277853866,2.0821047596347206,1.3634222641830478,3.4455270238177684,0.943090115221593,1.5682490665483901
148.7706301584502,175.72279284809773,26.952162689647537,46.65735538286083,19.64977964875039,49.87233146464066,69.52211111339105,86.4146042864083,86.41415530901861,0.3911458191630101,2.1251381968091994,1.0521764617594247,3.177314658568624,0.8873556606693186,47.162077898724476
126.31279632755384,170.3990346021199,44.08623827456607,36.95359063797525,19.270531125536287,44.93441811023475,64.20494923577104,84.97002064935684,84.96956725499977,0.33098527583296844,1.5086095157753234,1.4017809555456573,2.910390471320981,0.9500438461164178,54.184644101026294
125.95034007874253,189.96667346074477,64.01633338200224,36.06884109920068,17.84711414637657,39.04638752747625,56.89350167385282,169.4284637769349,169.42790207703172,0.2124269791943008,2.036830255674226,0.5120335588808187,2.5488638145550446,0.8376540305767247,-12.741150634081952
127.88054328502328,182.48568182128184,54.605138536258565,39.90320686219023,21.48812220578911,38.72575209982264,60.21387430561175,115.69336942657849,115.69291475864705,0.28004249562300493,1.3072477406060856,1.5264240411593284,2.833671781765414,0.9348603125707355,33.5760603180725
133.17007013961515,195.3744523204746,62.204382180859454,41.23192051837204,19.095387881137714,51.435080992123076,70.53046887326079,120.83485619192004,120.83445561765782,0.27943622219738484,1.8077458781752545,0.3533916077215743,2.1611374858968286,0.8504529325964223,43.1109408521622
154.0878321667552,200.95174069019578,46.863908523440585,49.206260982885624,20.092976187721455,40.907914474923146,61.0008906626446,99.50656414913314,99.50607856638904,0.48942212619941583,3.095297086243835,1.4379682793258357,4.533265365569671,0.9197539823109089,48.32598424817098
118.47146988615148,170.02608176582604,51.55461187967455,54.50015910329361,23.030487640836103,41.635814531939666,64.66630217277577,104.125864775336,104.12546226829406,0.2562645254709099,2.7712515190741693,1.0897570862494639,3.861008605323633,0.8955550695395115,55.95279211437455
138.6113311887954,173.05615357811868,34.44482238932329,37.98712719661454,12.987930034103918,44.768047962372314,57.75597799647623,110.40708956715244,110.40650760869568,0.24814205773837056,2.5986189630143786,0.561592572936285,3.1602115359506637,0.8911785002347208,14.591324740798084
101.82009596696388,162.62678667317985,60.806690706215974,63.22362799079809,33.356833923863356,32.1897630762324,65.54659700009576,142.21270160908023,142.21217324643538,0.5795464541370788,2.19004646479995,1.4729265088850767,3.6629729736850267,0.8910324507672243,38.42330006258293
128.3479515664051,167.26668342150953,38.918731855104426,37.32795929961895,16.999723632765622,26.450498938784055,43.45022257154967,147.51281318418557,147.51229658133232,0.4484739753759993,1.716386342203832,0.5699852024049767,2.2863715446088086,0.8812139722090014,-26.92128809826474
139.82971923456685,195.7605874499553,55.93086821538844,52.388847258540785,20.322183633291505,49.329544000275874,69.65172763356738,80.60443604753442,80.60399572963225,0.21162678599681142,2.4401443769410958,0.5692622286653746,3.00940660560647,0.9057933845037006,85.27719896350196
105.2955334038472,145.38498715634063,40.08945375249343,61.174629767952055,25.072628181874258,40.981419151016986,66.05404733289124,97.98981020013673,97.98927021089965,0.5345122622306623,2.612110723514242,2.2326312745030643,4.844741998017306,0.8931904746960931,57.1191792811358
105.31032355508438,150.55742755288577,45.24710399780139,56.77794246484406,28.031519816167787,28.615940962001137,56.64746077816892,106.85614188583116,106.85560643490243,0.17439444535051402,3.2757292559618367,0.7334076623627619,4.009136918324598,0.8543859313629855,40.69728071486267
129.50015115191633,185.18328568911625,55.68313453719992,51.39856437385898,20.357708872503952,32.4239595734731,52.78166844597705,79.54776062977359,79.54734853705881,0.403394627614958,1.626369683720469,1.9297034729855311,3.556073156706,0.9589636356575282,73.22315578742244
153.11872216821206,198.5922565991569,45.47353443094485,55.79294331252346,25.580209339713395,54.846869152310745,80.42707849202414,156.25936012114036,156.2587839518342,0.1851650778502227,2.652164000406395,1.6409892029460413,4.293153203352436,0.8987134008865267,18.833846047068928
125.57390401668441,182.61880542259917,57.04490140591476,37.59575164949813,18.552579909363782,43.81875828716225,62.371338196526025,178.70129733195355,178.70078144928098,0.2871420600156914,1.1420533418263827,0.2393472086719009,1.3814005504982836,0.8953154947827058,-20.912181979669953
141.14238855143634,180.36456475225103,39.22217620081469,34.53777791861798,16.98860648722613,40.20711077367001,57.19571726089614,99.2922760760146,99.2917175826384,0.496048367805262,1.8219920765162156,1.3415149164933309,3.1635069930095465,0.8779098152336097,24.585336257445835
133.32973623630375,180.16633807495325,46.8366018386495,44.976583259544874,14.637325523145714,25.343867061456862,39.981192584602574,129.04283246811255,129.04237988529812,0.1563204049158847,2.9369328671814183,1.590830931186005,4.527763798367423,0.8855446982440178,-1.7109488731917837
115.45472029042482,150.88408867393716,35.42936838351234,37.002878698801084,13.546224849311331,56.22556719805106,69.7717920473624,129.698811893962,129.69838748440205,0.5183910101215176,0.8971646829564373,1.2807129998229765,2.177877682779414,0.8993574502903651,8.822141640967825
136.53067071739423,176.01805202732004,39.48738130992581,43.93346417245439,18.759579031371775,55.50160253433304,74.26118156570482,109.69241526581082,109.69187477589618,0.28125800960237196,2.01038289358876,1.506794073186906,3.5171769667756663,0.9623763588810561,42.529063983843386
106.16789077077661,149.83443833303363,43.66654756225702,40.384506085259446,19.92345320308071,37.106631908364314,57.030085111445025,144.80092267755427,144.80036390101702,0.1362478450536406,1.8992801316421593,0.8830537493007601,2.7823338809429194,0.913023653307602,-6.060474676619216
108.12799130387569,138.60532003605633,30.477328732180638,59.727793024611266,30.361052613557177,33.27561405840452,63.6366666719617,138.13240146253557,138.13192425582884,0.5389185439961556,3.517853062009643,1.9529116558405164,5.470764717850159,0.9258210836529054,8.98063200272388
134.62058877435214,161.67761499602955,27.057026221677404,57.503120202506175,25.54361047157082,47.64239679128284,73.18600726285366,82.64058057014182,82.64017583168676,0.3313053544343746,1.6276519045978433,0.5628714329254944,2.1905233375233375,0.9320686533047875,67.65341016199731
143.4157611751553,194.6718765770516,51.256115401896295,59.02233400334724,20.31279044035541,52.80261267776092,73.11540311811633,167.593259037199,167.59269538639407,0.514923625211668,2.4884041852504244,0.41760092402075855,2.9060051092711827,0.9004527729985905,11.14781099537168
106.7917435086954,154.1926372824948,47.40089377379938,55.98895924086441,19.410068819674464,47.94659492975643,67.3566637494309,153.79020191738582,153.78976069860454,0.4218242109930223,3.341636763875464,1.4604835063352317,4.802120270210696,0.8837347996718834,10.368693895027313
137.2830115751323,191.35272839193127,54.06971681679897,37.59784831499815,17.689126746249087,55.75388636260493,73.44301310885402,110.04686486614467,110.04639705975629,0.09653417200718495,1.8740656036060932,0.622567064786768,2.496632668392861,0.9024060399021301,47.350160260653794
125.1488442246204,149.86837161137316,24.71952738675276,35.80792305639774,12.559213667797758,44.74495172997741,57.304165397775165,155.32323296180812,155.32270731560655,0.22846163770040367,2.0843864815506206,0.7588940698021776,2.843280551352798,0.9359702980365993,-37.965607513454195
149.4015782626247,188.24193081919955,38.84035255657486,51.43438933200534,22.11800991652507,35.87845110743601,57.996461023961075,92.48452911636763,92.48410912542379,0.28134985455575356,2.173367354576926,0.9781838955873421,3.151551250164268,0.8905423302713664,46.623624750858355
130.225376348756,162.64382021499063,32.41844386623464,51.05847767850744,25.571644283624106,39.2490372745699,64.82068155819401,128.8470558315965,128.84664143244328,0.2914795012160752,3.5490283078880074,0.7935203616787172,4.342548669566725,0.8400042260250539,12.446286756488595
126.44287986272532,183.25144929838484,56.80856943565952,43.02697531541305,17.822329082317296,50.06082833944089,67.88315742175818,105.16879349026053,105.16838834950622,0.14925588205861512,1.2223519158550133,1.394314390804175,2.616666306659188,0.8721510362848193,52.141019117779756
118.89111301012619,176.21815083588615,57.32703782575996,46.91418519376818,20.1646936724391,33.10964405402089,53.27433772645999,196.83531964562962,196.8347363176576,0.25957057027311703,1.3370727944965028,0.6494394385045394,1.9865122330010423,0.834180484195065,-34.67292735690345
129.71340691020436,166.35231267708215,36.6389057668778,46.37064001880122,15.606247082304153,30.284214872710912,45.89046195501506,87.38947477013376,87.3890124935849,0.38541469930399547,2.349893999531191,0.7095189810072965,3.0594129805384873,0.8621296961211838,32.81797347726571
132.75079131190924,182.8312870788369,50.08049576692767,40.16370246953852,14.58329968265268,46.73964476064196,61.32294444329464,105.47212687010634,105.47159473834331,0.17824920435207503,1.8794172931119042,1.217097060667567,3.0965143537794715,0.9214353573844029,39.456584761693556
151.84686207229885,183.48655059063807,31.639688518339227,41.630448638381544,20.359605341987905,39.629351276111,59.98895661809891,114.73026291282395,114.72966506577414,0.3742916244964367,2.322283924162479,1.1218004449915189,3.444084369153998,0.9272720638185737,13.64114821234826
124.46598474821333,160.31120355134826,35.84521880313493,46.315593093883706,19.151736965944174,47.33857664396306,66.49031360990723,124.18211856076037,124.18158467060167,0.31482394465741576,1.5935310757362782,1.7396825440657717,3.33321361980205,0.8681121713535329,18.075400416183186
117.61131150102207,149.1958608886756,31.58454938765354,52.12910446951373,18.822413459350525,30.721532962810144,49.54394642216067,81.95492770195466,81.95442268299549,0.126530893281546,1.7747403218987226,0.6396385133924195,2.414378835291142,0.870656418668384,42.45518150789213
118.94703540227061,156.839169099567,37.89213369729637,62.093319424032195,22.024052493551334,35.170584326811976,57.194636820363314,66.53057417448373,66.53006999049703,0.17855860044628974,3.670067389843639,2.287915894664709,5.957983284508348,0.8282049687412422,69.99448246006413
151.74004432355514,207.33107955410028,55.591035230545145,48.23255093007416,17.69943937134921,31.304947379999735,49.004386751348946,141.98010031988684,141.97962493645716,0.150182324663408,1.8637190460325854,1.5596786187501612,3.4233976647827467,0.8849323474692,6.437677511202215
137.11503637569882,194.701840919302,57.586804543603165,55.71998540818396,25.878191009606738,44.01547371096771,69.89366472057445,188.31508981277977,188.31456985684858,0.39952420997936144,3.2199587687775093,1.7514054035207884,4.971364172298298,0.9536831340676574,-9.999371062262705
104.37008287491382,136.6877998124317,32.317716937517886,56.1119325490271,27.378787122293698,52.988939665512625,80.36772678780632,88.69526112282854,88.69466936455063,0.1588972569876451,3.1139036883846676,0.611532352767074,3.7254360411517418,0.8592300948556951,65.48912038809455
97.78510298629539,140.62392374779128,42.838820761495896,37.33824339225456,15.14827951005431,37.85875420978424,53.007033719838546,101.62910309576615,101.62854548695941,0.4382326169960301,1.0260207623224034,0.6791448911368198,1.7051656534592232,0.8757292453134368,25.757083527199843
125.50903645801732,175.11772415404658,49.608687696029264,52.738136243774555,23.475114244631634,39.46660624938255,62.941720494014184,130.516960130482,130.5164752851586,0.43731486935026814,3.0452335242220046,1.1744470949699133,4.219680619191918,0.938951137150893,28.27658265854996
111.32298153864562,174.2320124239132,62.90903088526758,47.11416006872999,17.594978829685495,27.885681025955975,45.48065985564147,131.02979935778427,131.02933286881847,0.15774390324966384,3.1383354105641215,1.0394295416572223,4.177764952221343,0.9405395480304491,18.941534502915783
151.87301546275725,203.3040870496787,51.43107158692146,48.83574187801816,22.620127330335524,48.428177031325575,71.0483043616611,143.41008717030394,143.409510463998,0.42916164366631826,3.1617986925371198,0.5712060689485339,3.7330047614856534,0.8903228591642874,21.139328239636
122.10568809803677,158.64167493991562,36.53598684187885,35.2549771135532,11.580939363394378,55.57841005781756,67.15934942121194,143.681353267478,143.68092611031287,0.5526280220337809,0.8415474644877252,0.8087674932821064,1.6503149577698317,0.8683154667631218,-6.020513665671963
106.64659908655804,154.77685764953728,48.130258562979236,61.578686197038905,32.317048994717055,53.21747537935705,85.5345243740741,79.1266107773417,79.1260408602903,0.12562589617698167,2.9826293943717586,1.4338800984380293,4.416509492809788,0.8995442202184405,100.36690983371516
150.64819702133286,188.85022444940643,38.20202742807356,61.9187753364601,19.873013302302134,29.031990086706404,48.90500338900854,95.28884472762996,95.2883937122777,0.5589792325797195,4.146586949573503,0.9039151775361526,5.050502127109655,0.9148323166293706,44.02898668593606
116.98294376413027,183.48707369370757,66.5041299295773,34.502441570414916,14.050794979049769,43.15508452117345,57.20587950022322,63.777002380669266,63.776459254822115,0.20918596318855,1.7633170292457054,0.9112162858894407,2.6745333151351462,0.9065361644687465,82.99544593069491
124.69193276847399,168.33868547867405,43.64675271020006,40.72604807506709,12.614472204227976,34.21311899309907,46.82759119732705,138.47936812442066,138.47880688030452,0.36182398300483426,1.4999663529736214,0.557260453123473,2.0572268060970944,0.869908105991187,-8.435904008529368
101.57003869096711,149.33502554287386,47.764986851906755,37.93991364674554,19.25920152007398,26.843990628402416,46.103192148476396,103.03779237205447,103.03729697275102,0.16954328196995372,1.2864854842164604,1.6052001999212204,2.8916856841376806,0.9171707219515245,23.580061858884903
107.10775813834685,133.29196066202354,26.18420252367669,57.08417919186304,20.591669545219183,29.412314574844455,50.003984120063635,60.1884171267214,60.18797866992617,0.3864144593909645,3.1920428473624227,1.5889315172552663,4.780974364617689,0.8413405472046149,57.14132454927433
107.32161679797967,149.76442422946292,42.442807431483246,50.420597031093585,26.144313715421227,28.12889164229742,54.273205357718645,106.56275083271431,106.56218187916562,0.41534980173851793,3.098442575327489,1.1180227763585995,4.216465351686089,0.8875842113403128,31.902095624685597
101.48003648588573,158.47554814039168,56.99551165450595,38.572011892775244,12.436691918199148,29.472976589515454,41.9096685077146,86.04027220182303,86.03979870015402,0.5888059401518729,2.6108339873797775,1.3183582968911305,3.9291922842709077,0.9465200658606104,44.410148968984174
108.33589263158841,156.01388670088494,47.67799406929653,55.97810932513652,28.043857448792846,50.13715789647107,78.18101534526392,95.3762494311001,95.375785295048,0.4844312783758487,3.851043992221377,1.741475116876825,5.592519109098202,0.9213246512267622,74.06011368423012
109.80883366926665,154.31074053618937,44.501906866922724,45.06479809867435,20.7007594048305,35.39391821530283,56.09467762013333,158.98388723298606,158.9833852297496,0.11808759157799006,1.7581784945627492,0.6729995082078164,2.4311780027705656,0.8628108350714898,-13.693902202389689
138.6406720370512,202.89722509937675,64.25655306232557,47.562416264322984,18.025702666383317,50.47999748730381,68.50570015368713,178.9405562969588,178.94006927971057,0.35721543245636905,2.478424074661333,1.0794975146043206,3.5579215892656535,0.9048065441927405,-2.2896462760491887
143.17127316127107,204.1018297493964,60.93055658812531,44.08339060305022,16.851417036971213,52.049442398167564,68.90085943513878,133.65179187233466,133.65125526189124,0.21392945371293573,1.2885919928487892,1.5383498028185225,2.8269417956673117,0.8756639419322056,32.59455879881993
125.22011815512528,164.02208694566093,38.80196879053565,48.267362639332994,18.6689630592789,45.303678575467906,63.97264163474681,90.75694463130614,90.75651719174446,0.15989641082918674,1.3850574902384485,0.3855761404470083,1.7706336306854569,0.8821860124675307,51.47989932700274
113.8337740784009,158.43153381118606,44.597759732785164,47.22425110449762,24.65025432205718,38.288288797226556,62.938543119283736,84.79426804412306,84.79378090619225,0.14684760848965855,1.2984905668111535,1.4156410278059575,2.714131594617111,0.889087419633664,59.66291709413566
126.44537845224238,170.18200222181287,43.736623769570485,42.094005447011774,21.532921239259544,46.816562636847,68.34948387610655,128.98110796584388,128.98052962548164,0.5396527226218681,2.832050164995149,0.4881644908292405,3.3202146558243895,0.8357677084106527,17.83504561363764
148.948933108716,199.41307338915811,50.46414028044211,47.06346503782164,15.679964625163057,26.82317636144881,42.50314098661187,91.815859829118,91.81545261657611,0.4286011614409601,1.4316836578202812,1.2817692136257317,2.713452871446013,0.8928813198320759,40.24505371263219
143.86256346650987,181.7423258587381,37.87976239222823,59.30063487615313,23.513712056832535,37.494901905056885,61.008613961889424,94.11637673825682,94.11588527059018,0.11585151397728313,2.820918648689124,1.5835378475891584,4.404456496278282,0.932335187926831,55.52318771444957
104.57545543681559,139.53597434679364,34.96051890997805,48.038269908934346,17.94808369019497,41.438408121574845,59.386491811769815,102.61169281266952,102.61116070627624,0.5625746372756156,2.1498470533033545,1.965296756564411,4.1151438098677655,0.8769534273083935,30.7779095616768
114.57031069832189,176.74567835274894,62.17536765442705,60.56684236807792,20.724911442878703,47.08346140269924,67.80837284557795,84.42824520775032,84.42766766553291,0.4266910217188221,2.3777664266018363,1.3871227574420424,3.764889184043879,0.8937737606304529,91.10355260616109
110.12407460339857,168.7968311930301,58.67275658963153,49.16948220354926,21.920411293136233,47.624955966516026,69.54536725965227,135.23538220099167,135.2348634437463,0.22969588469212096,2.459606224053927,0.39860252966458826,2.858208753718515,0.9155078935248583,35.76416752142361
117.797804217154,177.06830423604146,59.27050001888746,55.91221769628273,21.507956092017103,52.09230011400037,73.60025620601748,84.73583079664336,84.73526589978911,0.3405133422762793,1.3456414888462345,1.420213864924393,2.765855353770627,0.8990711007870793,90.75344106216598
125.83821027534357,186.17788263816217,60.339672362818604,40.955866742640524,14.789241691413226,46.06658365690354,60.85582534831676,83.14318992680603,83.14274538860224,0.4560888409875008,1.7700048170180882,1.3157000028077424,3.0857048198258306,0.8978698675752048,67.75938853213411
121.12558676756687,174.19176979671428,53.06618302914741,55.342445047657485,27.5140002611044,43.02854027092774,70.54254053203215,162.60934629327065,162.6088757313834,0.375055297640982,2.65067195625756,0.8658607772723266,3.5165327335298864,0.8573899565168667,10.67510928675873
97.29808414086574,148.19738943763946,50.89930529677372,40.888969679959914,19.414283576250497,47.79375649084664,67.20804006709713,105.23106311160237,105.23047468514758,0.2984765798361447,2.5675751425295488,0.3930563958390384,2.9606315383685873,0.9450020325792049,47.72896462618577
116.30175657422673,168.80836700327984,52.50661042905311,34.87957666869219,17.24311273843337,47.236646979047144,64.47975971748052,156.25345486680482,156.2528776717822,0.30067350532843135,1.9544118082645652,1.1160273714683142,3.0704391797328796,0.9131303213824232,-7.084104792456191
130.74051589055176,175.30219214234953,44.56167625179776,37.754269218916235,12.678201625057488,39.155204621117484,51.833406246174974,123.88093198465758,123.88042039406105,0.12369027894562477,2.463342990050723,0.742884853011785,3.206227843062508,0.9290349043931926,6.446585465606729
105.29107526883423,147.45463845278945,42.16356318395522,33.51224876609068,17.56975289960619,56.973003908934594,74.54275680854079,131.53975982220265,131.5392647245351,0.3316514970008556,1.42864130307478,0.31404978706573905,1.742691090140519,0.9102701873990188,15.115001368032452
141.10103706176764,174.9904465807106,33.889409518942955,62.04669508468445,27.809232884163617,51.352889092539336,79.16212197670295,178.75850868430126,178.75801847082298,0.219052499454273,1.8752175997778833,0.9457320815985477,2.820949681376431,0.9045883109667112,-6.060555402803171
105.22029426430473,155.66646831269495,50.44617404839022,64.43390182220156,27.175814897778917,41.15178078145735,68.32759567923627,92.02834589726709,92.02793413933477,0.2516778840277689,2.703140403537514,1.2015467146785979,3.9046871182161116,0.942188843580412,81.99245061379601
152.47582404559645,189.87070935903853,37.394885313442074,55.56103968364051,17.3878221384776,27.876385807271827,45.264207945749426,188.45281839710782,188.45223992168704,0.23188923704815492,3.9021590769208445,1.3782864634048002,5.280445540325645,0.8862639216451964,-49.404287560797606
101.92156254923664,135.56572553442612,33.64416298518948,35.44363016411775,18.314090989143832,31.996241386244815,50.31033237538865,99.87477062522849,99.87420699532682,0.3340579459690023,1.2510586539791322,0.7103885353532502,1.9614471893323824,0.8431085527545928,14.525422682930238
141.57470859426473,188.35024976335106,46.775541169086324,60.41186085380003,25.48070873019197,46.62125670860325,72.10196543879522,88.62244631492896,88.62195506470002,0.3153648308746226,1.928804159291402,1.5239170946285174,3.4527212539199192,0.8984705174367635,78.07648267661682
138.37414438626402,176.87576666756829,38.501622281304265,54.869314323273386,27.943209686818328,26.93012701026764,54.87333669708597,155.50506077118953,155.504604883195,0.30359878768767146,3.8149087751093025,1.812148694592125,5.627057469701428,0.8805650683837507,-11.615523108428231
156.55127357559158,191.46725488959618,34.9159813140046,43.60507912564484,19.946052736873053,36.51134879215114,56.457401529024196,113.57564063271222,113.57517204859094,0.16268260729748332,2.9942975254526374,0.5471530825331555,3.541450607985793,0.8770992565598846,15.523917187516457
134.28426445183106,187.5628139259881,53.278549474157046,47.42850364171293,23.506416641154136,42.832111210689234,66.33852785184337,100.5616664485247,100.56124181640753,0.5120995761258967,1.4953152312053057,1.5194889994320373,3.014804230637343,0.9508030746421082,59.86012309717281
130.9698875446376,184.9343489884242,53.964461443786604,51.10877302194832,25.088525661509788,54.90481048512468,79.99333614663446,97.07727970627785,97.07673534832959,0.21953004771272425,3.207225783674458,0.8677129231099295,4.074938706784388,0.97394922216774,81.51503711101302
128.71657742780758,159.2187696342349,30.50219220642731,33.785330354019955,18.727427229189363,52.90773170599799,71.63515893518735,93.70358756773116,93.70307623375984,0.31242285051096086,1.5188930559682892,0.8262167911937204,2.3451098471620098,0.8954283057328258,35.424999607442324
142.7452147077304,168.73703224749653,25.991817539766117,48.70418974906939,17.50646888169147,48.152832866493085,65.65930174818456,126.57745617135734,126.57700935067278,0.17332150816063197,2.284236630894817,1.342015657447519,3.6262522883423363,0.8826765452787664,8.807987294731577
101.1397462017103,136.74089685468698,35.601150652976685,54.46231927714536,20.153888724352576,35.93183432043508,56.085723044787656,174.5150735756408,174.51454897452638,0.4175404126459211,2.6219095271295982,1.3189006072165506,3.940810134346149,0.882886449670901,-28.891317093007835
131.76894216938535,188.72806465403548,56.95912248465012,38.23060345537993,18.513506684872553,27.040563123885455,45.55406980875801,121.7147216081274,121.71412576208455,0.31783516595862255,2.736333194232248,1.4847607234023694,4.221093917634618,0.8996101831797595,13.036018078257474
123.24538691606261,178.5959286958761,55.35054177981348,46.288194141908804,20.487269736551315,45.96237829863098,66.44964803518229,136.209278456674,136.20885397764692,0.3176096023234362,1.520842390745006,0.8588633540974872,2.379705744842493,0.9407145520555563,27.452133965617268
148.2722430028903,179.6431636297166,31.37092062682632,49.76917511866824,22.72345657750785,27.96405687602448,50.68751345353233,60.483112441347025,60.4826207443449,0.4145819599254735,2.9860246899572807,0.5782201471320305,3.564244837089311,0.8962568710529258,60.3773852621464
123.14534032254876,177.1806795444083,54.03533922185953,53.604997618147685,26.8012502558824,43.876996597598556,70.67824685348096,157.47432965735874,157.47383082559455,0.42442029309478246,1.3298174824233373,1.1561408029410685,2.485958285364406,0.879991027742662,15.782088462880978
121.78741488180025,151.7392522492741,29.951837367473857,62.364107533923224,26.280306490514754,58.09449451258554,84.37480100310029,135.33889525975462,135.33846190031187,0.3578686359925417,3.3296652589596136,1.5414986958508394,4.871163954810453,0.8674429787917757,31.334860809668736
124.42321191871525,161.77592926327185,37.352717344556595,58.836160881243174,28.534817483679046,40.70378669916078,69.23860418283982,121.73498630894993,121.73447999290772,0.25896487319277856,3.2131887220181166,0.8341816400981181,4.047370362116235,0.8732429141722962,34.394128028166804
117.30400011170704,181.8597416695653,64.55574155785825,51.169249367939045,20.916767900705988,43.6583330796072,64.5751009803132,84.45086325847608,84.45034206302437,0.4990458836109475,3.0968120389434786,1.657804157632868,4.754616196576347,0.9311748797483468,84.36080112828797
113.87937883368717,148.18413749892062,34.30475866523345,51.98249893683023,25.320836603475698,45.37763982479216,70.69847642826787,99.7845989988751,99.78416752996733,0.5189040181661929,3.4466892704938887,1.7066283234463775,5.153317593940266,0.8353632604777376,43.04572155613684
120.79165994894103,150.7855777902897,29.99391784134866,52.32713195865573,18.636100089345575,48.400461986848754,67.03656207619433,85.706106495033,85.70567555025319,0.4040388255091687,3.0649514805034093,1.125635502419675,4.190586982923084,0.8567482195658933,50.5972456382296
115.6252114280402,154.69436936264594,39.06915793460574,48.785159334610476,22.35338025581286,35.1735539007256,57.52693415653846,92.35581114166457,92.35523987192144,0.452478310697488,2.911864397409156,0.9552006197483224,3.8670650171574783,0.8906099001409105,43.37846280295493
118.14961397901766,169.20761857977774,51.058004600760086,34.111907750582596,18.098137494991715,39.38626574463861,57.484403239630325,205.1047806918048,205.10431841431745,0.42270836278892465,1.2687058234144066,0.26468353097454866,1.5333893543889552,0.8836857682843005,-56.91475443834737
119.02906669582333,179.30065429092423,60.2715875951009,53.18363255403273,20.272423900655784,29.193994271738944,49.466418172394725,73.2880491857887,73.28752311911128,0.5515997606483771,3.8479659559319344,1.4585783356305795,5.306544291562513,0.9172650319511428,76.8447688538319
116.82842457785586,177.80786993730715,60.97944535945129,53.349102049282635,21.239856924901588,41.79694364718232,63.036800572083905,119.97973286979038,119.97920751517525,0.13090976670252083,2.5206437138466633,1.2425270129695063,3.7631707268161696,0.8994325531634324,48.112500074698836
111.68291410957234,138.21023240440687,26.52731829483453,48.54659947766141,19.55134906497303,35.1709843485247,54.72233341349773,94.10202220322454,94.10145436904942,0.5724131781703775,2.126165388735926,1.5964523543472808,3.722617743083207,0.847766175025729,26.61965943009301
122.895417284297,154.05869340128567,31.16327611698867,60.42424356982326,25.17912743867243,37.3437028714134,62.52283031008583,92.05534775113425,92.054799772208,0.39106175496483436,2.823834667918974,1.029974416268944,3.853809084187918,0.9182581924168466,53.08512995495306
142.1883684399689,200.02777306450352,57.83940462453461,54.32079629319055,22.04074755582547,50.207183245313146,72.24793080113861,133.58211698257765,133.58154886729096,0.30772847819592114,2.272165379633258,0.5324360756214062,2.804601455254664,0.8952804937342635,42.71763991069798
114.46555330602769,149.45427198311654,34.988718677088855,43.48167810714599,15.45213084002013,25.08670461823789,40.53883545825802,74.51445845406751,74.51393341110958,0.315448555222936,2.3050932877850627,0.6527350714438126,2.957828359228875,0.8699696936905658,35.86190978037867
158.8941813854666,221.58237243448733,62.68819104902073,33.83976776162716,18.197440912754,40.38379378969257,58.581234702446565,165.54708295463954,165.54659306320744,0.26602510758352654,1.3828252735922915,0.399916867094159,1.7827421406864505,0.9116236098069526,-11.382684449393595
147.06881742614996,197.35688422918233,50.288066803032365,34.118298376882926,13.065665896089898,28.909960250866117,41.97562614695602,105.0533912055089,105.05291249220464,0.4235162204990748,1.2451986561248087,1.149355129842394,2.3945537859672026,0.8444247643089111,15.631154266873292
124.64424905418457,153.97682857696546,29.33257952278089,43.82570063721459,20.13257007323767,34.29685255886628,54.42942263210395,117.3868039576283,117.38632815167497,0.35490328652202546,2.988104416592287,1.7495503701417492,4.737654786734036,0.893778693892374,4.5661513987394935
115.23149257396378,170.83333555812467,55.601842984160896,45.635028042285526,22.057005564466543,25.296278066909085,47.35328363137563,112.34147595548515,112.34099227686556,0.19410774037503606,3.208255569644093,1.31237511258298,4.520630682227073,0.9355578404223164,29.502277577439767
124.44595453781857,155.50111426429586,31.0551597264773,39.35738870515695,12.499520906136153,31.96016728644612,44.45968819258227,115.03820254929812,115.03777668744769,0.4114462364727761,1.8267350827192868,1.25807617428273,3.0848112570020167,0.9181083274009703,-3.3619268300682643
135.83874911011367,174.8432914670895,39.00454235697583,39.85589982417955,13.928002429567254,56.48425918896467,70.41226161853193,127.98219310261396,127.98170831093977,0.15444020767532232,2.72699198282794,0.43422224458643743,3.1612142274143773,0.9406701459126117,16.90886669177327
127.05620200024536,170.80823934945417,43.752037349208805,39.42385705566409,22.470122684492104,55.18226109699224,77.65238378148435,138.79783385606714,138.7973559670857,0.35386371663827304,1.760279344026426,1.364510617267395,3.1247899612938212,0.8941094431131131,16.58775849398193
139.46523321157594,183.01902023321026,43.55378702163432,56.94759968865995,25.520323863129043,48.24070496214484,73.76102882527388,105.9122041336749,105.91179721934225,0.3330883898150697,2.3894616512814015,1.400542822386272,3.7900044736676737,0.8669032476095061,55.679050400905254
127.85824408893316,179.03442221186995,51.17617812293679,56.210142195561474,18.71989632364501,45.0813175588259,63.80121388247091,111.20000269694442,111.19954767079336,0.3936792464600882,3.7970292810875033,0.8425080893279026,4.639537370415406,0.8823936297183881,48.49173889413593
124.42283150547485,171.1684586059818,46.745627100506965,45.46350539575944,21.51837204394372,49.56907870060069,71.08745074454441,144.48884196164735,144.4882915802524,0.16040060727886277,2.420040527611076,1.0192435118021916,3.4392840394132675,0.9120097304056728,13.870397582562036
116.84734924187198,180.31794604987212,63.47059680800014,38.39800521475456,16.919152124278536,49.981207660252856,66.90035978453139,104.52423654428912,104.52372095517484,0.1279427411313811,2.3246860280017105,1.1661158064338073,3.490801834435518,0.9096138579367798,55.146701171297316
135.5009110910658,197.39673228479253,61.89582119372673,35.94650203343652,11.88029564154625,41.86257689066671,53.74287253221296,191.58954894597332,191.58898771247397,0.24028460077354122,1.6021134525720064,1.1252854598971955,2.727398912469202,0.8704646653618763,-37.40515101191414
110.46018998401468,154.8999834428007,44.43979345878603,36.28251485555806,17.338174956199897,26.062621031006493,43.40079598720639,144.37294882815098,144.3724402905421,0.32538968139134966,1.561839666633635,0.41622249107329495,1.97806215770693,0.8751805032402801,-19.73776020085898
141.12545631043665,171.06380884077643,29.938352530339785,43.669095630582866,19.15169929284775,46.26690227813225,65.41860157098,81.01964278971813,81.01907197296504,0.5593648936980592,1.2528144191731048,1.606495034558565,2.8593094537316697,0.8988629635150214,49.06740417772512
147.83770416140692,201.87206523810707,54.03436107670015,34.93450533388659,12.888420344467402,55.71857366048362,68.60699400495102,158.23037683500644,158.2298176215865,0.38324232938004865,2.4403089351718923,1.3873287349816126,3.827637670153505,0.8637590820573697,-4.202047319052305
109.66870782966024,173.01257004993437,63.34386222027413,42.38933817387289,20.951975775761287,33.53596872747838,54.48794450323966,164.75486866762145,164.75444901070742,0.3903520747354026,1.50475601064771,1.7462990503204219,3.251055060968132,0.8560881827906491,-6.998273698015455
125.25080842640419,160.66525076903858,35.41444234263439,62.25119151814111,24.26524158259382,40.870639857369085,65.1358814399629,76.53197087865273,76.53137547737913,0.2730055961374781,2.9292564689211935,0.4753722983147369,3.4046287672359306,0.924429854162246,76.35097777726924
102.856976375,144.37500878916333,41.51803241416333,49.256466699728435,18.546269086198862,35.89714843548515,54.44341752168401,149.2933846243316,149.29298167484222,0.1587985475187175,1.4200610046222228,0.7304123469556622,2.150473351577885,0.8501283368621766,-5.427505743378353
139.6945130904358,181.64303018910252,41.94851709866671,56.054035164832904,22.257151214139547,36.179242071614844,58.43639328575439,72.25705017639781,72.25653080879023,0.43706361846665365,3.1560751476962814,1.5372115546036296,4.693286702299911,0.8619531694293089,68.13917747648792
101.9710977936465,128.30670218508962,26.335604391443113,36.96264556633735,17.800050134337376,43.92786131577845,61.727911450115826,132.09769159383444,132.09713309153258,0.3236563023903584,1.586624521248201,0.5047840385732068,2.091408559821408,0.8522033806746783,-8.084032413575258
138.99364128966954,186.52640855890382,47.532767269234284,41.86430827917622,18.838243230277612,35.650029480158025,54.48827271043564,195.10024842577766,195.09978204694968,0.13377139363069265,2.5040255509473472,0.34439681358604723,2.8484223645333944,0.8846863196072151,-47.947014959030525
102.31596102391721,138.95001063305932,36.63404960914211,59.79663498255099,31.406235381992097,53.808974178918646,85.21520956091075,125.79864712080814,125.79812740684969,0.364957904372612,3.0081772698514926,1.5361997082164278,4.544376978067921,0.8905390585963794,45.362663157931145
151.01268016136063,206.68252099107318,55.66984082971254,44.819798928855455,17.45035147063527,46.03792435284357,63.48827582347884,106.45271645895629,106.45224403445012,0.33868111579255,1.3451800838837784,0.37564433266090097,1.7208244165446793,0.9325270487467777,51.72370009950873
138.19770878481344,193.63360907125607,55.43590028644263,52.9450705443653,25.02115976627586,25.387024476122726,50.40818424239859,113.23924480822708,113.23883268523208,0.24139444973436847,1.2808189998996,1.1609313956904244,2.4417503955900246,0.929667850068589,39.85223678458397
126.10293856294716,180.36901591516337,54.266077352216215,61.39097237696767,28.215018355942206,47.66861531919979,75.883633675142,100.48646627659689,100.48606458429308,0.09530425310255082,2.113534224281885,2.401805294903196,4.515339519185082,0.8751289357996236,75.64962388982245
144.7362472518373,186.98139806753215,42.24515081569484,50.56060972446981,18.333281570173366,46.88627377618978,65.21955534636315,119.66953843157893,119.6691194591729,0.3864729066149903,2.903051474107712,0.8442235486508405,3.7472750227585525,0.9076100621269815,31.06063860739029
151.04418390751903,191.09748166906257,40.05329776154355,42.37403565454003,14.34847558360651,38.492837829980594,52.8413134135871,117.84759562378498,117.84717594186615,0.13701085672522087,2.6935415744598816,1.7927830784719405,4.486324652931822,0.9271999154192012,11.866430040141823
140.34889533757112,190.91633553180907,50.567440194237946,49.36418566218196,23.7567560843273,42.780868363770104,66.5376244480974,137.5211132221027,137.52059104414724,0.3138991762461005,1.9727016794758898,0.9717606171763071,2.9444622966521967,0.9180375519849073,23.584658090573875
119.36031935381808,177.61718810184922,58.25686874803114,34.22059874337008,13.064257394089802,51.56403280481614,64.62829019890594,74.95278811421062,74.95228294116443,0.43486194509520737,1.7367201764248648,0.6189802241699885,2.3557004005948534,0.9236470762172475,73.3033220015346
121.21161275945313,161.8633017906839,40.65168903123076,35.59754885602345,16.609966785889714,36.23422336587677,52.84419015176648,186.6682581387444,186.66776704608435,0.4850881232791388,1.300438545119734,0.3689696979050706,1.6694082430248045,0.8721456413886195,-52.09224343610095
109.6949826024711,170.84994933275158,61.15496673028048,32.67276186242721,14.205839731494756,28.922150196369454,43.127989927864206,141.2174331078071,141.21689472351198,0.23231789377827394,2.2225682103710036,0.4835872821066461,2.7061554924776496,0.8661034323778608,-6.235641221120512
138.71470073451283,170.97136785894503,32.2566671244322,60.78360718842615,18.882966342004682,33.95719592040008,52.84016226240476,152.14522800118345,152.14482463595604,0.12556441705548982,4.158102653394669,1.1082226819450447,5.2663253353397135,0.8959594484202813,-10.443552240048012
103.62147491600582,158.92055784721435,55.29908293120853,54.327417286878436,28.033281874993943,32.26257785506093,60.29585973005487,118.42759453771833,118.42714034102205,0.27467586352574297,3.1822078010811494,1.4543203641058724,4.636528165187022,0.8981831513630703,41.84097791535997
135.83773933620577,166.13912776279727,30.3013884265915,42.959031098538254,21.064512873135705,45.10981097520956,66.17432384834527,148.44161709527046,148.4410616167242,0.2291716230012485,1.1881741648084672,1.5769246197860187,2.765098784594486,0.9266381285692185,-11.120203009147936
134.73327455204705,166.96372617577265,32.2304516237256,39.12729752651591,17.96629042823349,30.39498003580465,48.36127046403814,165.27178462787336,165.27120263245206,0.4617634953855055,1.7895459943475711,0.2612489681134372,2.0507949624610085,0.8337314491792986,-40.07308656522959
133.1830907513867,181.755033390224,48.57194263883733,53.476241179530184,24.99774544822283,46.90161589515066,71.8993613433735,180.4826744577834,180.48218679046414,0.4610344129349733,3.8101904679345493,0.452957883196594,4.263148351131143,0.8397156934419603,-9.454211532332284
138.09342659953558,168.22033771297055,30.12691111343497,61.43218375840583,26.8645793923001,40.3025840710557,67.16716346335579,140.75915791177607,140.75874161498004,0.2755085688196628,2.1059855602713053,1.5356675243652074,3.6416530846365127,0.8574485100210034,12.047456017259726
143.09007378635323,171.01887725985247,27.928803473499244,42.629184633484265,20.304017160592775,48.78558278000484,69.08959994059761,113.39124557351948,113.39068582777163,0.4309771952072105,2.3629420364067197,0.7485999927782996,3.1115420291850193,0.8696838470430308,19.75433198666327
135.7192367391699,160.01274354601398,24.29350680684408,41.77982146373116,14.420528013960189,39.08542801520746,53.50595602916765,100.24310626086985,100.24252922678319,0.27795346121857406,2.949318038922166,0.7607070739901779,3.710025112912344,0.948635345178785,14.560391892038469
133.01960511534813,177.16440880057465,44.14480368522652,59.8540451309876,23.754199486797688,51.8577486840319,75.61194817082958,83.92839253770069,83.92790980564655,0.3676345449663429,3.559796481214418,0.944397898361778,4.504194379576196,0.8740352004744256,79.37206150882467
133.25868324600125,188.62771055953075,55.3690273135295,58.263586019721174,23.304800027798965,47.33273666465674,70.63753669245571,118.7700950866101,118.76964641555931,0.5043403307667921,3.161056633837429,0.6571445230429914,3.8182011568804204,0.9207519218247775,56.329726197615194
151.79126410272713,179.07727905664086,27.286014953913735,58.89697513984536,24.90132322817644,29.402517865792998,54.30384109396944,100.12846691638816,100.12805812205451,0.20506547338848372,2.8989597123783173,1.1377146803460014,4.0366743927243185,0.8343374895385876,30.133794809303705
108.07819573939686,158.5008031244687,50.42260738507183,43.052494364305495,18.362931573622376,44.248287193458324,62.6112187670807,123.58239935256243,123.58188113599806,0.24559014037799223,2.872511099630558,0.3418744034545912,3.214385503085149,0.9076030053352012,26.360842576047602
106.40893119085615,162.4826754526065,56.073744261750335,36.899260717872444,13.33523708246797,32.987251937747374,46.32248902021534,154.18550807082005,154.18492609692194,0.4670560066803598,1.5822801235675072,0.917500925938767,2.499781049506274,0.8999769330232749,-16.070230347798447
98.89494362478881,128.51837951493394,29.62343589014513,45.9111984175388,24.91038024079681,48.96169250248718,73.872072743284,136.75950125165718,136.7589656740521,0.26117239721862623,3.1052073405477247,0.7456294811020474,3.8508368216497724,0.8260650642873144,7.051070133876751
136.43040464818304,167.75801134040833,31.327606692225288,42.20793257494289,13.722003144642295,41.95851376224115,55.68051690688344,136.02426313586474,136.02379968614517,0.2533518256384821,1.8752065279942294,0.7176152448251091,2.5928217728193386,0.8709189651528744,-8.407779499593016
118.4357622724221,174.5404321666097,56.104669894187595,61.06329483841854,19.061072639237036,32.26697574558773,51.32804838482477,189.73934535245323,189.73881677478838,0.12756966885964266,3.565337604602324,1.4270514250287654,4.99238902963109,0.8921946478844062,-23.520715477336278
144.76409053863696,203.03799029641604,58.27389975777908,33.659880801345125,14.094706866627206,29.5520616656505,43.646768532277704,112.77992142060603,112.77935500692455,0.2501912970376229,2.3377526736621492,0.5567622524652438,2.894514926127393,0.8671984202253796,17.046075220509415
142.17862274631045,190.3043768113536,48.12575406504314,52.79499010180892,22.74435422827795,37.57693001685754,60.32128424513549,131.4843783291854,131.48388316317354,0.29093919448080563,2.6134034822829357,1.5149076782034963,4.128311160486432,0.8577624050392195,21.734751425181997
120.11699563647555,177.4468758815625,57.329880245086954,59.28707065144423,20.86953153980727,49.18074091751655,70.05027245732381,80.48410845315937,80.48354450346136,0.29394220729215914,2.3232649952123907,1.944301952610264,4.2675669478226546,0.9296488639071059,94.47293460499108
149.48078698982727,178.86453130206178,29.383744312234512,60.47613839836546,26.555370194848656,49.2800736324635,75.83544382731216,87.67665650197902,87.67617812004369,0.19936135995599613,1.6349641136859108,2.4033996426315776,4.038363756317488,0.8668819239277796,63.95978218181654
133.99160315929265,172.6119452860294,38.620342126736745,52.16855834716689,24.190714974256476,24.26890623164851,48.45962120590499,109.38233776157354,109.38186806043782,0.2742203098133262,3.286481892202051,1.3169441207538162,4.603426012955867,0.8969873982609367,22.414824640102232
122.61387170152581,179.49866228328418,56.88479058175837,61.38141589155501,21.430478619641917,32.60860459143596,54.03908321107788,141.418194101132,141.41767750340682,0.39817072865185943,3.2873680474524187,1.4112159018307162,4.698583949283135,0.85598276438917,22.076529501427423
124.92695068760746,161.5654798774866,36.63852918987915,34.967816837481834,18.064981227483152,40.614066024326114,58.679047251809266,70.41409874871421,70.41360581143067,0.4592524004216129,1.3016973096628157,0.544873634401869,1.8465709440646847,0.8521422772543338,49.054391760330326
111.76116438217524,163.11638980107085,51.355225418895614,43.659729194044225,16.72523847851743,43.747002354209876,60.47224083272731,123.31827691485861,123.31768149247452,0.35175689229688717,2.8966824977639227,1.055889353305656,3.9525718510695786,0.8844465982371441,24.64526826807875
105.12154702874412,147.86202156634235,42.74047453759823,33.96055411801373,16.23832002353798,28.180398369221532,44.418718392759516,104.50428578669809,104.50378250881339,0.36273494583481575,2.2898129342193636,1.034241943567227,3.3240548777865904,0.9102306746633099,11.768531424526858
103.16111957798113,154.17104482295332,51.009925244972194,62.40693383867146,22.74532813486493,35.75837315462266,58.503701289487594,109.32729467951064,109.32681764510485,0.43006109181782104,4.1249565123928305,1.1090600564614272,5.2340165688542575,0.9108848342745718,51.85636853018392
149.4171918164771,192.57259564294603,43.15540382646893,60.65599247009537,28.434780736438956,55.44137489104151,83.87615562748047,143.51122700929415,143.51074802258552,0.17969138657749287,3.1545457605240945,0.7311776399871192,3.8857234005112136,0.8829158560559424,35.414981457507494
129.55915401966726,170.77858458734534,41.219430567678074,34.96488779682088,17.25603543315734,37.69750201412935,54.95353744728669,96.7743867235949,96.77387713560478,0.24758711076311374,2.420521215497116,0.5501659335614352,2.970687149058551,0.8949749524195135,27.874625328103306
122.973332904573,157.24002577864243,34.266692874069435,33.75259227141289,12.098110948152117,44.46888410262126,56.56699505077338,169.42746561312165,169.42699463071406,0.13929696246185627,2.2345894278678085,0.19956086234499418,2.4341502902128025,0.8475019278941488,-40.183593439330124
128.63534461744854,159.59127325521737,30.955928637768835,43.93261930396232,14.668076416807027,41.928664896524616,56.59674131333164,125.7034254387609,125.7028808574405,0.21802774772663355,1.2772598370690382,0.6439629421130173,1.9212227791820555,0.8837148834445891,3.219512833087921
132.82180647396757,188.14190872885527,55.3201022548877,40.96830227880086,15.596986589777101,37.324676226500586,52.92166281627769,89.47648105626531,89.47600492367977,0.5584567452822183,2.905860540211887,0.9091261301509534,3.81498667036284,0.9035805850257459,50.022780513022816
143.32751308551616,172.10230732161747,28.774794236101314,58.425365830866994,18.110409549280845,44.88584963657036,62.99625918585121,84.3548700076474,84.3543931787701,0.23039388491306326,2.9216653537001758,1.9977549394418987,4.919420293142075,0.8845258512746451,53.683830393045476
147.44731204200065,177.38156307628904,29.934251034288394,37.167030908126044,20.18838478063795,30.57359067646776,50.761975457105706,157.34871696594323,157.34819357129334,0.5112025493876486,2.591108506142724,0.40477478141311735,2.9958832875558414,0.9106719294734574,-39.151627634643376
120.24383942684891,150.91750849483398,30.673669067985074,55.866809881012,26.93469540965332,31.87355877553193,58.80825418518525,102.93280512054267,102.93239295116813,0.1239308651326676,3.411629885310413,0.44756676168235854,3.8591966469927717,0.922651073263142,35.46044491974612
120.93797762266655,153.04241637277215,32.1044387501056,48.60117322972046,23.171772786402713,54.01715735236146,77.18893013876416,164.28204673814847,164.28151566716485,0.3024374945080185,2.7268979449202577,0.7517202202127847,3.4786181651330423,0.8656516453119965,-8.801971213672363
161.73688386370526,222.22387175061846,60.4869878869132,44.13168538438056,24.82012846423336,49.56868407651348,74.38881254074684,114.22141028450366,114.22090929006023,0.25612744627171047,1.759446906929007,0.561781238776706,2.321228145705713,0.8928133645637014,55.541223845402584
133.55997745108755,172.80333451624531,39.24335706515777,38.80447795426621,19.44905705745603,46.90562606528174,66.35468312273777,71.46689942084363,71.46640881562078,0.1802634684793455,0.9507662029831994,0.9566714401848954,1.9074376431680946,0.9005316490986489,63.801233885772334
152.79141423702285,217.133759202596,64.34234496557315,62.91678215749796,31.58350455209341,27.52386426741059,59.107368819504,138.59262569171432,138.59208184111617,0.296584883914394,2.327698212426562,0.37757408456196767,2.7052722969885297,0.850457417755163,38.07715314495213
117.08516758823994,150.41865603195305,33.33348844371311,51.25750651112564,20.98258305207531,23.88993605967443,44.87251911174974,105.40359668046972,105.40304502931332,0.33602421959923007,2.923261218617361,1.8726846676968163,4.795945886314177,0.8866564395523694,16.783075468552045
135.6259796940898,182.72369085338522,47.097711159295415,46.457425051321565,18.61342828503769,29.850151809278778,48.46358009431647,118.86885530480059,118.86828605262791,0.2786280237654858,3.0194837104336556,1.5736260248595448,4.593109735293201,0.8757508462119771,16.007580418609432
128.6139094437244,169.4269489607647,40.813039517040295,44.74171555560269,17.021548548667575,53.909772976547366,70.93132152521494,142.46011901999185,142.4596440593677,0.4785644756226605,1.0647630865668338,0.8023610811250348,1.8671241676918686,0.8811321467812843,10.292278944358555
106.6641674471259,146.59173067071853,39.92756322359263,59.65465439624483,23.284243142098912,52.80275166821255,76.08699481031147,60.79482576955246,60.79436036201401,0.48705935579423165,2.0304826049098987,2.5433629254728674,4.573845530382766,0.8957001558645823,98.3603696069847
130.12769256947612,188.2102124145407,58.08251984506458,57.23922840213331,23.18424530058584,37.17179126884594,60.35603656943178,135.5641949900675,135.5636521216472,0.28670881067706544,3.2255473823210807,1.4173594842132538,4.642906866534334,0.8743581223361963,30.76386823496425
129.91101013282355,189.44798840525092,59.536978272427376,57.86309098817571,19.647458349937185,56.332187780791145,75.97964613072833,115.96246762670418,115.96195126573235,0.48839502249648287,2.1437592907602796,1.9627421394556692,4.106501430215949,0.8675424490128475,63.1769289650746
102.04254822174144,160.57349223859927,58.53094401685783,50.00832819482986,20.5372591595933,29.904338059345157,50.441597218938455,115.75219093725985,115.75166457695059,0.1219952467647848,1.5803074127546106,0.8113399858869971,2.3916473986416076,0.9461480068505762,38.52294803115451
129.73418025663315,163.81850448687808,34.08432423024493,59.5314124355307,23.92763001069071,42.97798168016906,66.90561169085977,71.40264389952696,71.40213279494554,0.24429071582245676,1.6545253419338806,2.5191868136157978,4.173712155549678,0.9172338547676521,77.69081981943489
140.26876189514914,173.33192209730123,33.06316020215209,42.294160329464525,16.55818745710731,31.96604052981179,48.5242279869191,69.40742775574365,69.40687321713901,0.28558061551900216,2.297365998297456,0.5129554976908002,2.810321495988256,0.8410495316401777,43.21209312760344
113.18431131884715,162.05879606471967,48.87448474587252,54.86915918052779,18.825254996942284,35.18677052803274,54.01202552497502,91.51322624036465,91.51278823218695,0.3242374382911462,2.830419105786595,0.8441106105513073,3.6745297163379025,0.9355610431821171,58.23316828618581
132.02363126285164,170.54359223588614,38.5199609730345,46.622415025336146,17.84325039865901,53.29201434819079,71.1352647468498,122.58811061360885,122.5875994711823,0.3241109407020572,2.943065184293956,1.6647450182332713,4.607810202527228,0.8734069726585638,25.117542642801077
125.08002522552802,178.87239800200246,53.79237277647444,51.913112051253506,21.74800378565462,52.07175345355243,73.81975723920705,130.0333088387193,130.0328772183615,0.38346931174033233,1.9882025489158286,0.9331702879562241,2.921372836872053,0.8956654449767331,41.36856807143362
124.05965603519084,173.8529622854431,49.79330625025227,62.61822339972322,28.830805263953913,26.680041009095145,55.510846273049054,92.21489522159405,92.2144137712062,0.5346353388251754,1.9085094285495243,0.7735527040876065,2.682062132637131,0.8616629380385651,62.46303610660687
144.946256615081,190.26512479317537,45.31886817809436,60.90612748142113,31.158699765260593,30.22065772641811,61.379357491678704,110.09956891171896,110.09903611295428,0.19429846327467784,3.869318672162594,0.6546251693619192,4.523943841524513,0.8715983748588398,46.00912855121904
145.11867622601426,203.62217117670792,58.503494950693664,48.67604011955751,17.653571213777067,42.89852892180875,60.55210013558582,136.55799688729576,136.5574982729741,0.46780685031355523,3.449118846929636,0.6503617262455491,4.099480573175185,0.8609343269680825,22.90675007509409
108.45618370536353,161.5134720179207,53.05728831255716,51.25683602756545,16.34666817720284,24.738474442304785,41.08514261950762,58.827698585502255,58.82722266719492,0.3057122943950486,2.0678678217691,0.907907091816846,2.975774913585946,0.8459038935491089,70.45580653361422
141.6832050634894,166.26735605138055,24.58415098789115,61.28413121668063,21.971650749754385,39.947077124519815,61.9187278742742,91.68723670960188,91.68665971560159,0.28531542887559186,3.899780486660876,0.9389249597339807,4.838705446394856,0.9077529587407679,46.2739139184526
149.02405522208554,176.81308524619953,27.789030024114,63.51595873810509,23.06888696912693,42.283961323261934,65.35284829238887,138.30113605686387,138.30058149172098,0.25476570367008594,3.762246619733711,1.5918401669044897,5.3540867866382005,0.931495400790188,11.875078829526565
113.18736378046076,160.2537671361814,47.06640335572065,55.08005292060992,23.269815832202504,32.40301278009563,55.67282861229813,117.21732032894367,117.21681507078667,0.2589844122871511,3.797236326013951,2.203949220885426,6.001185546899377,0.900301071208163,30.918409350499513
137.13742319890505,178.96301471461703,41.82559151571198,35.79744054215135,18.694199944181545,35.83536303440123,54.529562978582774,135.5543292036067,135.55373919297557,0.2361884085796993,1.5633525689024137,0.28247127678281214,1.8458238456852258,0.9461192937109199,-5.187720070687308
99.05148616992842,131.69319358891093,32.641707418982506,43.88005015993222,15.08187587999991,31.639783635164545,46.721659515164454,121.38164875141231,121.38116387835443,0.47115143094248796,1.2336876686058127,1.241628169464022,2.475315838069835,0.9112613722919128,-0.9880023860570117
151.3048354114894,192.36500819207427,41.06017278058488,60.31448778236084,24.006042804893315,56.94754009587423,80.95358290076754,115.21825054948759,115.21769293490208,0.3251542663232307,1.7655227723797853,1.3480232946977326,3.113546067077518,0.8960422331703441,57.052666839183175
123.57217683748267,173.0882524443539,49.51607560687124,56.539478874375426,28.11787401137073,37.29696555846907,65.4148395698398,119.22946619104013,119.22903260379218,0.18297108365498466,3.379931813176295,1.5608109840818618,4.940742797258157,0.8641353824703731,40.71602640087904
131.82187549928915,187.5229781850666,55.70110268577744,55.12069707090878,23.54518955133499,40.54823937217581,64.0934289235108,99.11046203758215,99.11000487908673,0.45950576096082335,3.598004912476145,1.8973716061729529,5.495376518649097,0.8555063849198644,59.757413160476695
101.64381569880577,146.40302796895494,44.75921227014918,53.4053626957625,16.89845545473784,32.517055953774715,49.41551140851256,147.79557315505642,147.79510553794015,0.3844124020029818,2.4261259840055556,1.8039954402037683,4.230121424209324,0.8909356848620342,-4.302821100480988
142.37684786135551,181.18546845282464,38.80862059146912,44.967877686320996,15.60313125871972,42.66688504959196,58.27001630831168,91.0292928940119,91.02887172986136,0.5679941592924389,1.2206308090290001,0.38645325723050056,1.6070840662595007,0.8859999613076578,43.27451037295678
98.7899803428068,133.0166827678647,34.226702425057894,44.03394970977435,22.419324367117802,26.782692271034122,49.202016638151925,133.33012402527277,133.32962366430976,0.29932864867152154,1.2266566733224624,0.9907447299360869,2.2174014032585494,0.8623620579253288,-7.229771800663559
114.1238197182555,159.49032952307556,45.366509804820055,58.25165771090401,20.247299665748372,24.743466168090865,44.990765833839234,127.31374692448486,127.31330847245803,0.3803961662137037,3.0019314797616476,1.9122449867725,4.914176466534148,0.9164975354679791,14.664924946847949
103.41268064894078,138.91264750850672,35.499966859565944,43.18305472805621,20.35795873375258,47.642684273418546,68.00064300717112,150.95276653412435,150.95223969694646,0.2904385029914918,2.8532683860596157,1.5158948831145234,4.369163269174139,0.8757275032271187,-7.8186500425173
130.92180239214358,174.4375112539586,43.51570886181503,54.64608864323046,27.840164602519227,51.5654253551119,79.40558995763112,92.60542694429505,92.60498892582314,0.42694120179647,2.3018224692084686,0.5207810129068958,2.8226034821153645,0.9135321784250136,74.64732138560254
111.63795161921811,162.79889206429965,51.160940445081536,54.078296548262315,21.444685950566175,32.596471220975985,54.04115717154216,86.95324846566739,86.95282376441592,0.25381122711970927,3.0108175881440236,1.3312200727143098,4.342037660858333,0.9093025383305832,61.58862629680918
148.888022933334,176.997038045733,28.109015112398993,56.620219358378044,26.813828610476712,37.3010474578608,64.11487606833751,116.17582649790585,116.17523268056033,0.159812933645928,2.899259893457994,1.9595090531694852,4.858768946627479,0.9168696896497723,25.35171829233068
135.36867158224632,160.89325862871044,25.52458704646412,42.176757280352604,16.205356568962923,54.8439985015326,71.04935507049552,146.4559452042825,146.45541355622134,0.559991587203352,2.8460014637404574,0.7286909649863805,3.574692428726838,0.8529532485229756,-10.09845313378616
97.78762567701548,129.4603692123815,31.67274353536601,56.30336460836537,20.786509538071293,28.578337129069148,49.36484666714044,95.55198352361778,95.55139623343484,0.38570104702336405,3.515697874311362,1.579662757868379,5.095360632179741,0.856442172980757,31.096127981188502
92.27571469112148,146.06965532439892,53.793940633277444,36.89046814609311,13.997012885234053,30.175511456488397,44.17252434172245,110.15773528274894,110.15723730519055,0.33388279484633726,1.2232206754329846,1.3609017647897526,2.584122440222737,0.9288345022901957,20.231585729687406
103.03548562785251,152.46072035164943,49.42523472379692,38.558108347482225,20.56504054420849,38.396839564812836,58.96188010902132,139.73927445720125,139.73886777670864,0.28635553803806585,2.1116720482391025,0.7517850267100734,2.863457074949176,0.9239064955216186,3.7478662336009445
134.40511609302862,166.84890135345918,32.44378526043056,45.166848037158616,16.008477640966323,33.393228723379664,49.40170636434598,82.72880041347369,82.72828553923961,0.4284423877801888,2.9433113984567756,0.44208892139986944,3.385400319856645,0.936839712796232,37.9141012388864
141.13698522999854,199.94620726778132,58.809222037782774,35.14588898071969,12.742246302846333,47.214304918362366,59.9565512212087,119.22085960039905,119.22034793462169,0.14860527441173246,2.398980296389156,0.7213928144828492,3.1203731108720056,0.8667560839332422,27.235500829885684
118.15245843596315,163.13269468713415,44.98023625117099,62.24770046278819,33.71283861638626,46.55431328522532,80.26715190161158,123.90065296258517,123.90024996746398,0.2352397896213006,3.1899743950737314,1.7786663474888742,4.968640742562606,0.9052349753868675,52.85753753288304
139.63155300387996,181.61839974640927,41.98684674252931,58.784198368435106,22.063224217183638,37.740021939532376,59.803246156716014,129.67461647154425,129.67404422313538,0.1594271436460972,1.9349000920312944,1.4091336446804934,3.344033736711788,0.8954082695248367,24.531308889816835
106.15682704842726,168.11778566398462,61.96095861555736,35.869452236765525,18.42341135565177,40.30645475938759,58.72986611503936,150.11716467095337,150.11664067681724,0.17781896248630755,1.7656678237726864,0.9526450080323627,2.718312831805049,0.9035721112533905,3.205426127360814
143.76324823433208,171.7344425320457,27.971194297713623,58.26753237818345,26.51351490207136,38.21449517251368,64.72801007458504,128.21589931015478,128.21535037192092,0.1235504273743339,3.233558058962654,1.3030204266168086,4.536578485579462,0.8586229753435687,15.5335693128264
135.0201945917973,165.55291701368515,30.532722421887854,46.79563722982976,20.569278710745774,48.68165848144084,69.25093719218661,116.32610950881453,116.32561072459329,0.384486462169687,1.7863221248765524,1.7473290522698879,3.5336511771464405,0.8851444333966714,23.310764137515566
141.02848818328923,188.80658779693013,47.778099613640904,52.3248732507498,27.01676091897624,24.29411166843788,51.31087258741412,133.18880038324238,133.1882767027548,0.22241155132016777,3.80439169636116,2.1263024354917075,5.930694131852867,0.8990535534164645,10.853790817865749
133.22257938345493,165.14215178174814,31.919572398293212,60.78384513665177,28.772625018569606,36.68467969314087,65.45730471171048,83.01109566599733,83.01064417201869,0.49920816488809655,2.0725290609144653,1.9253497029486264,3.997878763863092,0.9211973203559127,65.0853461187198
143.75912382348233,194.89103891865008,51.131915095167756,50.74938887641106,18.243613571889064,44.963361634188786,63.20697520607785,133.85875902008993,133.85816426853637,0.5188339738399707,3.3982041910058767,1.0689315839268274,4.467135774932704,0.9116494341612355,23.925460085476228
98.53532412228151,130.43979512015983,31.90447099787832,37.43035535760108,18.98184371652075,34.27909038890554,53.26093410542629,156.3891561863987,156.3886760423972,0.17664689712317896,1.6309622447061982,0.4994020784149564,2.1303643231211544,0.8792278537181286,-31.740061161271758
115.02929560282429,145.04337473990105,30.014079137076763,34.09338400130376,17.239721783047223,25.67124812603889,42.91096990908611,161.0966221760796,161.0961897107553,0.35322422126656217,0.8026936916386058,1.1038061572164388,1.9064998488550446,0.8940801105568433,-50.3702210026215
115.1105505495788,150.577148425464,35.4665978758852,47.70634317454429,24.374923225297362,34.685978385637604,59.06090161093496,168.42844596868963,168.42803478560594,0.31635641211355336,2.395068444234334,0.4442854483160017,2.839353892550336,0.9197131485203036,-26.993491171652263
116.08730941300584,153.94379808786573,37.85648867485989,62.32649297627622,28.541751200371767,49.31584715316043,77.8575983535322,81.25521912715566,81.25469189276903,0.49353664028255817,3.3046646628784586,1.6578433154540055,4.962507978332464,0.9388543887679274,85.74542438915785
140.13897628999388,172.42345968903348,32.2844833990396,51.546814069040416,22.560297597996218,26.217514362427053,48.77781196042327,133.86899782325418,133.86840114728395,0.2916906735761155,3.288759733858996,0.40141592566241113,3.6901756595214072,0.8796483207759165,-4.610375879255829
134.0112153368403,164.6591198915904,30.647904554750085,43.40427365086157,20.441560669659445,44.3602242054438,64.80178487510324,83.19311569329638,83.19253653439701,0.22714456896279497,2.2081946417463767,1.1803541177396162,3.388548759485993,0.9069572707494933,47.2032561534348
141.011915712212,197.6404940082417,56.6285782960297,34.89392053446743,10.948003810440095,44.46737822705524,55.415382037495334,73.6895358897917,73.6889954688782,0.21114198873704998,0.9763273619088495,0.8696301527451095,1.8459575146539589,0.8956798594685246,63.76504878639469
111.36641278326137,149.6068195559091,38.240406772647745,59.44079797389591,25.90353462380919,43.98211855304522,69.8856531768544,127.73775736305886,127.73715924347306,0.4991521794810791,4.110608749572215,1.1774969960688113,5.288105745641026,0.904017450387814,30.774960496135126
140.77819934167343,180.41985010525585,39.64165076358242,42.49867823388022,18.63901557338914,33.49475731479676,52.1337728881859,113.35180784296602,113.35126327731362,0.17784191787279904,2.1925207479203705,0.728475185768752,2.9209959336891225,0.8653021869357373,15.423146834779892
114.60918924725718,142.88663268789605,28.277443440638876,53.727237226618094,24.437905499191604,49.25720022170179,73.6951057208934,96.52222361667248,96.5217557664478,0.4727398571569753,1.9957107550718536,0.47238949251382506,2.468100247585679,0.8595881656424671,48.34082343735951
118.80468886537378,158.99640004156115,40.19171117618737,54.95069829711978,20.907765772092972,30.042486105053552,50.95025187714653,152.25441186934805,152.25389162572142,0.20359804748622468,3.5977693552662706,0.6995870064840178,4.297356361750288,0.8988767039692727,-9.583989426318842
129.49913302365104,162.89540518735691,33.39627216370587,39.607940014961805,17.527026115089186,58.204305398750385,75.73133151383956,69.53498262974958,69.53456667642108,0.35573401097590046,1.21415682120864,0.9181717642069137,2.1323285854155536,0.8684604463948266,66.6221319011762
146.50661015658088,193.59506157133504,47.08845141475416,35.1348225702651,16.187195271400405,47.03395621957898,63.22115149097939,140.9003659141236,140.89992157762555,0.259280899660646,1.0093208942968648,1.390274085199291,2.3995949794961557,0.8769467013996952,1.653595271518581
129.11027832589892,161.436959834943,32.32668150904408,45.18264477616813,18.281413053612486,24.971004270398325,43.25241732401081,171.28403435460655,171.28355084655936,0.13360373136294146,2.2138850003397663,1.4455117545932303,3.6593967549329967,0.8573242314101746,-46.565400785854465
99.60562235125835,156.0835014931381,56.477879141879754,41.63972164135702,22.95875097756638,49.723615635603764,72.68236661317015,111.18181959479368,111.18137923109497,0.15148185518770957,2.2992447103490576,1.5678516435172776,3.8670963538663354,0.9249142916806306,51.42524382612831
129.03929630014053,188.11138699027836,59.07209069013783,54.88749073567531,26.543793730167472,38.075058328079365,64.61885205824683,58.324526370084726,58.32393566988176,0.24322502375315147,2.608637544176682,0.4344311250035609,3.0430686691802427,0.9247441240983658,108.16565946745938
108.62938111959694,139.18831252001723,30.558931400420292,58.98935055545359,18.029905753750842,40.42540513668162,58.45531089043246,114.25998419338126,114.2593850738759,0.4433754700786432,3.9264350087037405,0.8627445456012814,4.789179554305022,0.9264015617194703,26.41323963299375
134.7726304848423,161.88081662617762,27.108186141335324,38.890115017652455,12.873601634460005,34.25929497966029,47.1328966141203,171.37326090905867,171.37278672187466,0.454371593158868,1.4580737341277532,0.7668577611946134,2.2249314953223664,0.8800033089471945,-53.610586576792876
137.49134769065972,167.24631682284115,29.75496913218143,47.791678132076356,23.584205475414628,41.709664095023065,65.29386957043769,188.24845322252276,188.24791137672554,0.21815336060748985,3.4864399770894443,1.399880895548136,4.88632087263758,0.8742057345026581,-44.15776534379128
112.8205875012072,162.88065750657682,50.060070005369624,35.6407547485078,14.700754254726439,44.621854471414636,59.32260872614108,115.97406832780514,115.97358677365901,0.2790852725749383,0.8604848205781703,1.2109297086279458,2.071414529206116,0.863865997902041,23.06465795705642
104.00616439612071,133.4262226662072,29.420058270086486,38.92480626814919,20.72521383055588,54.25036691033581,74.9755807408917,82.65409859002067,82.65367068817979,0.153846584135239,1.1751887055097698,1.3134822539341346,2.4886709594439047,0.9010663842556917,52.28370749679512
111.37992005136108,169.48491125417047,58.10499120280939,54.21013694792742,19.42633364201518,29.664359047572905,49.09069268958808,96.12408615849029,96.12361877312074,0.4018162718901414,1.8283327266989193,1.2971281996891684,3.1254609263880875,0.8665591719107797,53.51429655582885
159.94330005720127,217.1516292935275,57.20832923632622,58.23313873233905,18.546848789480784,45.80590638324874,64.35275517272953,98.77801850404752,98.77757182970778,0.4373703324329353,1.571089335105055,1.5046907418673807,3.0757800769724355,0.935918069320303,72.5369269300278
122.87432466962835,178.55655181027618,55.682227140647825,57.510908304094926,23.84413183652254,46.541490134964526,70.38562197148707,117.88489252857671,117.88442691293264,0.45634106904861116,2.5209597411464237,1.89283541339906,4.413795154545483,0.9520974608394878,57.910560931313015
136.14056014178672,179.89417236266655,43.75361222087983,37.95024655423415,17.888143495148185,43.18170683031967,61.069850325467854,93.02851478464075,93.02807178030307,0.45554937189545597,2.4567729964503076,0.4956173323320499,2.9523903287823576,0.9150362542150315,42.400673258788444
123.58443146922774,182.0025763931941,58.41814492396635,49.69036807162138,26.17159115944286,41.342462563379755,67.51405372282261,105.07622466206035,105.07580219303654,0.2593509451635333,3.132112881042477,1.3475346236484822,4.479647504690959,0.9310610859481342,61.271050146093785
135.91858674260496,164.10869303181255,28.19010628920759,46.989297616683416,24.776600593600566,33.97707438139146,58.75367497499202,111.44702794046178,111.4465844547759,0.21921810911324688,2.728247845458573,1.3879718180048757,4.116219663463449,0.9013849631689838,16.36108953312068
105.81024480718918,145.3103350209568,39.500090213767635,63.021303306490935,25.53156552057953,47.847965077863485,73.37953059844301,107.78664993030559,107.78606877889922,0.45659531209671606,1.5161802995343303,0.7581481970177173,2.2743284965520476,0.8797820010233671,57.52360611725316
148.2336724500812,185.61240342704883,37.37873097696763,53.06786817605353,26.780704358698035,34.617151248143564,61.3978556068416,162.04085584916567,162.0404388048305,0.14819757544696724,3.4357036697396417,1.941668956868936,5.377372626608578,0.8850338516754047,-13.914107709566826
107.84592088971891,164.56299766523574,56.71707677551683,62.081495700588036,21.35832448956811,31.890360582099174,53.24868507166728,107.07604287164493,107.07557792031618,0.13282892751775024,2.608169503151588,2.115348066607565,4.723517569759153,0.8556325989297262,51.436638721701385
127.33659149379011,173.40070297658463,46.064111482794516,38.03181923437191,16.165406264076392,38.01752376718071,54.1829300312571,79.99758429383965,79.99707860386076,0.2531913755637533,2.2212468998301405,1.0128773665392987,3.234124266369439,0.8808720730262767,48.266915298540205
140.7222023420119,198.27885610855986,57.55665376654795,46.61157888403266,24.921176937257183,31.05458148730102,55.97575842455821,133.99756710834575,133.9970962058145,0.4314330901115274,2.7375286754707493,0.4656219988833884,3.203150674354138,0.9036109639359603,20.34237113788757
132.1259863389346,163.4461391152894,31.320152776354803,55.58915310997387,22.795636681353095,25.502797208962562,48.29843389031566,164.29047390494776,164.28997038352875,0.34032556099024547,1.8159261669163584,0.7194142453541814,2.53534041227054,0.947039869029917,-30.26540219173235
156.78714999170023,222.56829031040095,65.78114031870072,44.18212160041171,24.332082712943297,25.858680287302157,50.190763000245454,156.45881017971712,156.45840149570506,0.48724868785649517,2.1475609344955275,1.2070604515089562,3.354621386004484,0.8934706242260078,-0.13066708585244718
107.07581054148851,150.60182402126352,43.52601347977502,51.98547942268177,20.116817363594716,47.25514265573379,67.37196001932851,105.57298795544993,105.57245824152326,0.2763805150322873,3.5447897373340447,0.5887250026078331,4.1335147399418775,0.9163880913094756,48.47793753051236
123.56686123078214,166.44008794137693,42.87322671059479,47.95416323029679,17.429367816982822,57.474324281323945,74.90369209830676,112.56712486680215,112.56661217104184,0.23616107093606473,1.7675129064265092,0.41672952812573416,2.1842424345522433,0.8374334062730303,42.49477634223391
127.53385269865095,192.63672114676748,65.10286844811654,62.21672775976822,25.913301085795833,36.83273182116994,62.74603290696578,161.05212012912943,161.05158393587627,0.2269395153114608,3.631355154434655,0.9810454316388776,4.612400586073533,0.8971752210354552,21.688946371453103
123.83831982313055,163.18140306477008,39.34308324163953,39.235290876886545,20.53897522075382,29.572791929305964,50.111767150059784,100.72975492543074,100.72924147386757,0.42986820183422536,2.68780271571621,0.24302604765030372,2.9308287633665135,0.9150237907448654,22.509770846157725
100.68715587439875,138.6003417141644,37.91318583976563,60.446428788164326,24.825232724049027,53.50268619584046,78.32791891988948,138.36349603790478,138.3630084571883,0.19151359914592234,2.5039962272065686,2.1986566879515883,4.702652915158157,0.906202722994595,30.2946819725533
110.78307593666831,159.52499441618195,48.74191847951364,43.80597666713119,22.682080489538976,32.610918994404614,55.29299948394359,125.9654119493443,125.96494192103584,0.5249415187624002,1.9192409371056376,0.9719492623052105,2.891190199410848,0.9312543080466017,17.19078782399109
111.51437671379493,140.68982658305168,29.175449869256752,46.45585898657751,17.129474332052226,57.52583312084904,74.65530745290127,86.64303815646373,86.64259286942571,0.285954173246422,2.1482095908157643,0.4670343815415727,2.615243972357337,0.9272685303836675,56.324910341446675
115.8208959234722,153.0489802996363,37.228084376164105,48.04549964307183,22.450850093718454,43.36031203346699,65.81116212718544,89.4118894594964,89.41138944595103,0.44897364305685045,3.063207639229907,0.9668312516803274,4.030038890910235,0.9209720913843107,52.67439476237855
128.11858598465847,162.15460310930308,34.036017124644616,41.940027312434125,18.971488745037842,31.254905095517387,50.22639384055523,136.93665280969827,136.9362475992078,0.5102236928984569,1.8518121985377847,0.3673751503095339,2.2191873488473184,0.9324521438658737,-12.553808691116053
125.59385861927029,153.39984417662492,27.80598555735463,61.39733243438438,21.108876528866038,39.730266891842284,60.839143420708325,71.86867456127712,71.8682089131115,0.29488584392449413,2.9085580876636254,0.5294765831150389,3.438034670778664,0.9037585396296222,67.2769894825155
128.9788927705189,185.1897236926288,56.21083092210989,59.235664832070114,28.112456025736844,32.198782173461915,60.311238199198755,115.76315999569931,115.7626244212406,0.3970271566404944,2.0774443936925295,1.3667261708907452,3.444170564583275,0.9283618345692713,52.131148587021556
110.01423028478446,152.95432888075638,42.94009859597192,63.07899939890006,30.90407879392494,49.5936862193462,80.49776501327113,149.6917703884008,149.69134864499287,0.22337550487301805,4.408578011501289,1.340153061741127,5.748731073242416,0.9400466509847586,29.00364265978904
118.07056969917568,155.78027674819987,37.70970704902419,60.66730985308394,28.526956424413086,25.88193503421973,54.408891458632816,111.68987117791808,111.68945859966962,0.38924112824955515,4.17105779690759,0.9896890739454794,5.160746870853069,0.9053168107676544,32.180809396419875
104.37333250991807,142.2987780900737,37.92544558015564,51.91174081014717,20.781348555538003,48.28707705476068,69.06842561029868,91.83074179658236,91.8302113608613,0.5066552975226262,2.792137521871162,1.7141097680752668,4.506247289946429,0.8561734223755352,53.13626135858795
133.7877796478087,176.3656929567112,42.57791330890251,47.58729219296873,16.35440845561137,51.64277397910011,67.99718243471148,63.75294814081467,63.75246858587044,0.38937932907996703,3.2604954343798958,0.9072564560811415,4.167751890461037,0.9045229597492844,81.27390986213241
110.7971558761284,157.3984650908661,46.6013092147377,58.47918346215202,29.75606140809813,46.843139780502895,76.59920118860103,115.42368284819459,115.42312248318727,0.16885015168275722,3.312943364437167,1.2648034364615506,4.577746800898717,0.8585632637878519,52.81020440188943
104.75645207649065,166.1265755962908,61.370123519800146,34.70284011911422,15.823934442622782,52.70453897299185,68.52847341561463,104.06690958488237,104.06632212262157,0.5711639702677447,2.3831963758960653,0.5843379738822381,2.9675343497783033,0.9190362499109275,52.38177298132596
115.38141490756067,172.5662591066778,57.18484419911712,59.05006141932847,27.49455334869012,30.313424816433418,57.80797816512354,94.48443286574033,94.48384145764959,0.4558999518558906,1.8312408708862478,1.351119252012051,3.1823601228982987,0.9070095972189338,68.86087813017586
118.90583291666354,157.04184172447015,38.136008807806604,49.29653937477927,23.64074467049029,44.46416784682289,68.10491251731318,110.18027114736572,110.17978602879494,0.3717291576124926,1.6657956125034925,1.2454500305996328,2.9112456431031255,0.9226399697016694,38.81979981362207
113.48704992648382,151.58749551726876,38.10044559078494,51.63799091537441,26.83144693315287,54.27992904580199,81.11137597895487,84.89025915570197,84.88980629025711,0.5446065844484739,3.5218375477819914,0.6031226188421674,4.124960166624159,0.8492932128799668,69.0394184916361
130.92578731448052,173.5838705853453,42.65808327086478,45.19257954959563,15.719002770727279,34.321031222056845,50.040033992784124,105.92407849627466,105.92355677352691,0.3034424348004853,1.9535045769674746,1.0723031571470798,3.0258077341145544,0.8693938561610612,24.89760550709284
125.92765291304939,171.36311378265583,45.435460869606445,44.77849072189119,18.12722405993721,27.548242630321315,45.675466690258524,123.59721578061917,123.59669014203398,0.2648792292843143,1.8434327871264373,1.3099342264238236,3.1533670135502607,0.9213842482985439,8.176807831602813
129.96893185018666,170.66474986885868,40.695818018672014,33.70911059823779,15.867485500420873,36.822935305912644,52.69042080633352,94.67589383075295,94.67536936176575,0.3092855597419232,2.06263409485876,0.30830346951849,2.37093756437725,0.8958688452567312,26.642921705687144
143.63697296248216,197.5243571893048,53.88738422682263,47.057820337166326,16.469152642314505,32.01473512052018,48.483887762834684,90.52321895649315,90.52275460077041,0.11341262490662819,2.479149151082435,1.4618104555230795,3.9409596066055146,0.9286684757560357,50.93929118803814
134.73916324889484,181.24538933793693,46.50622608904209,45.08306574848256,16.488843689510368,53.4770962162058,69.96593990571617,130.07404445746027,130.07363170711298,0.3830277280310563,1.8330668102265508,1.6053446108118878,3.4384114210384387,0.8877921058697038,24.556472482616346
113.00900418999417,149.15890531475375,36.14990112475958,40.96908737013658,17.533753085145708,36.86088220295579,54.3946352881015,163.43019546190308,163.42975346093533,0.3522600568193504,1.719140439204211,0.38817704982938267,2.1073174890335937,0.8999347460777042,-30.935893351683514
152.52192363868986,194.09034554905682,41.568421910366965,40.91880348578395,19.961518180534018,43.564701165327214,63.526219345861236,103.0899575158336,103.089526631948,0.12987321668933946,1.767944235906658,1.5430005148676347,3.3109447507742926,0.9013614256438429,35.588543433373026
122.83077080215622,160.61110098872996,37.780330186573735,50.58277813758757,23.224239168944024,49.63191715993558,72.8561563288796,139.78874850187384,139.7883237218047,0.23930648542161334,1.5143410117852245,0.9040882925096745,2.418429304294899,0.9284782135059547,17.430511971579023
117.49550326039699,145.12750120062765,27.63199794023066,41.79045230764041,13.509984285729917,32.847297935638686,46.35728222136861,161.90582792119255,161.90524266452834,0.39963772004742143,1.4918502535616274,1.3206832697019963,2.8125335232636237,0.9018152246921763,-44.49347227234182
128.97740211813735,159.6487267048002,30.67132458666285,59.20354237192831,32.18992483384924,47.47811743994821,79.66804227379745,59.93937141426078,59.93896864473159,0.42561193903781275,2.8660245463132203,1.7228337861644205,4.588858332477641,0.9327363854862843,97.55440450260292
112.7648529565425,162.49025418742372,49.72540123088122,36.80534976546613,13.17414942078491,24.872397827250744,38.04654724803565,141.5922296132322,141.59170924168436,0.4857953096370245,2.250810479705961,1.1887221576455078,3.439532637351469,0.9112276585149528,-19.080869288119608
121.64831508478977,159.93736215407017,38.2890470692804,48.73826462779023,17.934076799015553,27.89278061305065,45.826857412066204,90.25179135212232,90.25120185736317,0.18272043541029176,2.2137142911093575,1.2776849402901487,3.491399231399506,0.8446852672321195,32.88262402534364
142.62461170081554,177.0942325618284,34.46962086101286,36.93785014231882,20.965445878548614,28.85067072124367,49.81611659979228,125.69695823023686,125.69648621961136,0.4275694301034994,1.61129082022575,1.0077094303611578,2.619000250586908,0.9328940365491813,-7.014867132457803
140.7547949209803,185.71807359716672,44.963278676186434,49.71977963225821,23.559653970922458,36.07880255159724,59.638456522519704,123.72107388372957,123.72056846411174,0.17187865633440216,2.6916749695614546,0.7559509496665905,3.447625919228045,0.8340789316445237,22.504652143508217
150.65019578516475,205.651911151639,55.00171536647426,48.515202702300336,25.287416869925643,40.218517314430095,65.50593418435574,114.14184875371404,114.14130959698134,0.16089808266999184,1.5600342690452433,0.8046042197138459,2.3646384887590894,0.8978539056711655,47.008044548509076
137.56550547788248,175.64233911529234,38.07683363740986,52.523529131361755,26.143064278248385,38.62498597129874,64.76805024954713,177.44320258170924,177.4427391477703,0.4062885123329557,2.2011859731592116,1.4746153161152662,3.675801289274478,0.952790781579199,-24.92159197826433
126.83494567787564,183.17723614061478,56.34229046273914,46.44024690837423,20.135666663641366,32.60797345686798,52.74364012050935,148.02354095272108,148.02304542232355,0.32391769497133194,1.5567631087011258,0.8036338256721572,2.360396934373283,0.8925479612639178,4.30102568173445
145.2040413583587,207.1975055342932,61.99346417593452,47.64101541832663,18.505222720944,26.884103455317597,45.3893261762616,79.56521729924414,79.56465387867408,0.4899754983186257,2.664062418584972,1.6622301491845914,4.326292567769563,0.9212627848550821,65.08065988351414
122.56717832191097,172.78270910106374,50.21553077915277,38.877717257410644,15.818224990942944,46.02232507025602,61.84055006119896,148.48026299274747,148.4797139216144,0.21199199184351245,1.1349148425560753,0.35326537049520135,1.4881802130512767,0.8838378056089584,0.6663359022947378
149.3026417656148,202.00631551274375,52.70367374712896,46.18549579024531,25.936621412253636,24.644312958928047,50.580934371181684,112.75523408107286,112.75467239119055,0.2200849732710116,2.130915631392727,0.7489756678531487,2.879891299245876,0.8555059387448036,28.75822159557806
125.76588376241371,152.95218039478556,27.18629663237185,45.574065014603285,22.14980421215696,46.3341590585148,68.48396327067175,92.4914562659318,92.49085879789908,0.37047654739782226,2.3263641983333585,0.4855619446103343,2.811926142943693,0.9554373994393396,43.54029833267713
102.71710064714468,161.37317564464766,58.656074997502984,54.098138397468645,21.527306490347833,50.9552081544164,72.48251464476422,89.32463962957864,89.32416556408366,0.17217673669948602,3.377644483026102,1.4326416444955685,4.81028612752167,0.8951847495414784,81.39923844644059
106.7041186245668,147.58268620959345,40.878567585026644,45.51385832586725,18.05396585578271,49.286448601901654,67.34041445768436,185.37914380159282,185.37859438334024,0.2351663449025948,2.704728137417357,0.3819070212012095,3.0866351586185665,0.8865635424608564,-31.000959891485778
141.94840163193672,201.49275772324503,59.544356091308316,56.3074745620753,21.915461210813927,46.54837696237084,68.46383817318477,103.08720789509654,103.08668733818313,0.15974869366764183,3.882857651239364,0.7984100224518321,4.681267673691196,0.889682307825611,67.96102109897707
100.4456293597699,146.02995863882845,45.58432927905855,45.875063811496155,17.55573008258658,45.45074635918836,63.006476441774936,113.88298450156302,113.88245118060956,0.21857171474292672,2.591471881879167,1.7858885153095165,4.377360397188683,0.8833586592747918,31.789857595449554
118.34860372440609,144.50879924503803,26.160195520631945,41.48236540606498,20.665802965358843,45.128455506261844,65.79425847162068,107.83461823249219,107.83407025771122,0.47630767247236505,1.639003626657128,1.1706346436343558,2.809638270291484,0.8511313235855462,18.994530243977863
110.54490536920547,135.6113090689037,25.066403699698228,41.14265197359889,12.988432248786324,50.73811167352469,63.726543922311016,102.29921068816857,102.29866074190518,0.15602522766123136,1.4511286128745586,1.0528256399369447,2.5039542528115035,0.9438875310000522,23.57544051468687
114.44092454278812,167.62306841098876,53.18214386820064,34.877881326292446,15.202407691432104,50.7658303141228,65.96823800555491,68.07848072833615,68.07790357930628,0.4023687423705774,0.925818789058573,0.35656006342600177,1.2823788524845747,0.8688990296530752,73.21830852241534
111.9679225101917,156.5467118030073,44.5787892928156,50.53672292359161,27.011101993385537,37.325689241297816,64.33679123468335,109.07158844390142,109.07111857956637,0.3726944559786681,1.8319080403488044,1.0591908062880446,2.891098846636849,0.8610348560474959,40.56971646686877
132.99209562152635,158.24793211809975,25.25583649657341,56.48315128971409,24.939023423062224,43.108281774316914,68.04730519737913,93.23228810753777,93.23175741126654,0.30382552123478945,1.759761464254312,1.8797588032755905,3.6395202675299023,0.9549925249372816,50.24329297142846
94.76737063192479,144.45356544086982,49.68619480894503,56.08432485176105,24.216117284300257,52.73539225251423,76.95150953681448,136.63807742576188,136.63762136767556,0.2982302143457793,2.3267029777705304,0.48896937718017425,2.8156723549507046,0.9537103183990446,40.98141425380554
138.99106980250468,194.9783531772156,55.98728337471093,45.06712805786565,17.236575869545252,23.001385904015685,40.23796177356094,111.44220218056124,111.44168326682022,0.4351246977976689,2.6611914813433626,0.8330873280550972,3.49427880939846,0.9269132190351451,24.026783048329484
143.69002194608586,187.56349045011333,43.87346850402747,39.44231368740214,13.631412907581876,41.22670436676314,54.85811727434501,141.18132409928006,141.18077386425202,0.39924101539067636,2.234549429383267,1.4403345407002466,3.6748839700835134,0.9387933295426407,-6.647594988149308
109.2694101983689,148.3886218349094,39.1192116365405,58.167858875248534,21.27055617353351,42.40314852828384,63.67370470181736,74.37561363721014,74.37505543699291,0.18366535773763026,2.298129864279891,0.5855878840741943,2.8837177483540852,0.8940945738939953,74.67329163776539
104.27465426927546,128.69970828939788,24.425054020122417,36.11349049343155,11.53360976977429,45.19450730248538,56.728117072259664,131.40099170337245,131.40050767847185,0.5080732920568661,1.6938570980748016,1.1156971814135224,2.809554279488324,0.9213296940638996,-16.078560892004724
126.78351761510683,179.84871550842894,53.06519789332211,44.849592971630145,16.116447708477757,38.812820974363134,54.92926868284089,130.2891010371767,130.28859929313205,0.11602394041442196,1.5474466109043998,0.5593691723689448,2.1068157832733445,0.8353228449926011,16.984302428087606
103.38614634846608,139.83227668105934,36.446130332593256,57.12129046362007,20.884478876439115,34.19553503891369,55.08001391535281,147.8433005342812,147.84283376431097,0.2874607162580698,2.807593812031158,0.6557470304343685,3.4633408424655268,0.8871904765895777,-2.6138411246171933
118.66137982563292,176.76854722625106,58.10716740061814,45.86114869634317,17.496660507857605,32.19891745902342,49.695577966881025,124.28559846150915,124.28516465423985,0.324111383225546,2.1721279065126224,0.5925891263892583,2.764717032901881,0.9025141151999317,23.727006733819934
148.7204510220201,187.92093553308717,39.20048451106709,37.610941039976645,12.028800746382597,42.190801657795596,54.21960240417819,91.70720059288226,91.70674848940122,0.20644976660578296,1.4143094812144417,1.436901986435288,2.8512114676497298,0.8916924547475252,32.338669836295715
147.5106793309168,193.013461077553,45.5027817466362,41.70054287796185,20.681725854463146,54.440750139488934,75.12247599395208,145.3905645825549,145.38998215515392,0.14292813309568078,1.4979205872994141,0.9437576357519747,2.441678223051389,0.8565422613638703,12.292419671655752
131.6532334004439,165.04030658068334,33.38707318023944,51.76293106703496,16.941077488461204,48.824416254878884,65.76549374334009,182.43227788359346,182.431816089685,0.11929156033783239,3.6102226778667617,1.2047549718502892,4.814977649717051,0.8941734750878764,-32.59314832319469
110.90274150941903,140.66949961005227,29.76675810063324,37.30009379791492,15.535087442953472,37.672596075728535,53.207683518682,132.2268531412242,132.2262581893575,0.10778803381863664,1.880149637919797,0.767027322575317,2.647176960495114,0.9432824757963841,-13.87256084709296
131.92187708590876,184.9697616085774,53.047884522668625,53.039167175697166,27.321665492074032,31.838516931680495,59.16018242375453,127.37079377109977,127.37034547548272,0.3336484090069485,2.67315071869091,1.9346653081667025,4.607816026857613,0.9374641432119838,30.87577923907557
139.96880702136204,185.12196249187403,45.15315547051199,44.880218996792,15.196963741366975,48.865440072521835,64.0624038138888,141.73001633388697,141.72947171966948,0.16166470628938756,1.123964999591027,0.9847769553401515,2.1087419549311788,0.8601731625989454,8.684222146525794
128.89824386232897,177.57028885411512,48.67204499178615,42.36785461463697,18.211374019721976,45.96508436073062,64.1764583804526,116.75772888703106,116.75721410637234,0.40904268701610275,1.410145808670934,1.0198215763897482,2.4299673850606824,0.8983963066466643,32.00099665575043
143.80745630973885,210.41229293538936,66.6048366256505,41.5665574851441,20.697741702453147,40.55926136244944,61.25700306490259,122.89444020860435,122.89390083459445,0.5294551632671023,1.6595300198014944,1.4914985581660598,3.151028577967554,0.8742741917879235,37.466157230619174
101.67597663806329,163.43570259433477,61.75972595627148,58.360082029147044,25.923125201817243,36.19017299791857,62.113298199735816,175.538243040618,175.53771424902868,0.1970166390270698,4.03534945363589,1.9364270645427595,5.9717765181786495,0.8830828794131967,0.4650303659841066
112.70475086534583,170.9607255371504,58.25597467180458,44.2502374836417,17.193775251662846,25.40024205418738,42.59401730585023,120.84431730437095,120.84377595465423,0.19045615674428026,1.4553779007836447,1.3805681326278543,2.835946033411499,0.8766274004608612,18.61084469722225
122.42424983512797,153.49823240599457,31.073982570866605,53.66018368482532,26.26283059176686,47.33936163789333,73.60219222966019,110.79189613977256,110.79131503036287,0.31041441779046886,2.1157614526485737,0.5933860775754587,2.7091475302240324,0.9272050447924971,41.284251075082004
111.15947966023276,159.70039265303436,48.540912992801594,47.605750240124216,21.87387594949354,43.74514957763692,65.61902552713046,176.728912197837,176.72839950393777,0.49292705552838545,3.302928908137349,1.896192320643332,5.199121228780681,0.8659003598981024,-17.884963276118793
112.11903956104125,172.09632950830056,59.97728994725931,35.2191057110782,14.611946299259447,35.38654885706874,49.99849515632819,80.54459257958531,80.54417900982874,0.2826986682403334,1.6959581951398224,0.5077288703216671,2.2036870654614895,0.9244623860739601,57.4685812084013
145.42996291881278,185.46407293517385,40.03411001636107,45.58727498276978,15.102459568086532,49.296238011285595,64.39869757937213,126.82991363234564,126.82945946725874,0.13540888120230093,1.8141713620575348,1.5988859986944137,3.4130573607519485,0.8423110067089856,16.544804926507464
161.67396287411998,192.84208861552594,31.16812574140596,47.29464406420057,14.902122929927064,44.05301442051285,58.95513735043991,122.96699019905041,122.96644855525433,0.5286825667448863,2.6212344992504883,0.825186153521305,3.4464206527717933,0.8786600527716786,9.205154972166339
124.98014637801923,179.15115505100562,54.17100867298639,45.34855450024902,22.15842730841995,51.53966966293896,73.69809697135891,109.53533550270106,109.53483668777547,0.3036342545067283,2.232692567881969,0.5124427711260515,2.7451353390080206,0.8990788681855547,54.51479652092143
151.8203319041623,197.8728160636259,46.0524841594636,56.61169807235523,23.32189951212783,38.10049035830936,61.422389870437186,152.83853206248594,152.8380223520894,0.22953563493364573,3.9974015845126765,0.8408665313273138,4.83826811583999,0.9652762892939323,5.9661275633623605
154.1446284740514,201.73887372248586,47.594245248434476,61.84894089278595,20.484272681495703,37.23088078722582,57.715153468721525,135.57015116639795,135.56963185030688,0.49175642123275043,1.6767976714935486,1.2810506291599852,2.957848300653534,0.8967456278592026,25.23361762098083
103.13689510570187,162.64423672924084,59.50734162353898,55.85926459610466,24.894078713666477,52.85806786654023,77.75214658020671,93.20138947055304,93.20091294469844,0.4240334570035951,3.4864024893099943,0.9751823851785816,4.461584874488576,0.9074230841732512,86.23443155083497
130.46222934632635,181.3445243656998,50.88229501937346,50.4714907782593,26.543457328360155,52.91941227651427,79.46286960487443,107.97302465583014,107.97246987672513,0.2936207648219734,1.8821906238190045,1.7841544359116464,3.666345059730651,0.8762194629283719,60.35769399085125
112.56824256129245,151.06347302707968,38.49523046578723,50.01420159230759,15.828188990101776,54.62587189627457,70.45406088637634,94.58147169472319,94.58092698774641,0.24424542375828118,3.0811654103964954,1.4671586881618517,4.548324098558347,0.9259446280597771,55.177037084541475
114.39358575403496,157.1638813158048,42.77029556176983,52.4344202770182,18.173201724773136,54.38178693877891,72.55498866355205,162.43064484937634,162.4301019894939,0.30375355190620323,3.3726195348613923,0.687148362055678,4.05976789691707,0.8745210278444925,0.8448582050904128
146.85548431479265,190.19512845779835,43.3396441430057,42.47696726206368,17.659868408558925,41.5563702923732,59.216238700932124,136.91786635732367,136.91732329528887,0.17714307966335638,2.7024426741001544,0.9295517787467855,3.63199445284694,0.9064667744876821,3.903598798700401
117.63402720037126,146.0938011134039,28.45977391303265,57.73912038701815,25.3752564540666,31.00318679562676,56.37844324969336,121.64506079065114,121.64448271905081,0.2622809031612545,3.7400797481240287,1.9033888116116648,5.643468559735694,0.9324437475838027,14.011930444484747
123.63497932106175,178.53538030833715,54.900400987275404,58.87239983011003,25.660569800292677,35.77401032221448,61.43458012250716,76.15773848885354,76.15721941029766,0.18815404036693978,3.4102544788393203,1.727394676268724,5.137649155108044,0.8740179674599822,81.91677317267853
103.2997820003342,157.44127582025496,54.141493819920754,41.62033504600166,21.315107876455762,57.95914593988581,79.27425381634157,141.4172858832117,141.4166924687718,0.37145991910625353,1.2681726139257214,0.8691568765323859,2.1373294904581073,0.9215696367788994,28.670585082849097
111.59395697970108,148.11335827374276,36.519401294041685,60.945841797810644,19.561529343997805,35.32267136545301,54.884200709450816,142.33979831013724,142.33937447160037,0.42833991914472824,1.5806189443406415,1.8891868971833456,3.4698058415239874,0.8848669809105996,5.408239356087516
156.5287292350914,195.72611690543667,39.19738767034528,59.00726044725477,23.67031899118831,48.687170497460706,72.35748948864901,82.71907382901342,82.7185474372181,0.458173929741941,2.3442433558776763,0.5286567354161018,2.8729000912937783,0.9268213585010681,78.32800502662839
104.51004766199566,163.57681533788215,59.066767675886496,46.673750013104424,18.65863718946953,51.38337781083931,70.04201500030885,114.15270350216682,114.15216011685763,0.4737862540163583,2.1834633565592565,1.2795930088432343,3.463056365402491,0.8431382404553507,48.643621330250134
116.57218720586562,143.63669172141306,27.06450451554744,58.65349326150426,23.286164403907925,54.964506230187624,78.25067063409554,110.70849693746513,110.70800149338294,0.16130133903213958,2.305609026549845,1.9700974799850606,4.275706506534906,0.8674607003283401,42.352605491360336
106.89158874657274,148.38681859894172,41.49522985236898,37.35335137842073,16.668575956878215,53.676113841490725,70.34468979836893,104.50103930330371,104.50058166162643,0.1985397718542203,2.1969853087997016,0.6671363754425262,2.8641216842422277,0.8436479171519208,35.12108633845911
118.14431134574042,158.33938153400942,40.195070188269,34.74802757429815,17.175194262692088,41.448581689240335,58.62377595193242,95.43886759028645,95.4383575827959,0.3309031247392817,2.0038063459068,0.21392895027672096,2.217735296183521,0.8988163992869787,31.979777571075083
128.18865649729466,178.62468156423157,50.43602506693691,43.0381550467611,17.273416725712536,39.328431653494775,56.60184837920731,163.60394995721043,163.60347700767437,0.22065791385438327,3.0719263869851616,1.3657340726912293,4.4376604596763904,0.8643519408574178,-15.718902905882517
119.8739399007705,149.82200703951113,29.94806713874064,51.13227444182561,23.001252236295922,54.615336496689615,77.61658873298553,118.64911435624758,118.64853253143336,0.12307799979825981,2.1538195894793444,0.8508211016208169,3.0046406911001613,0.8784487848496029,32.43292568350434
107.11572589456891,158.51752425671313,51.40179836214422,43.1544850552873,15.119910207545638,30.92500005379964,46.04491026134528,93.65340104288033,93.65292968439783,0.475788531588599,2.6897675442647144,0.5370494438007634,3.226816988065478,0.888991521549311,38.44502372784755
111.86960033878043,150.8714059413329,39.00180560255248,59.97698081617534,26.90819932048315,29.21398595544526,56.12218527592841,151.030447926894,151.03001278549544,0.22179060540120984,3.6229321740400806,0.7171882689352017,4.340120442975282,0.9335914662874829,-0.45834872752736006
137.10898935716637,183.57559190183724,46.46660254467088,41.81239599798038,16.749158533645566,53.71476514677474,70.46392368042031,116.75514578177008,116.75463050394205,0.12157183740083237,2.912878850347199,1.3345657326398679,4.247444582987066,0.8788240706026811,33.06072465116299
131.63971985335058,158.11943992260464,26.479720069254057,40.9745841916561,18.321019863350678,46.494372391274666,64.81539225462535,145.19301773485273,145.19253853633447,0.28372262844723506,2.539205135628552,0.5968814885053338,3.1360866241338856,0.9467265337077463,-15.472021591641603
137.17226167569407,181.01803089024276,43.84576921454868,51.70219234559395,18.53209198133994,40.01328407146751,58.54537605280745,83.6432724725915,83.64285329296254,0.5555358521871115,1.9501278971304632,1.1471810468532189,3.0973089439836823,0.9062310569064792,60.534095464526466
131.57246035724512,175.51605889811148,43.94359854086636,33.25048087301326,17.25705519529019,29.36097585668534,46.61803105197553,98.19351635226359,98.19300338379338,0.33935073044825004,0.8272231712981972,1.4299606752106702,2.2571838465088674,0.869297042644706,20.013454192760786
145.2483663106428,179.97965487846332,34.73128856782051,56.06597728117191,28.990769209462616,39.99756643598205,68.98833564544466,85.82527527493687,85.82476770565464,0.1914317902423934,3.8445103427731575,1.644247939594623,5.4887582823677805,0.9033234530340513,61.67950685708054
101.16395336537181,130.91700314257477,29.75304977720296,44.32874426955486,23.066194668270143,52.99000052376064,76.05619519203078,159.53623240589903,159.5357977664817,0.27703165589420753,2.5883510048915284,1.035071828067369,3.623422832958897,0.9225999078859859,-12.268976234109129
117.432513288741,149.27442188774916,31.84190859900815,62.767550366577346,32.908559461438564,42.811104699598765,75.71966416103733,125.86427423597809,125.86375470834429,0.4978960871134161,3.8969282688235833,1.6703474937131049,5.567275762536688,0.9351961825628304,35.911717240643625
126.25929579384585,163.93526852744262,37.675972733596765,54.63032076434081,19.6016714335961,38.0903272792256,57.6919987128217,170.64648529093893,170.64597181914417,0.1195887975165026,3.3210311117228914,0.5277357288209594,3.848766840543851,0.9318535761020833,-22.93854047385493
117.43385069399608,146.1856307446514,28.751780050655327,35.22624949438195,15.737150611961699,39.23690079167856,54.97405140364026,191.02321062680244,191.02265590427783,0.3697787707941552,2.067553037718171,0.6616911938296013,2.7292442315477725,0.9258159296643831,-69.59321121593017
141.19264644431942,201.25592685061147,60.06328040629205,37.137983769338014,13.496041953320685,49.69204598639086,63.188087939711544,71.36692823512013,71.36645592113416,0.4011612986616336,2.1646490225447494,0.318286997862684,2.4829360204074336,0.8743785207571663,75.31791554024255
123.11208590097402,162.95786877918295,39.84578287820892,36.682955501613435,18.920946845918465,50.6061382390282,69.52708508494666,136.29645442560653,136.2960046737018,0.42917856477025385,2.4635787665484483,0.33875688096349316,2.8023356475119416,0.9318646460209066,6.083496235426181
137.00015621347094,191.75620333313566,54.756047119664714,60.8857415560701,23.464590003182916,37.907215696469684,61.3718056996526,97.2058159586179,97.2052257146405,0.16791032797086067,4.148537490266712,0.67703396630211,4.825571456568822,0.8685060746531233,64.9771837264722
141.8475226708322,203.02151501237094,61.173992341538735,54.9398616895895,19.95775024370852,45.183443125045386,65.1411933687539,83.11279088269842,83.11227863919386,0.4751166502755027,2.248773768144163,1.1289889434144857,3.3777627115586486,0.8493204763545509,80.0823337796527
129.44072007195416,158.43305210108235,28.992332029128193,45.99169387704859,20.955627567394497,35.510096513080086,56.46572408047459,151.50665602828394,151.50625060029216,0.2561676778662009,1.1673977098151254,0.48911498653079233,1.6565126963459176,0.8386744415870445,-18.424990597112256
146.81800676259041,196.66816306587629,49.85015630328587,38.09493398414855,14.192112203168554,38.97142216669645,53.163534369865005,82.42529355060219,82.42472940826536,0.14214971079281463,1.0130854183878408,0.43108650375382024,1.4441719221416611,0.9191267383859518,52.47990660751739
136.3073055296311,197.09437682107267,60.78707129144158,58.068772408793514,27.334715134163158,30.1727246595547,57.50743979371786,185.2325632034929,185.23212385188071,0.151705724158795,2.6724506442857114,1.798681036338565,4.471131680624277,0.8684019783269342,-11.716199660087609
141.35122033776852,189.71085529451454,48.35963495674602,39.61293335668571,14.702062348827797,43.376279493634556,58.07834184246235,132.1638780703614,132.16332086309785,0.31728197444123024,2.512669500440509,0.33691104962889457,2.8495805500694034,0.8427444590103158,9.034833080536261
129.0148690396095,174.34095880925958,45.32608976965008,52.90834821947977,24.261914842922348,42.43891408637615,66.7008289292985,84.73414920675177,84.73360817426634,0.12136519581396205,3.4894383466189756,1.32561386603045,4.815052212649426,0.9060858058636111,68.19676684917566
130.4954876773474,173.45477332925898,42.959285651911586,56.03278064794993,28.385309892326394,36.49211151498193,64.87742140730832,68.75572002158209,68.75512625883724,0.48185723939521224,2.4135029695207115,1.260726693138756,3.6742296626594673,0.9077930024586263,82.57128514882164
134.95354669654452,163.0617159351977,28.108169238653176,41.665541215852556,18.933132552138197,33.60103691684287,52.53416946898107,154.17555478327247,154.17496166741216,0.4668132605966123,1.6132582453852298,1.1329491233259457,2.7462073687111754,0.9009270222461359,-31.604612171206536
109.54543563344959,156.4016864286322,46.8562507951826,48.28556739104839,17.762002778736342,27.500841817781012,45.262844596517354,133.47426315225317,133.47380827012825,0.12421582152235866,2.3221093763415133,0.31911868387793596,2.6412280602194493,0.8761902490490723,3.649692178060905
115.26736510735469,175.0020720004581,59.73470689310341,38.68096519817176,13.964215531603442,26.00188601803836,39.9661015496418,87.73273072070197,87.73217743078573,0.4837378740324838,2.54806912569335,0.24485246774869238,2.7929215934420424,0.8357488581658987,39.5918777906407
144.24602320993847,204.4767034591703,60.230680249231824,45.47630618763285,14.772945786611734,45.971849782968576,60.74479556958031,154.51781711488465,154.5173537438675,0.4654344937715742,2.4213067109437496,1.2143123107718676,3.635619021715617,0.9309928080725759,7.292815552478395
126.17891553642563,151.6345294099544,25.455613873528776,61.100266095654526,21.13426321356993,32.50545336058661,53.63971657415654,69.38642280169688,69.38589696210911,0.10251355108454159,1.8881873404305405,1.2662487514589962,3.1544360918895364,0.8326164259437308,56.24552921626182
112.82511546850643,166.10370144295246,53.27858597444603,52.46450991408621,25.090366228267296,28.239766870652417,53.33013309891972,153.8304901014383,153.8299705522213,0.43766541138521164,2.216280307421456,0.4709291809781744,2.6872094883996303,0.8669036502669469,1.8364344195433662
118.66913087272334,155.48934661946183,36.820215746738484,57.94414232351493,23.98282381112425,58.285910743347706,82.26873455447196,95.31687670069502,95.31646579199189,0.5524751846586516,2.939635467042355,1.228815425276004,4.168450892318359,0.9049794936195644,69.67953028082802
104.75937865151295,160.9855776797272,56.22619902821424,49.181384992671894,17.952364417503034,31.5143718476418,49.46673626514483,129.80404840726374,129.80364737091378,0.4526177058351663,2.4470178056528815,1.1973349775222613,3.644352783175143,0.8565770819757859,17.9655928223831
109.02844080840703,137.78172634468314,28.75328553627611,40.75738631411055,14.15812862425793,54.15889400068316,68.31702262494109,177.7090695605048,177.70865800770187,0.3604176223085396,2.57431861042569,0.4109522193345575,2.9852708297602475,0.8612220639909657,-37.22774644146109
141.28712416861185,199.29222747932337,58.00510331071152,54.34601970179847,29.038622428290623,42.995319100826286,72.0339415291169,112.77479492297013,112.77436933456062,0.48280857886436296,3.7208277845663917,1.1337493742947389,4.85457715886113,0.894237502383379,59.26407873454403
126.13028098968188,184.21718069371573,58.086899704033854,46.6684359161365,17.40275178083959,45.71680349564996,63.11955527648955,157.84282206947867,157.8423705389804,0.3848474205627943,1.3815425718942316,1.2485473927085653,2.6300899646027966,0.8747428770577644,6.138580719368409
117.48255208870326,147.44954889737957,29.966996808676313,39.493702442626024,15.093609669814114,40.90727368437049,56.0008833541846,157.35304382064652,157.35246242960187,0.23205859315363908,1.3384070719145864,1.182758492603445,2.5211655645180313,0.8510848941418183,-29.485073569976993
122.70429734765958,148.45485376164737,25.750556413987795,45.35175507922131,18.697226866840502,29.755375824549905,48.45260269139041,109.63737475238459,109.63687102584952,0.1723722722986357,1.9425841036710707,1.1946082965482434,3.1371924002193143,0.883753128505411,5.840263536868272
102.9888568918423,160.73145552192727,57.74259863008497,50.59123394252225,17.25491866776182,47.59973171652719,64.85465038428902,140.3273435361834,140.32678415783565,0.32752174464957334,1.9820566757551952,1.204423364571533,3.186480040326728,0.8512436323262833,24.982040206680317
119.98647192789299,152.451024871563,32.46455294367,55.86465229335932,29.185775654161986,49.742705510481315,78.9284811646433,164.44487589400558,164.44430823165516,0.29174124460755213,2.388317702423978,1.716594813098985,4.104912515522963,0.9147877485792588,-1.4483611124600075
129.85402708296556,173.13068321368354,43.27665613071798,40.938939594198,14.064694362795677,32.20048735508953,46.265181717885206,68.09788206512319,68.09733507650347,0.20890957302339275,1.049274472394419,0.9617670124472317,2.011041484841651,0.9144644278279818,55.01737265549964
131.61708383308778,190.90997240293353,59.29288856984576,59.588554750006075,28.878994952336658,48.72509965577817,77.60409460811483,105.40252891819779,105.4020506411729,0.19746011149026146,1.5997777984391601,1.1393909259385029,2.739168724377663,0.861236473383512,75.91528951211099
148.88955510213577,195.12134393263838,46.23178883050261,44.30981263353029,21.06317599895245,41.82794317251524,62.89111917146769,93.66453332092155,93.66396054904278,0.49970394033129734,2.8525455775632853,1.320738303618208,4.173283881181494,0.8979684825604713,49.47426701624999
131.47350575124747,171.48484806221649,40.01134231096901,41.111534045198745,20.95336807936778,52.934259374206476,73.88762745357425,170.46538654669254,170.4648381367419,0.3559648235344437,1.1928657206674944,0.995990981630016,2.1888567022975103,0.9020369249745108,-16.2359031976254
119.48305763735908,159.68642727091859,40.203369633559504,39.21230916917193,18.46658005922489,46.08013382953201,64.5467138887569,130.91649270841614,130.91594407812747,0.26834941869475026,2.4802152321798365,0.2767704680429375,2.7569857002227742,0.9270258436914948,9.289831191914562
147.25105013581867,176.42321537453157,29.172165238712893,55.31530241389948,28.33863181079598,24.100042160418198,52.43867397121418,138.1757625178477,138.17518220298226,0.22024285633847498,2.1984225686676004,2.303545846365861,4.501968415033462,0.9555891375792885,-5.706063406114452
151.4485080064992,215.3677679863731,63.919259979873914,43.21718652745395,18.17041494646182,48.14162562173653,66.31204056819834,129.1445059153565,129.143986182662,0.15841164260134458,1.6959949430111771,1.6979240836588836,3.3939190266700607,0.8387293698331271,34.18004205096632
132.2768521710786,167.89275491692794,35.615902745849354,49.017090812315416,20.293422831945445,56.91925166848923,77.21267450043467,186.61877550258754,186.61826978770154,0.1411718512023846,1.3677559861671815,0.7905468133803203,2.158302799547502,0.9225864298903941,-24.9763302970077
141.29980702820478,171.9239635495726,30.62415652136781,40.34152039477532,19.383735770831063,46.82033266744233,66.2040684382734,164.2235544944276,164.22297646191606,0.3454392221853643,0.9813327689191299,0.8291021930156307,1.8104349619347606,0.8504554151549585,-24.841041767089287
142.9020305617568,179.62821720298453,36.72618664122774,53.20472992537846,24.125789695694507,26.53505088453728,50.66084058023179,96.78782033436242,96.78732944201678,0.15553755541917272,2.1899900020502474,1.836072556797174,4.026062558847421,0.9041479348137834,35.824897737482566
149.9825519462686,213.91929876052964,63.936746814261056,55.26823263970089,24.353731537932685,47.07365745578385,71.42738899371653,155.78223574129225,155.78167342715304,0.4714461697573371,3.5967127468204034,1.753694706483143,5.350407453303546,0.884841481802773,25.68592303715023
103.81037355211618,131.83240805448625,28.022034502370076,44.01324495101058,15.26645970124709,42.802155601278386,58.06861530252547,109.87754640296782,109.87713563369573,0.211147489601281,2.946684975135784,1.1299197090420814,4.076604684177865,0.9079865055660297,14.47240322129877
129.54182086265627,184.07514230854292,54.533321445886656,60.12707766343611,23.645027034661005,35.001844680559394,58.6468717152204,58.89685129420204,58.89645103621314,0.13009732145677394,1.6415769949180796,0.3752606543431967,2.0168376492612765,0.8302626478893936,93.20851027102042
118.86304806250016,169.0415791525598,50.178531090059636,33.58058143741621,13.962469882466758,47.50807321281503,61.47054309528178,76.5384205205354,76.53791486203748,0.4946565323764012,0.8722048893239222,0.9842782177067184,1.8564831070306407,0.9423536917074421,62.51631037676029
135.96031213183718,195.6856140317174,59.72530189988021,36.490475442673485,11.918305488215992,40.74142050920104,52.659725997417034,138.69063195792273,138.69021723554397,0.27688226916823144,1.176697190639118,0.33142730830508504,1.5081244989442029,0.9010113827134082,7.568747299991433
134.7422243345745,197.27937033031148,62.53714599573698,51.36652249456631,20.583280664331905,51.82748604890562,72.41076671323752,120.9731860523548,120.97259074375212,0.2814882400243421,3.069868718469007,1.6650850828251929,4.7349538012942,0.9539092964077274,57.54496217651589
159.48216600958463,220.22293933536884,60.740773325784204,54.412765749756936,16.969089828487952,46.82827049431472,63.797360322802675,86.38946430336225,86.38906320312744,0.13295971566886255,1.8199858782774703,1.4035170843433957,3.223502962620866,0.8680742487272619,77.4368875981409
150.31582717571865,211.09506177452752,60.77923459880887,39.64007643216409,19.05986748424699,30.57783117507876,49.63769865932575,143.59897512982135,143.59843149989405,0.3544621775262528,1.4257790202155607,0.9721795994049333,2.397958619620494,0.8984665965063136,3.329858619237153
120.21478274648554,151.5048075198348,31.29002477334926,48.41189342668158,24.50552255472793,55.949232417529196,80.45475497225712,74.65115804147226,74.6507093645331,0.2672340362516425,3.29971052242186,0.7013608149441889,4.001071337366049,0.8720561818429035,70.84380223593159
131.37797345720142,184.07904833147046,52.70107487426904,43.088020455584186,19.112568032111746,39.31289222099894,58.425460253110685,137.37754159931697,137.37694808891592,0.4427095856495445,2.812789272069289,0.8463102647165388,3.6590995367858277,0.8895350071989062,11.328938496176232
134.3570081602726,178.76829850707634,44.411290346803725,49.84166222157979,23.194147951498767,40.967749401923214,64.16189735342198,136.38945217921182,136.3889758708817,0.32894316155469616,2.780285290118911,1.1863784124226846,3.966663702541595,0.9186151893706305,16.287292749419418
121.78861145409661,168.89833927658776,47.10972782249115,53.31501016095929,17.47894304196302,37.18123736125348,54.6601804032165,130.6437448865196,130.64333942983436,0.5126955179924143,1.6753457782140082,0.8319331894645368,2.5072789676785447,0.9260058861843962,19.836531831809644
112.80920571945514,175.12770208324247,62.31849636378733,60.604227243546674,20.84935745249695,29.271201742665863,50.12055919516281,80.71461967870212,80.71421429154904,0.31905085665725313,2.6099033427669713,0.8498930437688031,3.4597963865357744,0.897680823809182,79.48983557612345
99.6554528333459,159.5927777752266,59.9373249418807,47.41071221576923,23.311092489889962,43.53907835501327,66.85017084490323,90.80495905560927,90.80444838093493,0.43771305589737103,1.6475470752219095,0.7916934117475384,2.4392404869694477,0.8993068317631413,72.40931377836917
137.23604173008334,188.05768456812692,50.82164283804357,53.81352237789639,24.700896588286277,35.54706095931893,60.2479575476052,144.09890627345217,144.09830893105638,0.4046414929052213,2.938405674969617,1.991170817668881,4.929576492638498,0.8873160505029992,13.709561684829346
126.7556477582882,170.61176052792484,43.85611276963664,50.64023928143111,22.799380527436632,53.90480660701972,76.70418713445636,101.99250291711829,101.99190696241128,0.3109150191169238,3.0836802242161143,0.8897974413060715,3.9734776655221857,0.9137433907091672,59.32409477509918
148.71124524693343,190.6752193219702,41.96397407503676,41.88298323544582,20.052715640778604,54.09610265094853,74.14881829172714,149.36793704317054,149.36746958857609,0.3734750612910345,1.312891743567773,0.9868701474555294,2.2997618910233024,0.8599597014976759,5.121119412370199
118.51106048093537,156.43135272526413,37.92029224432876,41.27965462474067,18.772387509555735,47.431839692015885,66.20422720157163,162.76704649505047,162.76654995432062,0.33148959290577695,2.7320108032601595,1.0317938110894522,3.7638046143496116,0.8842811508741852,-18.974613203090538
157.11958575685946,197.84412498859547,40.724539231736,61.685131354830034,30.41174142266192,29.5076541656452,59.91939558830712,109.90456858516171,109.90414849400055,0.11979793048429271,2.872127984876039,1.9279486605308533,4.800076645406892,0.8751479147755706,41.573939414648095
115.47271108303491,153.46743272031762,37.99472163728271,38.34214492339737,19.505693994088297,46.281364186888794,65.78705818097708,166.3062207123883,166.3057162770171,0.44728712848867896,2.4470343943793136,0.9627999060837593,3.409834300463073,0.8498293314896128,-23.828290660156437
142.27488477789433,171.19414311400365,28.919258336109323,55.819238859583635,26.160141427760916,25.528903290749295,51.68904471851021,72.7541022093274,72.7535822690076,0.21400003340687418,1.492943955453309,0.6127669636781605,2.10571091913147,0.8294107822127428,50.88787540025199
100.56876015068678,127.512858715016,26.94409856432921,38.66922979122433,12.702170434504636,52.66382483340152,65.36599526790616,129.55322361932033,129.5527734069872,0.28701743627290977,1.5535403905845206,0.4213270859475909,1.9748674765321115,0.9530046299508261,-0.7960778331634677
122.59396662679463,174.65758022254326,52.063613595748635,56.61692942529744,19.579311619126663,40.21425677891873,59.793568398045394,159.96952731437688,159.9690048914897,0.15526616746981053,1.403340108528384,0.3806027642898767,1.783942872818261,0.8938110870464206,5.868671970571206
143.540080478454,186.30707697721826,42.76699649876426,39.74263438169931,16.155611016625723,55.99219013713041,72.14780115375613,81.02267678965676,81.02209685110641,0.10863881557672914,2.266405751063552,1.54062926660847,3.807035017672022,0.9380241015068863,65.39872269507109
146.3329364803485,206.26178859528676,59.92885211493825,61.73065103261935,26.942070592345594,39.1104290673708,66.0524996597164,187.42013607719593,187.41973588612925,0.10124875791751228,1.7117093504068832,1.823859590882865,3.535568941289748,0.9089293409345021,-3.039960334426313
142.17925984485194,190.48580596671158,48.30654612185964,53.53285485187861,25.218117047007112,31.884160692391042,57.102277739398154,86.01206199030263,86.01161620354776,0.15522589011653354,2.1463324530986356,1.8842920550810296,4.030624508179665,0.9027027580333712,62.055589871694764
95.69071897299438,120.4357225984684,24.745003625474027,34.925646952969544,14.387405892022363,51.75351855555999,66.14092444758235,163.29374659438315,163.2933046104705,0.1029668663934576,2.212510404928263,1.1330187595188768,3.3455291644471394,0.8913766795284623,-36.48424860130372
124.83968265359123,157.3714723680061,32.53178971441487,54.15060938500155,20.42904155826165,41.88024964374876,62.309291202010414,93.58596304448771,93.5855382672471,0.15284460094636254,3.2104033456420513,1.6295849339807882,4.8399882796228395,0.9199680962411755,46.37864524694588
109.00587870795944,143.8216809174695,34.81580220951007,49.80218696277179,25.860784723181464,56.37705275930508,82.23783748248654,72.74311981567755,72.742686595435,0.31855095452946924,2.788086879214426,2.2644959978968116,5.052582877111238,0.8802272594828625,78.11313294281307
112.70831422970119,178.49382595512083,65.78551172541964,43.228968993204084,16.416011162517194,50.566212851524874,66.98222401404206,113.13792551981734,113.13740033730826,0.2993667406699551,2.4746850813086687,1.32595137185438,3.8006364531630488,0.9062773034887446,53.252221047800596
129.56293842944353,161.7456949978231,32.182756568379574,40.41985774059843,20.019383644453004,42.14780874262334,62.16719238707634,118.6196140259557,118.61919348707767,0.5162222416780525,2.262204547645247,0.6866789807499739,2.948883528395221,0.8824838356123788,11.194755261372828
128.82664717838998,170.89880492389872,42.07215774550875,54.06382198098316,20.225728506841207,35.42954783990735,55.65527634674856,136.02161116614883,136.02106345982702,0.4354597282902458,2.9744676950914983,0.5400035263167948,3.514471221408293,0.8306098419483293,9.818025672286144
135.83249647764805,194.72252885796925,58.8900323803212,55.223660267643524,22.11654856168065,40.34329968341317,62.45984824509382,158.61288770389987,158.61231029938176,0.14978285797436947,2.241309006730282,1.4105876063646021,3.651896613094884,0.8634298141786749,12.225778594646473
145.52536171662754,208.11057789630203,62.58521617967449,41.66657084625053,16.975802999764642,50.97469996862563,67.95050296839027,104.15905369552496,104.15846837798013,0.31012834452798604,1.0870115971490832,1.2086367908118658,2.295648387960949,0.8682731658622581,56.81809839913368
133.9451968936799,167.05974968843523,33.114552794755326,58.23489624364291,23.050603474551334,53.88115929274033,76.93176276729166,85.38100100902538,85.38046897386252,0.24962936530064606,2.6622760403225056,1.3279392914374881,3.9902153317599938,0.8958059161827491,70.46489792137261
136.20969190813693,162.35755288552062,26.147860977383687,42.55414647825782,14.036290226436897,32.26990105976691,46.306191286203806,103.26737124469948,103.26693176541735,0.23795658008471143,1.0780236041586366,0.8452915297539104,1.923315133912547,0.9407453609393799,9.012336100952924
103.22866521734029,134.23522840585497,31.006563188514676,34.46879860999979,13.56232745511636,47.510644392491585,61.072971847607946,119.86648106213292,119.86606400281781,0.3240159263745637,1.6449529423662599,1.2839180134211805,2.92887095578744,0.8610736598196922,2.9529511650596105
108.83595581059654,135.53462697946404,26.69867116886749,50.376109012854656,19.724870033513447,34.72965905802783,54.454529091541275,71.39639181337111,71.39594540838034,0.4086795554175761,2.3521743319878494,1.0556456498533064,3.407819981841156,0.8871386743144009,49.96086836115265
133.0932324903401,165.94837388761945,32.85514139727934,36.135737609976424,14.61609001957979,43.540306810820866,58.15639683040065,137.8104646620913,137.80987227065415,0.406369356014214,1.1876940049253,0.6952923185184412,1.8829863234437412,0.944013509531536,-12.226817768963697
141.87309345659813,187.80949801197693,45.9364045553788,41.19068288102757,19.945967711202705,46.51200276044143,66.45797047164413,119.97935084615271,119.97875837711236,0.24844619982893162,2.5522512677259157,1.2844124491744213,3.836663716900337,0.8609643326344938,25.416691314773683
98.18766828281284,156.13011665012056,57.94244836730772,48.810420165334065,16.161608218110977,55.49766931507294,71.65927753318391,96.03530357850575,96.03482719472896,0.3835547365875112,2.7817969766949884,1.386877938021668,4.168674914716656,0.873822614742903,68.00532295463886
130.36861524686782,177.1748110267815,46.80619577991368,41.12456673427509,17.05847877385043,37.66284076173433,54.72131953558476,83.68561089716597,83.68514573885776,0.21289506967704075,2.120036344968356,0.6902080837594184,2.810244428727774,0.9031938723710161,50.52809447822908
135.1441592947755,184.0810164498632,48.936857155087694,39.60407511635048,12.783476428849964,39.11735319900136,51.90082962785132,116.31773232896327,116.31723032684683,0.4647662436732449,2.7106449092868297,0.7164925207256964,3.427137430012526,0.9363009664310628,18.943829055046173
98.45496027590413,130.04743785693861,31.592477581034487,54.47223986039921,27.790798419485,31.990746333131515,59.78154475261651,164.78913503261523,164.78867669499695,0.48797873689329135,2.0344532766718864,1.438934502637758,3.473387779309644,0.8749272777216713,-20.039142774868058
124.0067305959273,180.7400154730285,56.73328487710121,48.85700399788329,25.5796975198034,29.95939584897307,55.53909336877647,128.48647863157663,128.4858826990863,0.2175521906827733,1.8028151269201411,1.1003311553321358,2.903146282252277,0.8653387424426221,25.54722355280287
147.35851472397167,196.3654437683725,49.006929044400835,59.61498814627683,30.14428467612902,35.45208152338118,65.5963661995102,91.37013493651733,91.36969069223933,0.37458509172089066,1.896989383877934,0.7492969199831891,2.646286303861123,0.893003977379585,71.28647262816234
133.11747520095906,190.33423893289742,57.21676373193836,51.93993252931517,27.054315319319315,54.0531265365652,81.10744185588452,157.46389898732235,157.46342515878592,0.5038489323522901,2.5210013228999233,1.30569672947471,3.826698052374633,0.9389249118207842,26.731348076309118
115.53356552128035,178.06224510131668,62.528679580036325,46.41096295497919,18.950283826209915,35.62128228276495,54.571566108974864,81.0430492260077,81.04256335183256,0.2720611344605894,1.6059756409100596,1.586253821770802,3.192229462680862,0.9245102564920439,73.04033622307799
153.92874127935198,195.01033256863255,41.08159128928057,40.651368659759996,19.456845798028265,34.670160136918625,54.127005934946894,202.74504603973654,202.74462102693192,0.13256736744864367,2.6909186558116738,0.2327384750551027,2.9236571308667765,0.9212319825687548,-64.4317752145205
118.07075438739557,146.62529143061172,28.554537043216158,55.53374246563369,21.13496377375936,48.46315497115504,69.5981187449144,199.90205668627303,199.90158012130766,0.4875964801596375,2.178788483857915,1.1379074268466167,3.3166959107045315,0.9305025810901876,-46.54324990222245
153.63661380400967,189.65903556375298,36.02242175974331,38.39879501185001,19.495519456761,31.465637509566974,50.96115696632798,107.60146033751919,107.60088899137517,0.2947092180727331,1.8586094387417293,1.0343537572285089,2.892963195970238,0.9298072228382589,13.569432115507492
117.99000517595543,160.51872487154134,42.528719695585906,40.47689824084335,16.078581410135502,31.88935827934153,47.967939689477035,89.3446408105384,89.3442127383381,0.1966851676833276,1.9963446832245741,0.7387739688775143,2.7351186521020887,0.8832303846729292,34.178844083194235
121.57069606594398,178.27093887219306,56.70024280624908,58.25920338291696,23.67853139138714,50.93094602588846,74.6094774172756,138.23759687454893,138.23708007015875,0.38511040420373527,2.243823050236981,1.1841694485530527,3.427992498790034,0.8427050141668552,40.044280998567025
117.18495133728099,155.48945131273317,38.304499975452174,54.83102394795427,30.16095757163863,27.26385951880434,57.42481709044297,169.23535789532698,169.23487656789936,0.2552986279030547,3.266541707306057,0.8826962407538299,4.149237948059887,0.8635931511550291,-19.930928626492022
118.26100939502183,174.2749595073443,56.013950112322476,50.60018838870744,26.930311062100156,32.7893867415372,59.71969780363736,103.25135497791238,103.25092087056716,0.15428332919483573,2.9301425573407114,0.9174882469388522,3.8476308042795635,0.8676861914052516,51.26376900294865
152.9872292207471,200.93570384960603,47.94847462885892,34.072093997889056,17.394299296184716,41.66433800636864,59.05863730255335,173.16778881558557,173.16738634835266,0.48114891045232183,2.085997653369902,1.0737002303398928,3.1596978837097947,0.9257342703104954,-33.075584936127974
108.56656722159282,140.16810099409724,31.601533772504425,38.292541014540305,12.219465169551434,30.44094024722777,42.6604054167792,91.54089775396605,91.54044308530536,0.234838584646031,1.966504278662689,0.9003444003709847,2.866848679033674,0.9031704101097648,16.177904364424407
101.04457001187218,136.95502240249226,35.91045239062008,49.32135534494584,17.35596410767967,30.74493273024828,48.10089683792795,102.50330321640291,102.50289085061077,0.295075578558196,2.208362087833316,2.1186804250830487,4.327042512916364,0.9105340638991307,23.8629996086979
119.32439968616696,169.71214760789488,50.38774792172792,53.76056043850631,22.566529193427375,32.878514837440626,55.445044030868004,142.56605359741718,142.5655782437229,0.39906050682081584,2.5097666244992984,1.2379826066723756,3.747749231171674,0.9190640503231274,11.838431322159135
129.34626034317,177.1687831129637,47.82252276979369,47.452117453664485,18.909513072014764,33.61129375312217,52.52080682513693,94.13029355442654,94.12973151245541,0.15532323184510047,2.7368879365024354,1.32015578622752,4.057043722729955,0.9337344606992254,46.176295767578075
145.7981049465296,188.69787452922617,42.899769582696564,33.830459357143575,13.942888594166142,54.45992862416301,68.40281721832915,146.45397419548155,146.45343025842936,0.37317815126610987,1.4244896142595032,0.9092630367486644,2.3337526510081674,0.9542140732927361,-3.842920557579839
148.01365584243032,181.15508140164442,33.1414255592141,39.26802066192351,15.179491296087907,36.78334700671974,51.96283830280764,104.19008174929898,104.18949227255665,0.3625055892494843,1.741408051841909,1.0831175746267,2.824525626468609,0.9210077413194349,15.653227483467758
121.02722887293335,175.8622786944153,54.835049821481945,50.94283440152987,25.143043948114165,37.256169186286975,62.39921313440114,103.76770942271351,103.76722401963004,0.3374816930282758,1.6089202270519138,2.0940130511683313,3.702933278220245,0.8945556740813126,54.00384152299891
126.90949755503536,159.92960669353226,33.020109138496906,55.03671861083124,19.336566762447188,34.51308216148267,53.84964892392986,149.968147009649,149.96760544936927,0.3000544378644756,3.033896151782372,1.2299016486869334,4.263797800469305,0.8646931700956021,-10.916734855777285
106.4629221531181,166.36143597792542,59.898513824807324,33.45401710715822,16.585631553019162,58.70446483607365,75.29009638909281,106.6369382433753,106.63640517503087,0.5729316944852535,0.95007946807579,0.7517788827482973,1.7018583508240872,0.8796064490254519,52.54015288531756
134.1302067062652,167.5101446348411,33.37993792857591,34.354754458612085,16.78779744003236,26.61755815307316,43.40535559310552,192.75512457893586,192.75468116967522,0.45908637946335157,2.4752405650879816,1.2635306344562738,3.7387711995442556,0.8479035867735358,-72.76071871248823
157.49261249268994,188.03898059801813,30.546368105328185,42.31687111840243,17.616018521389115,51.124346115383744,68.74036463677285,96.99918443059114,96.99872371409009,0.1575375313265511,1.2654813203306936,1.585728151837665,2.8512094721683585,0.9275874058176413,38.584049234084965
142.90152388696143,189.09304205550907,46.191518168547645,35.1392444339991,13.660671937053548,33.954857360475025,47.615529297528575,170.32742597041508,170.3269200045084,0.26870176926268385,1.51598770408132,1.1853344224921742,2.701322126573494,0.8302439312178189,-36.821859668776966
141.39371445150837,189.8545879769208,48.46087352541244,48.10422250650859,17.646720534441698,55.27917433434904,72.92589486879073,146.58142328438203,146.58086395291824,0.31935523225197887,1.7402214204954933,0.47001191577521007,2.2102333362707034,0.8801385150129465,17.937696784295817
115.34707614385964,157.8180241696398,42.470948025780174,37.569818895575,13.729272696965278,35.82487218769036,49.55414488465564,148.49774733305992,148.49725497051304,0.5132020141365915,1.401981369702245,0.28043001540389123,1.6824113851061362,0.9202461793370859,-19.415313919606074
145.2132450140583,186.43377627715873,41.22053126310044,53.28882488478286,25.455714240547938,27.17112444908018,52.626838689628116,165.6527433772973,165.65229782899007,0.4791314267130339,2.062307336438456,1.2806078160000736,3.3429151524385294,0.9199309050477809,-20.549554151602546
122.91248286161803,184.23849480816503,61.326011946547,56.75417077945076,24.493808629428845,41.56401160950995,66.05782023893879,133.6941038512688,133.69350515813076,0.27641193520126384,3.275029539125447,1.836873369121519,5.111902908246966,0.9118979718524354,41.08664186369801
112.25638614924263,157.74270508260213,45.4863189333595,62.873107201039524,20.179752563335885,33.93493928434181,54.11469184767769,141.47253668679102,141.47211357102975,0.48538835160590127,2.0023138625370445,0.4577613394683295,2.460075202005374,0.8882445357559668,16.038623751271626
120.00849775265887,163.55223479029033,43.54373703763146,61.89682377222451,33.522024657460605,48.879349765776304,82.40137442323692,117.75421222402849,117.75362104624699,0.27186373467856634,2.2363960747005014,1.2278033710690097,3.464199445769511,0.8973971815197862,59.544323040634815
102.15446736420526,142.41762504022378,40.26315767601852,40.45780735874351,20.376272912487007,41.58553793664437,61.96181084913138,74.93653217537987,74.93597036612218,0.21276904723573792,1.1920180548975123,0.9313380999412243,2.1233561548387367,0.9251423160263873,60.51418828012533
105.05616678294734,131.30035195101743,26.24418516807009,34.5114247948665,17.038833803996113,44.33500463078334,61.37383843477945,91.40221372394664,91.40164594524278,0.3168745432212004,1.3645700693654654,0.41444456854343076,1.7790146379088962,0.9496662872865494,27.19076277430694
100.90347953366074,148.08424527215178,47.18076573849103,43.802029326415436,18.974134265672394,30.920163195063616,49.89429746073601,109.5247378102423,109.52417882672569,0.22973601511588052,2.9706544806632835,1.111145155346389,4.081799636009673,0.887640575728187,24.00302437882496
128.84097306996128,164.0665605590586,35.22558748909731,55.38287292012189,29.07925670673175,45.54311267568905,74.6223693824208,167.12084629236213,167.12040465817387,0.37758190482614207,2.281129975437528,0.7592242724749443,3.0403542479124726,0.9126967733048086,-4.844148181569719
130.6647243708312,179.15592708124527,48.49120271041406,34.60217951210755,13.232547692179342,35.51040197912605,48.7429496713054,126.34009541435503,126.33956889787956,0.3108832892113385,2.150682211799416,1.1285542497703602,3.279236461569776,0.8589161958145763,1.637646762913802
109.62361507790554,134.83746221251783,25.213847134612294,42.90139019938542,15.512553486357428,58.13883654565157,73.651390032009,110.79086644980264,110.79031509984014,0.37970713082561464,2.0230382120036805,0.6351893132033387,2.6582275252070193,0.8827931457042284,24.66380825632274
127.54170840185877,192.6703987775674,65.12869037570864,42.879713340074495,22.043529383575432,43.765299263659024,65.80882864723446,140.9914024573708,140.99085332021238,0.5121744573414457,1.9155784120697212,1.0203716374302974,2.9359500495000184,0.9510897582907215,27.94135700561307
155.07763189373708,199.69916102002384,44.62152912628676,39.218442010525116,20.55052375654792,43.59009319928455,64.14061695583247,70.6608297797913,70.66037546671718,0.20304928966181449,2.5249236583310553,1.015721484844588,3.5406451431756434,0.8543118681580117,62.85729271010039
134.67784309553954,192.0167235523724,57.33888045683287,52.466225013657365,24.46668281253373,52.72184253088354,77.18852534341727,124.93066246331064,124.93022623943308,0.32483498947482053,1.3637159114201651,0.8345324401594475,2.1982483515796125,0.8583236262332063,51.104864428159
126.70101764057482,169.41161538387564,42.71059774330082,53.771455827226866,19.28630561957284,45.29681200481288,64.58311762438572,79.60335026336507,79.60288463876829,0.43845453007760654,3.443248044093207,0.9748171043182631,4.41806514841147,0.936882786759865,71.77062435421496
123.94783508170872,153.53016858706513,29.582333505356416,49.09364347388679,18.868517804048853,41.35284612603993,60.221363930088785,122.80035643155378,122.7998604626577,0.18312047204911625,2.314936152674765,1.6692965190636384,3.9842326717384036,0.883356587984914,10.538556548503728
153.84477461561022,213.15055763864615,59.30578302303593,59.39079800421844,30.612007238253334,32.70760293875299,63.319610177006325,124.62950169455272,124.6289869384033,0.4675057148188872,2.447062573867408,1.6788167909891374,4.125879364856545,0.8881267481531306,46.88760295640813
116.57417895461042,167.94454027424035,51.370361319629936,35.30876860971173,19.202899059694364,44.16298832040392,63.365887380098286,102.20164205930081,102.20107466922835,0.37772847507978113,2.4540750014860913,0.35525349655182786,2.809328498037919,0.8748929199702854,39.069993098062966
117.17971235181585,171.84945779300853,54.669745441192674,36.68494837630106,15.19662742013397,35.637825192856525,50.834452612990496,168.71337939142023,168.7128255845747,0.14738964068732044,1.5197800158904173,1.1138566672146033,2.6336366831050206,0.9242850880771561,-27.08590228370001
143.6548979625742,184.22813042653235,40.573232463958135,45.45410262381054,14.31536001364296,26.340165942476336,40.6555259561193,134.27642295306867,134.27588772296355,0.4709416525294627,3.1575873756455612,0.570432463554233,3.7280198391997943,0.8784831873091549,-10.35906335300047
117.11504465561296,162.38016473643742,45.26512008082446,52.56102896198068,23.617145516736628,48.996983563837944,72.61412908057457,190.0039199369618,190.00346723910323,0.26486995312146233,3.6170830259915716,1.2718493493485286,4.8889323753401,0.8863454657952917,-21.90779329465448
138.74018944901763,196.53180025298212,57.79161080396449,49.37860036085979,23.219556903848698,24.722432484375112,47.94198938822381,77.10096913916651,77.10047336306673,0.20074678583141162,1.8566164043533164,1.1116352666316724,2.968251670984989,0.9126490079571,68.30514213112536
121.67905980832978,167.36920304207877,45.690143233748984,35.26423192043926,14.107925639173285,44.460174149151634,58.568099788324915,86.9604803037389,86.96001321656408,0.20218567826636338,1.432101029973928,0.7632910808986998,2.195392110872628,0.907153532444023,45.5072516679217
122.40217374922345,157.47312187019233,35.07094812096888,60.14279863794944,29.037597988679096,27.207673162170412,56.245271150849504,69.29056426940696,69.29011728377105,0.38614590924005765,3.860127565510708,0.39801099268038126,4.2581385581910896,0.9120728212680524,70.7080953774658
116.65114745278682,167.18015502955907,50.52900757677226,41.30218076795624,21.963930195023185,36.96510674197534,58.92903693699853,111.27044957228529,111.27004752321321,0.461468321753491,1.4100647585282575,0.5731416731074402,1.9832064316356979,0.8948844013008113,33.15144277762836
121.81328793080286,176.30041473951786,54.487126808715004,43.293169357937934,16.860471773996295,53.987129480599336,70.84760125459563,114.5866529636037,114.58618507120958,0.26048902282652053,2.590254124726931,0.3372058123612874,2.9274599370882184,0.9373603738834226,47.66830266474599
119.85697834464632,182.80669629844422,62.9497179537979,51.81367537311802,23.4198604042734,25.907719455757174,49.327579860030575,108.61403355179311,108.61358232853956,0.15637387376724546,1.555942199941248,0.9983734447175259,2.554315644658774,0.893265796902821,47.1346895223912
111.34857697638337,151.5243250926301,40.17574811624674,59.93566232811658,28.173355125275705,44.47784699762284,72.65120212289855,162.04881062421717,162.04829624375176,0.13091341470581155,2.062648460726565,1.94081612904714,4.003464589773705,0.8775074387662084,5.773944821572162
146.64685966341722,188.432202176793,41.78534251337578,52.27297833907394,22.54887646676056,42.19032618648794,64.7392026532485,113.03493687452128,113.03452441416722,0.3872585194492606,2.529042101778339,1.2455990017729277,3.774641103551267,0.9103474045169121,37.8714529262266
114.63386502796664,170.32697541120544,55.6931103832388,61.249329036256206,31.584239900732687,51.32731332444987,82.91155322518256,173.92452141851095,173.9240673145916,0.24889319272500368,3.6587592652554988,0.5378198840591707,4.19657914931467,0.9194108948623676,19.753040147368097
127.66217436953245,171.4814157175637,43.81924134803124,38.70588740098087,17.889910962158684,28.255190107278697,46.14510106943738,79.30448972935015,79.30408077545215,0.2958486666105608,2.3085939580005723,0.4863999683294004,2.7949939263299726,0.8903947839404432,41.203291488376124
140.70020326802725,193.72721978937372,53.02701652134647,50.30303283837429,22.458900581584746,48.8893107836752,71.34821136525994,103.84691990619294,103.84639162261203,0.25703564612775004,2.7349725931305118,1.514118795613948,4.24909138874446,0.8694068686256542,57.66405572017492
141.18137883726394,184.0194700240016,42.83809118673767,55.97453914925481,19.457959830948045,39.912196418229264,59.37015624917731,109.90630370582085,109.90579006790914,0.2782521822407901,2.131363334792913,1.1618044159231338,3.2931677507160466,0.9036654641799656,40.39888561548791
122.52304485254425,155.79630678296297,33.27326193041873,46.88397322489545,23.49674787953026,37.71119580392444,61.2079436834547,100.88016700259658,100.87969950659196,0.40593695020220294,2.1169342053964777,1.957476237216502,4.0744104426129795,0.9648477066338804,34.73946897874345
135.3252803370971,193.18445056718812,57.859170230091024,43.590763860635136,14.74135138705947,37.17746819536168,51.91881958242115,112.39484816123178,112.3944186943117,0.2934742568378475,1.5723056559737696,0.5129493908583433,2.085255046832113,0.9294582776406556,35.87300517533737
159.31212724279703,191.1277993926635,31.815672149866458,63.07129549229361,20.669459806762358,34.11545305872002,54.78491286548238,98.52659844491328,98.52600686094672,0.18979575402807983,2.314472232274536,0.5329426668588672,2.847414899133403,0.9492424667702485,45.66678593300103
125.50572274307333,155.9764592111392,30.470736468065866,36.665410128595184,15.969768635040982,40.273996036728974,56.24376467176995,98.6234437847087,98.62292690621922,0.28571934992214815,1.4796482644382165,0.6584488310500276,2.138097095488244,0.919283543121026,20.530513731674006
142.32580905187447,191.3621436059811,49.03633455410662,46.256272155271915,19.72399027224874,26.577771955870613,46.30176222811936,128.3124517962318,128.31191597355848,0.30609623114471385,2.390324896662967,1.0710219641320595,3.4613468607950266,0.9160154999954815,8.715896525361728
140.97473383070655,192.43493404722585,51.4602002165193,59.7577456158554,32.82780322535351,38.00190244163223,70.82970566698575,139.60080077317625,139.6002945034256,0.3196294836562554,1.9973445460312085,1.5240348050300114,3.5213793510612197,0.9174131706403514,35.41797227342771
137.12798137590806,194.6799445444826,57.55196316857453,57.87542596230074,27.453749898701584,43.8216978839434,71.27544778264499,173.0303948457924,173.02983353914286,0.15623272825400045,1.552113998627313,0.4935463990537658,2.0456603976810785,0.9120988304978092,10.462786242115675
107.3649956502211,142.01401860553716,34.649022955316056,60.22796655243653,32.92708115378348,41.22281457674265,74.14989573052614,62.89445805378379,62.89387877777388,0.15821900689111726,3.5446131194424884,0.6435184070262697,4.188131526468758,0.8486982192920346,86.38615363305897
121.345817554346,148.95837648307148,27.612558928725477,58.148195970562696,24.59460666908978,28.09131694019304,52.685923609282824,134.42978635114227,134.42930980903355,0.3341595752301776,1.481297033055197,1.428319449417288,2.909616482472485,0.9201747190808668,0.711840391883331
110.84933683486503,174.9529158989773,64.10357906411227,33.92858155504884,14.87506193699046,32.90653564922786,47.781597586218325,116.67295559179028,116.67241758672783,0.18967353370236567,2.458181255598801,0.6467252946727807,3.104906550271582,0.9352457913563911,24.173074010253735
132.44455827490046,163.18099201462348,30.736433739723026,60.72358771268226,31.60838477722919,36.89730667826271,68.5056914554919,94.30594096973077,94.30549499223386,0.3559502880430538,2.4672505919591003,1.3610195633007431,3.8282701552598435,0.9039694904732064,55.57242611142177
155.1102496679612,189.1616916679365,34.05144199997531,44.60116286828171,18.21287357619768,47.128438810684656,65.34131238688234,146.61764867062706,146.61711829961763,0.28594671317757975,1.1141923284775515,0.8288609726377915,1.9430533011153428,0.8827660146330856,-4.283358190849879
115.98014394095716,149.14325424717268,33.163110306215515,53.47352511279426,27.291009929934578,53.45174434505381,80.74275427498839,76.62379586030028,76.62331602917428,0.19561890379948949,3.4784477960867806,0.7576111363165401,4.236058932403321,0.9136698231770463,78.87199547260158
115.37413856890532,157.88927304660214,42.51513447769682,44.925867658794374,19.897566073313854,44.11587269331598,64.01343876662983,152.18153386620952,152.18113250988964,0.38060544277452774,2.3667641969523667,0.6937042263530249,3.060468423305392,0.8919178671931326,-3.7173044915042395
100.11286890609121,157.22064504542087,57.10777613932966,58.032538453054514,20.144243953572204,47.48878191313722,67.63302586670942,94.31362230964734,94.31303120407365,0.2798353322559006,3.6085157483099177,2.3497044811680183,5.958220229477936,0.8914660284827575,73.2983459528555
141.73787375376742,192.9854220872302,51.24754833346279,51.05287171695568,22.55491132090057,23.92034128244848,46.47525260334905,123.15307925155443,123.15250556324533,0.1679791990594716,2.249937805619696,0.3646511769261085,2.614588982545804,0.8504109261659412,19.42389487231682
100.33899766963259,149.5221272976178,49.18312962798521,58.16580522534623,20.53155005975882,57.02890808478547,77.5604581445443,122.39172144190634,122.39126327459627,0.4913394675409373,2.377839493751065,0.4777402580059897,2.855579751757055,0.9156318500119196,54.17904494120528
107.93725922290363,141.35549596024245,33.418236737338816,40.1330555907,12.760344976277334,34.6127901416315,47.37313511790883,158.23386400609152,158.23326445462868,0.2784295491877702,2.1616829704472025,1.3836267605165533,3.545309730963756,0.9442672436539293,-38.8401444366409
109.20855894560825,146.5305167907674,37.32195784515915,40.0282714429803,14.5359129251811,34.63834000075319,49.17425292593429,138.43755792581217,138.43709450027725,0.5512021084725743,1.6842341837890196,0.44477306938716216,2.129007253176182,0.9104427696781909,-13.285928958490482
98.61610901586782,139.59612941405257,40.98002039818475,45.88220857566179,16.10528104791794,28.83889052842849,44.944171576346434,95.63005066537661,95.62955889653932,0.20628455032063744,2.3411154267174012,0.7015542928317161,3.0426697195491172,0.9232750313528556,30.401496256646364
125.35752987149019,156.56184714462205,31.204317273131863,32.76321623928734,14.001363769150558,26.61227077304229,40.61363454219285,126.98450067459353,126.9839304227883,0.4624011631928745,1.2496908095130816,0.5468307614737906,1.7965215709868723,0.9495342100023784,-23.41711368099303
130.8370925611135,167.5196845772341,36.682592016120594,53.21262162887831,26.89453077148265,47.470115578643444,74.3646463501261,72.52574868455838,72.52528776528811,0.4305168853946802,2.13989381337714,1.79861177187873,3.93850558525587,0.8927363797489847,77.9944046067958
117.42844129220848,154.5557052908331,37.12726399862461,41.33869570191981,17.192532759667895,30.127252092493404,47.3197848521613,116.45335228334355,116.45286217528667,0.15614602022099194,1.1728088652008086,1.0004087392592593,2.173217604460068,0.9452476152870425,6.6200593996436705
104.14787975604568,134.38324287337397,30.23536311732829,49.81001069825139,25.507333266751893,33.00073274330263,58.50806601005452,110.79340777984844,110.79287466241502,0.35225437439688684,3.0499460573873023,1.7116045452566153,4.761550602643918,0.8584159901663664,19.440341069278556
108.71788158851008,155.69573538502684,46.977853796516754,35.191715490432664,16.513808581076464,30.571773681648192,47.08558226272466,69.40328886860502,69.40286277509406,0.34548102026728256,1.4413529354218653,0.9552636935595062,2.3966166289813717,0.925109607506949,52.83318649660212
110.56854702686414,158.25664543972061,47.688098412856476,38.359425827614864,12.467023231685767,54.03632959484889,66.50335282653465,110.58169852942149,110.58121405934774,0.2899369789538041,2.7123790306567606,0.7740862340901123,3.486465264746873,0.9116028999130101,34.817087269557526
104.15959143555214,132.08916788667273,27.92957645112058,52.487840308200795,19.656584032859847,46.21476910376548,65.87135313662532,77.70306814690483,77.70260626491735,0.24173152079245516,1.8781259694405252,0.853155836771312,2.7312818062118374,0.8794995246174087,57.70673450104062
140.75024646693524,185.650476862782,44.90023039584676,41.75028770318613,21.829242434016205,49.849300917820706,71.67854335183691,61.96695613617062,61.96642078130945,0.5387606870658893,1.977336317783227,1.5942359898517506,3.5715723076349777,0.8922219937759079,82.30953788409163
118.4785985576305,176.7622412212861,58.2836426636556,39.78963305456592,18.711199774124914,52.12981610903499,70.84101588315991,124.4413012542519,124.44087406037389,0.42380769296250204,1.5310031353422626,1.3855169268672534,2.916520062209516,0.8897256534932998,36.59716518990108
111.6255723487426,163.07743634943233,51.45186400068974,39.691116901677724,20.379221912349625,50.0931105422953,70.47233245464493,137.69569495412856,137.69524840783274,0.4652969364914229,2.292796501850154,1.0942214960725163,3.38701799792267,0.8738813273817089,17.53683202046763
123.52467620978497,180.84923002141656,57.32455381163159,40.41300436248951,15.839537194923496,39.42840803249266,55.267945227416156,130.83686828307583,130.83632600783508,0.46526752155297485,2.486872741346559,0.3109735754332295,2.7978463167797885,0.8766943181266036,16.574838497132813
113.1478779618606,152.26180316610765,39.11392520424705,52.08439447983756,23.529889530777716,29.120001113611007,52.64989064438872,83.55017795384092,83.54974670896696,0.48203256127284133,2.4398819676702823,1.3640735566316131,3.8039555243018954,0.8599626843574222,48.168638817664274
94.6362259336948,147.37176737151808,52.73554143782327,37.130961965547776,19.77195678412777,31.598844312167394,51.37080109629517,116.89358609204166,116.8931016881892,0.46210183369345215,1.5906106807918219,1.4143432267709766,3.0049539075627987,0.8746340005342198,18.25986266176844
97.99658245467084,129.5838163497051,31.58723389503426,44.46775632042329,24.666511969635845,36.07104383484949,60.73755580448534,127.48216370679651,127.4816211306521,0.3417849805266356,2.623673017132973,1.8358462036448653,4.459519220777838,0.9478498634867432,4.274443353484834
151.69378393113357,192.5233679023297,40.82958397119614,52.415894375940205,17.397745066284273,47.84870190876767,65.24644697505195,81.80013180804218,81.7995787143653,0.45078807159482914,1.7722280506464188,0.6749163001530152,2.4471443507994337,0.8267273958723881,61.007863869447924
95.95898039969363,126.2843762799652,30.32539588027157,49.12367243144922,25.65992138423985,24.400154692340394,50.060076076580245,121.44896763760872,121.44854866137298,0.3469187149668604,2.5498157921940168,1.44726051827089,3.997076310464907,0.8770597075987722,3.2596807245157144
131.55478918566743,176.18702623086403,44.632237045196604,51.09812088520304,20.962543611526286,26.934725555202576,47.89726916672886,83.40500349529174,83.40443309616985,0.14149957062509588,3.0053475450151153,1.2110595155161004,4.216407060531216,0.8417221093404927,47.0230475238228
119.98658671054326,158.26358198042018,38.27699526987692,40.50015692312238,20.016097190487415,48.80593837780201,68.82203556828942,78.11773599832723,78.11719120386701,0.3133521497960302,1.501052538624641,1.4700978681748338,2.9711504067994747,0.9346775934353847,61.87331438414553
124.09074982454877,160.3184306277927,36.22768080324394,61.433694274811344,27.255191657869034,28.548499991358863,55.8036916492279,65.2661620182193,65.26569415930156,0.1352104835677114,3.3582320929866145,1.9095277868482947,5.267759879834909,0.9017881271065701,74.66481247522958
128.4546379979068,184.62925925641534,56.17462125850855,46.54421544601959,20.695665658197036,25.55730206633958,46.25296772453662,133.46049299785187,133.45994023728142,0.5440658333537342,2.692090087940048,1.3023472790810093,3.9944373670210576,0.9035195519243863,9.91464620606201
136.09930921197022,172.09114085143486,35.991831639464635,42.54406479990386,16.79570696742869,27.1931094293466,43.98881639677529,118.70226997636051,118.70172431658744,0.38112595606307653,1.235913436311852,0.7083110708093726,1.9442245071212247,0.9285133517994028,1.3905769315043377
131.2759614188397,163.8512720229735,32.57531060413379,60.03130442717537,28.855497366568656,46.045317159708496,74.90081452627714,181.2817447080253,181.28122452978,0.30553841058979764,2.361365530804191,0.7718958512059636,3.1332613820101547,0.9265337522430211,-15.94805001326283
104.19535650945369,131.77435604039925,27.578999530945566,53.31740426951264,20.91406563591318,25.552774789519187,46.466840425432366,72.14680965678109,72.1462979605464,0.18208941496835193,2.281539794742315,1.1328312157905658,3.414371010532881,0.8578049428077672,44.28030790355563
124.40849507698324,168.782423315156,44.37392823817275,51.089715698326124,21.106713643928114,30.697214092118266,51.803927736046376,115.90708019817967,115.9065332574819,0.2880350847370566,3.138248106947998,1.66097262764811,4.799220734596108,0.937535552163581,24.63260527331378
109.20719213499045,144.61326325123304,35.406071116242586,60.428672566638156,26.72035004300026,30.657517081145674,57.377867124145936,137.22393095896282,137.22333110698247,0.23909976983997094,3.0332395224663835,0.6412537576868915,3.674493280153275,0.8685901537006804,10.48882252340903
123.84614000222102,162.62696854642166,38.780828544200645,35.858978026348765,16.224662459402555,50.12909015129257,66.35375261069512,65.59122533198911,65.59070962153925,0.37757968755138926,1.5971209976766538,1.0886573752547404,2.685778372931394,0.9143886152304269,66.1464074584473
130.64463461778777,163.6044940640018,32.95985944621404,56.58437987100002,23.633487185384006,29.16127137908866,52.794758564472666,141.08139636942525,141.08083462585088,0.3190821151761614,2.270252385220476,2.3250157779121126,4.595268163132589,0.9133260946312239,-3.3392910144765597
115.96938772867956,171.76037288654607,55.7909851578665,52.35714474910626,23.676714884033885,23.092599136101,46.769314020134885,181.07114345813977,181.0705946033963,0.27513058565781495,1.2848575211303324,2.106636769071326,3.3914942902016585,0.8737729430207883,-26.055713044419818
115.80206848135384,175.25031819152568,59.44824971017184,43.30504024937119,18.51130762764269,53.58681823897876,72.09812586662144,99.58673396003724,99.58616279835682,0.23417285058196274,1.0945378237671959,1.0096616385907493,2.104199462357945,0.9194116932228258,67.04982687951559
145.65624719665522,189.0331743275203,43.376927130865084,40.05008982376275,19.329648920689497,56.79730621429124,76.12695513498073,157.6088894782483,157.60829857327602,0.3618979558746532,1.4504540988259103,1.1793980889698734,2.629852187795784,0.8725623787260022,-0.9127671102796101
111.48251817147667,164.94135820801378,53.45884003653711,36.23411866843649,17.13027890088307,30.531915297601934,47.662194198485004,81.064591846764,81.06415323012251,0.2564311241631891,1.077190908786418,0.30388030478077543,1.3810712135671934,0.8948502283626094,48.906694571582015
116.8836904932426,171.4563734142766,54.572682921034016,59.752900456157974,29.569788467900796,33.99887921580327,63.568667683704064,76.92416983885066,76.92373674692338,0.48119205891215294,1.8076462750158782,1.6093759209982472,3.417022196014125,0.877814457484556,85.21146841310984
145.80879272478143,212.96834688572986,67.15955416094843,37.79339688679225,19.17058615020361,27.628092919039837,46.79867906924345,95.56748336762007,95.5669660972544,0.42482548926204183,1.983472337772842,0.9762822808859583,2.9597546186588004,0.8578847716025436,45.296387927277316
103.68847567989215,149.94895473370804,46.260479053815885,39.971509021035885,17.30788804094924,45.72532856246171,63.03321660341095,88.9851348299546,88.98464497094203,0.46144586793428466,2.1702453116733333,1.0889773657766448,3.259222677449978,0.9598372034721344,54.288287761561335
101.45223127350378,159.1876254547758,57.735394181272014,52.845957956229086,18.601839227892654,32.34771286121206,50.949552089104714,167.75519064322947,167.75467649869088,0.26519445032894595,1.3987296575856425,0.9460823842725915,2.344812041858234,0.8458860979311053,-7.472370648896928
114.15090603207906,177.15335161697624,63.002445584897174,54.74850889651732,25.799456669626657,52.56202211232334,78.36147878195,154.21192933442455,154.21136972587766,0.12502906673777797,2.837901503218348,0.6433704946392944,3.4812719978576423,0.9356761104478334,35.83149440115869
150.69978575707583,207.17329781961737,56.473512062541545,37.87383660631325,13.173140363858659,52.11987323714914,65.2930136010078,90.08136885082708,90.08078250793106,0.509600584222665,1.178668136733416,1.0012885568035663,2.1799566935369823,0.8893998297710267,59.47418661420719
103.9660597776449,147.70421831669623,43.73815853905133,56.93859838107637,21.326566660655608,46.77208244618582,68.09864910684144,150.98724715360237,150.98676367043734,0.5024905608582461,2.403408703716521,1.3647152018635686,3.7681239055800893,0.9151824844407634,12.371462349195264
104.61128139937937,131.43086396585994,26.819582566480577,49.24756958537133,23.198022882548123,24.77247876819086,47.97050165073898,137.60617596633276,137.60563237980364,0.14701407215670248,3.4477275676283554,1.6886926062295056,5.136420173857861,0.9145174063798124,-17.239945161692987
98.95104562545663,123.87304962686157,24.922004001404943,60.007877317583365,25.114228186417233,52.19900754009009,77.31323572650733,122.66279783316942,122.66235847333185,0.39287686311754927,2.8491867668441047,1.0634939272445003,3.912680694088605,0.8457074687630768,29.832500960468536
102.01013911270022,143.45458498563687,41.444445872936654,36.117247122606386,14.754599675095447,45.963143711869144,60.71774338696459,93.86692024600879,93.86641333561892,0.25388619919615935,0.9199783539772568,1.2464444510098167,2.1664228049870733,0.8775726420957496,36.85165701122835
132.2193316126406,176.15915437991433,43.93982276727374,33.74785327505563,18.853586276401586,53.43855344199606,72.29213971839765,160.15960244664728,160.15919808569174,0.1756147862112141,1.4070804027002837,0.7150678307463957,2.1221482334466795,0.9558891928370123,-11.926768392381383
116.43301341250658,158.23432995330606,41.801316540799476,50.73760618887728,18.635948037586118,25.139027121166606,43.774975158752724,106.10087434206889,106.10037359195546,0.5197224003945432,2.917628264982674,1.8372820451157723,4.754910310098446,0.8423842278653553,21.00812893247445
126.75469105783317,172.41386918153123,45.659178123698055,38.92250265531357,12.589384632735905,46.81408087598903,59.403465508724935,125.18804707614883,125.187538008857,0.4511795747900384,1.31154631185912,1.299180266717839,2.610726578576959,0.8495380783664346,13.368078145454566
128.60073396416516,174.0019281929518,45.401194228786636,49.31878066472149,16.77620452744401,48.789676850843925,65.56588137828794,160.35329008529138,160.3527429962242,0.5307585598655812,3.4193845003864918,0.8458665382244147,4.265251038610907,0.9223152549807815,-4.48512346200489
141.55410324036623,197.56617926270314,56.01207602233691,34.3691701852349,13.023616388327753,59.17116096082474,72.1947773491525,98.14662961988682,98.14609972292878,0.1793958502725438,1.498746561096887,0.6292061251620961,2.127952686258983,0.8968436938561078,55.71423990145246
99.2814705958053,128.09028077414737,28.80881017834207,56.846487740254425,25.62218080717237,43.88725476045377,69.50943556762614,82.51545673441458,82.51498505506773,0.3195142004492165,1.4027154237487902,1.643507414194613,3.0462228379434033,0.905850610257277,62.760964001205856
132.88089004648484,164.03493523368192,31.154045187197084,58.51110216765777,29.462315537011143,44.29709204589693,73.75940758290807,134.0082443292196,134.00784318303945,0.4853033820898178,2.975334786171534,0.7902750645997555,3.7656098507712894,0.9213870951717439,23.187441997736137
139.95910223453933,198.4644712601813,58.50536902564198,57.757191890781854,24.77002443150543,39.058508479383114,63.82853291088854,92.72499327625052,92.7245701790758,0.427169798623722,3.263262679902892,1.749393683279291,5.012656363182183,0.8909171900656727,72.98990311597122
108.9006098924138,166.09528758621107,57.194677693797274,62.59615206866887,23.703442883776454,51.17189854312468,74.87534142690113,138.09716805213324,138.09657344000254,0.24734022790096977,2.812233450707091,0.6497620563001432,3.4619955070072344,0.9459254983799192,50.0018696905179
129.43157727710962,187.6009576608727,58.16938038376307,61.2080099772706,24.958840869883378,56.030474071797464,80.98931494168085,104.35131693986516,104.35073247323349,0.33275274923708215,4.090758374896345,1.9173434176094093,6.008101792505754,0.8830731408833097,79.18968836543527
148.15889689019315,208.05401245344325,59.8951155632501,45.630558742423126,14.427917183266784,39.78029777785656,54.208214961123346,141.7223019195262,141.72183690089358,0.118085116272792,3.1145678678308024,0.5650600798730036,3.679627947703806,0.9053170988900164,12.868484419458328
120.61823245513297,183.06894860056386,62.45071614543089,45.3380485159253,21.68605391249626,32.24115533342219,53.92720924591845,81.75448186757406,81.75403009698607,0.3301574510833497,1.378676157614804,1.0312805842730262,2.4099567418878305,0.8968299091242996,69.2548464381109
140.0438617526451,175.32748150391902,35.2836197512739,58.330445651547016,25.84300356088217,23.76042811150207,49.60343167238424,96.75317760963861,96.75269032637988,0.5299439148188656,1.6555531739329126,1.4113796668609806,3.066932840793893,0.8933772240371342,38.2972322975544
118.20045173323226,156.74738654442623,38.54693481119398,62.27264276359986,19.236419684323533,43.90573459928154,63.142154283605066,158.31153235010567,158.31099436209973,0.10325549303297825,2.353839408840131,0.8220923638173222,3.175931772657453,0.9438849244466833,2.2384705102396456
119.88293807639644,152.175334658289,32.29239658189255,60.89480046062074,31.997454476388675,53.13374368850665,85.13119816489532,66.76705196059225,66.76658059505772,0.1640807932527981,3.282256064731424,1.4420718729686157,4.72432793770004,0.90552389279707,96.58626251271748
137.71219403113358,181.74882256859698,44.0366285374634,56.682729942824665,28.190313023079423,26.322367335082706,54.51268035816213,84.24243682962043,84.24202337085089,0.2920520613926776,2.947477035039282,2.1306740056994813,5.0781510407387636,0.9171141569582533,60.18085889731483
119.48057717967879,180.35843330076997,60.877856121091185,38.65556074391079,15.923039014621454,39.312989172502434,55.236028187123885,95.93614346241405,95.93566290339557,0.3890454684289151,1.4528375611441533,1.1342575178870726,2.5870950790312257,0.8583404399662167,47.944872667509465
151.9065490247375,192.87568550198228,40.969136477244774,61.495168945906,27.544355017945996,53.86434465732894,81.40869967527493,120.40405983646929,120.40360771867039,0.2745596538218863,4.241473723868441,2.5645313866853385,6.806005110553779,0.8793796982687746,49.587194611041014
111.87111041217659,156.11466141812394,44.24355100594735,61.726373749530694,27.756572606869486,40.416541984926,68.17311459179548,125.87196096392226,125.87149597792002,0.10239014253384063,2.3622510316729453,2.067612626265759,4.429863657938704,0.8758160871888317,38.307573446636624
144.3396897033322,181.59665652254694,37.25696681921474,52.32173875923347,19.295480111674205,29.42205381479303,48.71753392646724,68.61155043250092,68.61111784105177,0.4251520070432613,3.3029945066202777,1.5300113417367744,4.833005848357052,0.9101781668142447,58.64001581259487
123.50275532661756,153.30136100301138,29.79860567639382,59.66180526433386,20.47592517330577,35.749356027982735,56.22528120128851,74.25674898685246,74.25621721883857,0.18617197368428345,3.7298007425129653,1.3485781176073375,5.078378860120303,0.9102629522534071,60.22747913721528
112.36851305437985,145.13587546296412,32.767362408584276,51.03875296937326,24.021970303942272,33.76680859639562,57.78877890033789,93.08521084750625,93.08470552131959,0.39888644552345087,1.4276547013929075,1.9041093462465977,3.3317640476395054,0.8872578974798221,39.73099897006787
122.42045392388043,150.0181032435896,27.597649319709163,62.39200014285167,30.56534065258538,29.705927284574987,60.27126793716037,138.77005066656176,138.7695964939383,0.338296170291446,2.1403567801510404,1.1236992218737913,3.264056002024832,0.9201355304305692,7.258920430118471
113.97939901502117,173.56309076142753,59.58369174640636,35.777441958069325,16.920831214541135,44.374154965069174,61.294986179610305,79.28287545002014,79.28236467752389,0.25412055097079383,1.2383619311025436,0.7858597665792967,2.02422169768184,0.9057913089696253,68.02077240075938
98.72173304688398,136.760544372208,38.038811325324005,59.585085330578394,26.542162405776203,44.3324771685452,70.8746395743214,145.83923275516997,145.83873421360053,0.3586730931698755,3.9885801859439978,1.7562922033228145,5.7448723892668125,0.8875834939311908,14.695060021034436
103.90657648601986,161.49362089857914,57.58704441255928,35.17178554411849,16.194689081753292,48.56647925642881,64.7611683381821,133.44555007150214,133.44499087653082,0.4434888006473823,1.4279030550602816,1.4761919050860604,2.9040949601463417,0.8804276823718741,18.24899757234378
124.03658892239677,177.48084796415955,53.44425904176278,43.586212597584684,18.087223970435115,41.64013497473294,59.72735894516805,110.3172356817142,110.31664448486033,0.32967340112396387,2.7728437293628057,1.0677682824014672,3.840612011764273,0.8553596606046807,36.156823264887144
97.94627055011904,129.21025589674323,31.263985346624196,37.32084111851877,12.071964933161523,23.7576080341347,35.82957296729622,182.59522574263158,182.5947996085298,0.29563237467863474,1.7501200839711482,0.3973164842376031,2.147436568208751,0.9294086137461223,-74.93214666927264
102.34996591795051,132.19672587724892,29.84675995929841,47.72745609652384,19.04773837112043,32.16967597682883,51.21741434794926,70.86326261248095,70.86268582978516,0.3248062566937203,2.17364260005646,1.3869477549994509,3.5605903550559113,0.8881840935372269,48.000619658374866
127.74934957264927,179.69435318511205,51.945003612462784,39.282848210560346,21.318497065206035,27.923196246131045,49.24169331133708,99.22589711642098,99.22535615703332,0.2563838292625543,2.7017890778330407,1.3391466285259803,4.040935706359021,0.9018214262539046,33.319478495535485
139.80543613687885,175.86043750788556,36.05500137100671,60.90319304906643,30.559210080005613,26.627360026065677,57.18657010607129,128.72835554356973,128.72781703286068,0.3089874394633678,2.7595709895639096,0.9770984929292726,3.7366694824931823,0.8797852442266639,18.802146094734095
208.79598135172924,259.1339731935029,50.337991841773686,41.2505482360878,19.395564948904912,28.91574397389282,48.311308922797735,101.16147701086712,101.16090805653907,0.2458088651637286,2.520007673653276,0.5880777814891125,3.1080854551423887,0.8906968677864131,31.517350194307358
216.2314308779459,290.81903958233056,74.58760870438465,63.54289264398385,29.802699261010154,45.87131559661674,75.6740148576269,135.69706981670825,135.69666340859348,0.47600841072368605,1.848869295738642,0.5021282649146462,2.3509975606532882,0.8915031482090381,67.11311194524363
207.38569362336173,260.0976616785077,52.711968055145945,37.051469716585,13.606837905656542,39.78723327930079,53.39407118495733,152.50984335187505,152.50928916089524,0.24446123671314643,2.4811644105334367,1.0051119808774573,3.486276391410894,0.9117363762150256,-11.927807400217917
213.40981353714136,296.3906472671662,82.98083373002481,55.413435239256955,22.300983683933836,36.72986052372028,59.03084420765412,76.51418773780868,76.51363331929458,0.40239418592588844,3.3902373057456856,0.8201333855308458,4.210370691276531,0.9055625873912857,105.31576524796792
211.0855335761288,261.60035616794255,50.514822591813754,53.217521247654865,26.286708962010483,41.8191243450583,68.10583330706878,97.15682621992211,97.1563562245289,0.4009033372815946,2.116137731446423,0.9547513572464092,3.0708890886928324,0.8468400323372649,60.30350283431906
221.20350239093872,275.9447291694891,54.741226778550384,39.80824025483055,12.76525482396865,25.562023775067274,38.32727859903592,93.50484273969667,93.50436076989467,0.17533427703190202,0.95560059542291,0.8314542535760789,1.7870548489989888,0.8934277044594321,33.42312661469055
221.7341999920348,305.2673923412113,83.53319234917649,60.64985653523334,21.594515546378485,28.667982221542736,50.26249776792122,108.42438310547838,108.42383400747836,0.1319320564603844,1.7608879696621071,0.6283799445704317,2.389267914232539,0.9210719740378985,76.9099820419649
228.99417877795366,314.6375396013996,85.64336082344596,39.50490393018233,16.04735139891448,31.627408964707573,47.674760363622056,101.64187304983324,101.64127573888506,0.500550742916993,1.2127411006841153,0.5456124233335258,1.7583535240176411,0.8831605703771237,60.869939200625254
206.06358234033866,262.0114673734504,55.94788503311173,49.06205147876389,23.645151867230048,25.338732693276608,48.98388456050665,124.05528440523142,124.05468684019912,0.45143939989932297,1.4014033240809847,0.9079586172611503,2.309361941342135,0.9092565337416308,24.7120767572938
219.10258592378162,285.17281919222063,66.07023326843901,57.204493567891376,24.218143370553296,23.79865942381913,48.016802794372424,140.986393858075,140.9858990895027,0.1812797131852158,1.6315603789152096,1.2940716491411586,2.925632028056368,0.8969048405741616,24.394662549098264
207.70017167246115,291.66106746688644,83.96089579442528,55.07878136866602,21.799410355473572,34.16544247103705,55.96485282651062,95.06208667506142,95.06152876491333,0.423151264364109,3.8971269159027035,1.4313114965570755,5.328438412459779,0.883243035989226,83.19390829964668
226.9576770956511,298.26186777720807,71.30419068155697,42.205542907168955,17.810261221685206,29.526807927882633,47.33706914956784,120.8708597308791,120.87036651858058,0.247587660221953,2.372052545783951,1.2403839604011584,3.6124365061851096,0.8693540686185884,31.39794976244711
234.96861700414536,307.2482032316164,72.27958622747104,59.375440690589784,22.981874191486554,27.969382100353197,50.951256291839755,121.5410813826121,121.54050819078242,0.13346389237371767,3.66474778770208,0.8608518510357119,4.525599638737792,0.9198808855690992,51.88745571562825
227.55068623630663,297.56944524986375,70.01875901355712,63.247747689017196,27.96587824346391,28.120082230335058,56.08596047379896,79.10481847066511,79.1042885251329,0.19970187244336152,3.132043359401217,1.0373446288181487,4.169387988219366,0.8799679497819929,93.17020468783019
193.56762643936997,278.89623685800507,85.3286104186351,46.985134599337,25.1523069383396,48.71502004857967,73.86732698691927,103.70846548725444,103.70787815917626,0.47790962772505496,2.534096633943988,0.6522485778031101,3.186345211747098,0.9201364977375213,90.91771108236476
238.62682193131596,306.76894683609066,68.1421249047747,53.861365983180676,19.879982058305103,27.824185966408507,47.70416802471361,151.6179623419357,151.61736289390345,0.29352309646183533,3.470782178596416,0.9908901817519702,4.461672360348386,0.913549386988717,12.18227294380718
223.66010195799302,269.083068276162,45.42296631816899,43.994025227057314,20.73571403799116,44.784458649903584,65.52017268789474,107.94556320314895,107.94509716561689,0.3578730844923122,1.6079986143404434,0.32142814731649916,1.9294267616569427,0.8540344098786451,38.17940949265204
199.3850587544931,265.12625006851675,65.74119131402367,42.85059433160046,19.84612119383543,27.981747044078194,47.82786823791362,57.43060856567588,57.43001270091322,0.1544429273514766,2.5033843605377406,1.0422794587165694,3.54566381925431,0.9033491158965778,86.07971668697405
190.69141194160864,270.0923871180024,79.40097517639379,47.845234089708434,22.33769552902496,26.368125404271325,48.70582093329628,151.23061683386305,151.23007833126968,0.14331766577931185,3.1590830464945148,0.6541097475147929,3.8131927940093076,0.926140484293935,19.231715962497532
179.73186722559504,241.2006838366647,61.468816611069656,38.05762265544314,17.49071239819226,39.27835450669794,56.769066904890195,136.84713934403078,136.84669172679074,0.22679242371907798,2.6944646588010364,1.387554709431627,4.082019368232663,0.9328302410984154,14.123052324711953
202.35499443939432,252.88994848696674,50.53495404757243,52.26894171700959,16.970752595062148,33.583990050064365,50.55474264512651,88.88478111484781,88.88438049245782,0.3413022106622562,2.4216367932061686,0.4544542151477344,2.876091008353903,0.9096341224644219,55.72133436470042
210.34701576233016,284.2759306690162,73.92891490668603,39.32423938789355,18.08519808188052,42.12485633733343,60.210054419213954,109.109803480023,109.10926671232453,0.5262332483847781,2.4852322893445584,0.3661066276875897,2.851338917032148,0.9049911341221542,55.18307409258069
178.2443454417966,235.39800016700346,57.15365472520685,33.606053100629666,15.052244794605894,51.826564646626665,66.87880944123256,71.58816731070043,71.58772283476432,0.45413271404911704,1.6134566981251386,0.6102723522098665,2.223729050335005,0.8861425439835632,73.88030265372149
216.6758433264439,305.83367593838904,89.15783261194514,45.584818065384404,21.72376581026966,35.720979695889014,57.444745506158675,193.19746862700848,193.19702235128426,0.18358609376644025,1.6789194545695838,1.1021786905115372,2.781098145081121,0.9210434006513158,-3.660512372178926
210.37888135238654,262.14970497618975,51.77082362380321,35.607621099540864,13.837950130691839,31.978675595236083,45.81662572592792,85.83794696402512,85.83743653041215,0.11935117005063217,1.2818784188799466,1.0208647179517796,2.302743136831726,0.8639672017567058,38.82283241798781
226.2461940256316,298.8865664719052,72.6403724462736,50.109137546951025,16.69737633068742,52.14642373038391,68.84380006107133,176.39594058493094,176.3955343997466,0.21406640679402353,2.2722609578875774,1.152499514686582,3.4247604725741594,0.8695694689975507,10.051308948604188
210.2206920294733,272.0139072710339,61.793215241560574,49.05950251701583,18.308126366527887,29.076115408231516,47.3842417747594,130.59096184995647,130.59047857610543,0.44270499383607087,1.7647560670979456,1.6849422184968446,3.44969828559479,0.8999852388633757,21.378319272833583
221.2443078488181,260.9982654053059,39.75395755648782,37.0720075811527,14.505283892763329,50.20782588421165,64.71310977697497,103.01465188620496,103.01409201151053,0.35516546977261615,0.9498119083299458,0.6838586958169496,1.6336706041468954,0.9027796403611222,32.98408949463318
223.94966033102492,288.11583910059596,64.16617876957105,40.321366529439764,14.025497518912479,41.3190049124331,55.34450243134558,123.29540122458724,123.29499577253948,0.38191184656788496,1.1774229346819527,0.29542694789685675,1.4728498825788094,0.8966239056801217,31.0969705227618
215.0747047629415,251.96996431602514,36.89525955308363,34.23945953603857,13.071263507144169,32.55515313958854,45.62641664673271,175.16971426494987,175.16918947663407,0.29252103784148953,2.2049402126513296,1.1112602868259531,3.316200499477283,0.887192214012889,-55.02080016491551
192.8532718776261,266.67416540267936,73.82089352505326,51.190686983814786,17.41392305149008,36.58753575718867,54.00145880867875,146.90087338360536,146.9004417076737,0.3513604313812315,3.3616175082533553,1.2762408718810565,4.6378583801344115,0.8865926580915728,24.047388505260344
237.8832853930935,315.22375149488374,77.34046610179024,43.09780993969991,16.305433365860846,37.41300293800331,53.71843630386415,140.4896885041777,140.48911593630282,0.3170744349064229,2.759835548548313,0.37836477575610317,3.138200324304416,0.9082470966613786,27.44025342186749
254.50643628879965,298.6435377335448,44.137101444745156,53.89571058048893,27.683492389634335,39.98392959968445,67.66742198931878,152.07037786814288,152.0698997307571,0.3788515954729344,2.7377328213186587,0.4430624025717163,3.180795223890375,0.9317010555646213,9.382870140873104
212.8816905785945,273.92839053693007,61.04669995833558,53.05994801708545,21.28516975751013,48.88531104097244,70.17048079848257,90.509254067239,90.5086916427732,0.31905891913214357,3.5618596178448905,0.9704531853731823,4.532312803218073,0.8802958060062549,78.27331976173303
208.2643645615489,296.5027182119436,88.23835365039471,45.72216694671921,17.21914801338834,37.87747796135317,55.096625974741514,64.18978589326906,64.18924112921626,0.2219072425513627,2.121096221309883,0.7919900021806442,2.9130862234905273,0.8932570949911971,108.73878731703442
183.5794563811644,232.88160300922132,49.30214662805693,33.70613521172689,15.53155180541611,53.948620263860946,69.48017206927706,123.6031823651103,123.6026067980851,0.30139769494192065,1.5693448853435745,0.7609469176220464,2.330291802965621,0.9439654131495779,24.783016738114075
200.92591138041516,285.9649595234466,85.03904814303147,41.50163166941767,17.88247325992483,29.110908226851276,46.9933814867761,62.29985028915515,62.29934691717617,0.5222431728497512,1.9957589725454183,0.5654694622148378,2.561228434760256,0.828291876040994,89.58079577380514
193.38883492502285,240.96901372562454,47.580178800601686,43.199131120242726,14.727946617667873,28.15040250862318,42.878349126291056,138.55074455044618,138.55024732784514,0.19309448803189075,1.5495562027359489,1.504674467295221,3.0542306700311697,0.9312890681721642,-7.580612401396736
191.00355048916,231.61660581028147,40.613055321121465,44.24544472740745,18.724791895343376,36.537147726947026,55.2619396222904,95.2699056788375,95.26949819273104,0.451879533995999,2.3002608996061498,1.0474859367099338,3.347746836316084,0.8946851202222318,36.72800079248149
208.87748562174147,275.44752695487665,66.57004133313518,59.5669586522232,23.542085803373883,55.55935572458862,79.1014415279625,128.1521628333382,128.15165607052066,0.5710907374734967,2.785001542469663,2.124579399593567,4.909580942063229,0.9037521127036504,64.71417659604732
184.35174845747272,235.67932917532238,51.327580717849656,37.497712572454645,16.619104540606653,40.94781675923742,57.56692129984407,96.06481888848127,96.06431449320777,0.37005835656990543,2.699189035361238,0.3265058350869674,3.0256948704482056,0.9466192389141357,44.42687315061246
233.48878067034408,316.16250271814874,82.67372204780466,41.7733833706884,14.764204197902114,48.51737718846161,63.281581386363726,152.60041043202705,152.59988915307054,0.2692432912764044,1.3292352601117496,1.2195989028209162,2.548834162932666,0.9214869080640034,29.77390565218656
230.3031387555817,306.3555860460831,76.05244729050139,58.8861339968313,25.486624601015865,35.57265317635661,61.05927777737247,57.07364270727641,57.07321650294867,0.16713056614988694,1.5947940427959082,2.3429656898559275,3.937759732651836,0.8642709063169267,116.52078947772743
228.91931684007162,301.1360281310207,72.21671129094906,58.890195977085675,22.876835028846838,47.497193995632166,70.374029024479,74.77878574561862,74.77827775203669,0.3936388288689749,2.464237482379646,0.5358296934767304,3.000067175856376,0.8671307082629475,106.92497934748856
199.97461470907763,270.1462532533431,70.17163854426548,46.70446529216654,18.098186935355177,51.36788721551141,69.46607415086659,103.03443283154174,103.03394202508079,0.5522332513744524,1.6139942717916673,1.2632166815715382,2.8772109533632055,0.8538825437114604,68.2071058944752
198.31720550031258,273.2706662228394,74.95346072252681,48.39628167622265,22.92324842983421,45.62673935843976,68.54998778827397,140.111015259258,140.11049606405976,0.4524254683103139,3.515029098824845,0.7170822140860474,4.2321113129108925,0.8998039948733861,42.38499484540164
201.21002961396889,279.1689494155158,77.9589198015469,35.98931063920214,12.573472122130475,44.48835446698559,57.061826589116066,104.8888703360536,104.88833822603698,0.16759700381077217,1.7720618454166381,0.6132708651967638,2.385332710613402,0.8605871281964788,54.70648164537779
245.40450839816907,321.6346382499686,76.23012985179952,57.70168219586893,24.808019344002652,44.5226545070785,69.33067385108114,148.44722322842446,148.4467509437427,0.44668555008588035,2.348107045097122,1.6363810581132494,3.9844881032103716,0.8774141614358987,44.20812760385606
176.9458867244806,253.67426534944073,76.72837862496013,50.72400964218538,16.857539569999407,56.183917349505656,73.04145691950507,91.11448220600919,91.11398139539631,0.2793556444712218,2.7795858492986993,1.2571116820161075,4.036697531314807,0.8582955005512909,90.17579592202934
226.35040737104762,294.02563963801117,67.67523226696355,48.50878371960013,21.95717212037052,39.72229046990776,61.67946259027828,116.34277860076784,116.34229958120399,0.3808353360134814,2.1641484042442527,1.4069344359124283,3.5710828401566808,0.8953115431072631,51.542423739822205
180.2377398291962,232.6882430940648,52.450503264868615,42.365058637480686,18.42237104487505,33.9933159793439,52.41568702421895,111.06631976925989,111.0657666712732,0.21184896442971235,1.4343826734830356,0.6595937349923595,2.0939764084753953,0.8894268194439826,30.115686928368643
213.96895077805,280.00552779947196,66.03657702142198,47.59833161102972,22.04989067123942,57.48153410474321,79.53142477598263,153.8438660626199,153.8433067778802,0.20058499215166822,1.9869772914948476,1.2842866965959436,3.271263988090791,0.906462867844804,32.49776130851505
168.34600130996364,225.51561953371436,57.16961822375072,54.01182003172379,23.621204314189796,45.99542301196627,69.61662732615606,151.2704946290808,151.27003604080136,0.4045426805397671,2.0676691205629254,1.4391995075730328,3.5068686281359582,0.8369732112858677,21.44042322404961
209.4711720727456,264.8011052623887,55.32993318964313,34.710953076477495,20.147487972232888,43.701686153949716,63.849174126182604,154.3084283794934,154.30797647030573,0.30389067347251486,1.948791424737338,0.39130928222660494,2.340100706963943,0.8746600054271527,-2.678127994215676
178.0918675256558,234.80019122813346,56.70832370247766,48.019373176678926,17.239810393374817,46.64657886949692,63.88638926287174,129.07456960131316,129.07403393669193,0.45672760196987366,3.040667681307938,1.2713881026184284,4.3120557839263665,0.899184550307094,31.26578771701537
230.59679531730902,287.82140959214547,57.224614274836455,33.78696148496931,16.152842824339395,36.35884953576481,52.511692360104206,111.0007941513182,111.00023934807714,0.23258753577332467,1.257103230069376,0.22629898114207034,1.4834022112114464,0.941338203943666,28.999842784472893
179.68894075849747,222.41501075279277,42.7260699942953,57.18529829626949,22.58274803530631,36.349379775984715,58.932127811291025,128.897325940988,128.8969237678897,0.47777384265000905,3.0064496305357387,0.36413031652146044,3.370579947057199,0.9196205446343173,24.000457951656816
198.72671945444935,281.06672830968245,82.3400088552331,39.669691012533704,15.529862298838063,30.352739014888737,45.8826013137268,148.30582641975752,148.30534093256122,0.306363300736678,2.2905829958862194,1.1425297589771166,3.433112754863336,0.8920841710446035,14.137289799751352
185.7383112153295,265.2247996474455,79.48648843211598,59.03368587713197,30.220532847357976,48.91335291080794,79.13388575816592,113.10508749230827,113.10462594613259,0.15621143652045244,2.4923571882887057,0.4324896209072679,2.9248468091959734,0.8665494176261902,87.92736202244609
237.75315290229864,292.27847181255567,54.52531891025703,48.15615581680717,25.62556640554148,47.910757713715626,73.5363241192571,82.44815619204445,82.44760288795366,0.21780144740479626,2.2382815501424327,0.437137201074304,2.6754187512167364,0.9089915001027861,82.60639852065614
229.11665473853384,319.3822464437823,90.26559170524848,46.86706072492453,23.798509669633084,49.25361088475321,73.05212055438629,75.17016561943984,75.16973691129492,0.36634434369433033,1.9238946763556906,0.3548473884312677,2.2787420647869583,0.9525795847632659,126.09291168681345
225.99329372502015,315.20855188022836,89.2152581552082,43.9616672833758,18.02032512874155,35.29223326687476,53.31255839561631,171.71904448188883,171.71848883258824,0.45104611827094004,1.837022162758685,1.370304828012708,3.207326990771393,0.9340726911648736,10.379996637090313
207.98964740793733,288.543878115546,80.5542307076087,47.537512373776494,21.30075202556457,60.34206643510946,81.64281846067402,154.67699053920416,154.67645825788077,0.11908553785088968,2.19797138327215,0.41790741183642366,2.6158787951085736,0.8718674428941661,45.618841361595415
224.0189508396027,262.14600130495563,38.12705046535294,44.65547229405335,16.126648267241304,36.72035168532218,52.84699995256348,103.20357471617805,103.2030061302633,0.2967343840330184,1.6491018861104352,0.714685896277727,2.363787782388162,0.8494575199284532,25.284947794212403
174.56087072190843,227.75397345427598,53.19310273236755,44.382728638518884,20.093710541127585,35.97748063907405,56.07119118020164,135.5135280022368,135.51292995356732,0.2916444654833479,2.0793419629747363,0.5813982882869665,2.6607402512617027,0.894152774805564,13.574766227883089
214.6050868736787,272.3067331581556,57.701646284476936,40.013980951138095,16.38115944181239,54.56949708557482,70.95065652738721,94.85969183814616,94.85919652712215,0.3356721901382007,2.3465295130617907,0.5689722492635108,2.9155017623253014,0.9080667097368452,64.06947602775027
229.8430881795262,304.71832174828626,74.87523356876005,44.22505337007007,16.56429710072416,47.646385252917746,64.21068235364191,101.63758188103144,101.63704199873249,0.35878774197597685,1.8630906656371509,0.7893945995329904,2.6524852651701414,0.8773311830419359,69.01319954647583
180.53272486535036,250.98769846810032,70.45497360274996,57.16238012280854,18.937426104570218,50.0316895828738,68.96911568744402,191.2032689762019,191.20272698401422,0.4513118138856401,3.955297646252432,2.1348726384891497,6.090170284741582,0.8320385619676408,-0.9632840498592494
182.56929387127013,253.6740471764557,71.10475330518557,39.34402322768782,21.09601442516918,42.25401484655021,63.35002927171939,111.2689150106588,111.26834609600893,0.20160195981519985,1.3957597313719265,1.1166695208196475,2.5124292521915743,0.8847076676919016,52.9200529448661
222.17859201973647,302.71081309503023,80.53222107529376,58.0356716759211,19.916973679232886,30.9793704237182,50.89634410295109,140.51400531325507,140.5135016882187,0.1600101795951074,2.610924763040356,2.13670254039635,4.7476273034367065,0.8974373745310077,39.52592195076835
167.9988980123976,246.96141692383958,78.96251891144198,57.12430958259335,22.216278412727025,37.14328893238489,59.35956734511191,94.3162135457706,94.31579201622247,0.17450451000566014,3.091149454013676,1.633804859999197,4.724954314012873,0.9580199626418219,92.19135793683189
198.56434699211408,265.6170895759646,67.05274258385052,54.4426548058077,19.377959004210254,49.83763901956376,69.21559802377402,102.37210809914089,102.37151222654987,0.48729920039104846,2.6424512285925883,1.0309327181931454,3.6733839467857337,0.8981409105919369,75.60442412019775
210.85628153919427,297.94027011013753,87.08398857094326,33.77100019818628,14.77481432968537,38.54765003293213,53.3224643626175,74.79323123952358,74.79281987205466,0.34011253245017486,2.3772620178900383,0.511789712119159,2.8890517300091973,0.9263922516607953,89.07768143384646
198.58275749585013,282.6117009277147,84.02894343186458,49.40439197128446,18.264502952393833,49.557775386639044,67.82227833903288,111.46683819747352,111.46624572257215,0.19008899659152984,1.9663907659577815,1.0024347221392567,2.968825488097038,0.8631418574338251,74.77437057446657
219.78902951727858,274.40184683205655,54.61281731477797,57.96666470375037,27.87169292257208,28.46806071371148,56.33975363628356,106.64322163500448,106.64277056335935,0.46007648832307585,2.4278892108420917,1.0366121305071903,3.464501341349282,0.9017765049855583,52.62036095423946
201.3741039448096,277.82456487143554,76.45046092662594,44.120007314064594,16.849287558669396,37.020877444935756,53.87016500360515,136.60632145296012,136.60582295617593,0.3672314926251246,2.314185405455267,1.1162405495586005,3.4304259550138676,0.9214495066890118,31.363517693959484
230.34093928713784,276.7957983803404,46.45485909320254,42.09542067876318,15.571516287511868,47.98546009601322,63.55697638352509,78.34644724641029,78.34585711410955,0.2783038333205162,2.188294828080508,0.36418533620645216,2.55248016428696,0.8861223751300094,62.85320507202121
207.9948086801567,254.17794214425177,46.18313346409508,43.58073304516084,15.537815289804653,57.870101040366386,73.40791633017103,127.95977589352653,127.9592405614185,0.11342772505310823,2.639160688807626,1.0085839158857226,3.6477446046933486,0.9196164364082483,28.923196751978175
207.82597598405667,297.9757157765289,90.14973979247222,46.5330484006409,17.439570066229017,33.242299586501794,50.68186965273081,131.35089991710302,131.35038280483397,0.41733932373086857,2.8379758757907014,0.7399545381956248,3.5779304139863264,0.8957818469668843,46.59768064796373
197.0000611232401,253.41613862489066,56.41607750165056,36.383120799293096,15.488664792903002,28.05186429302716,43.54052908593016,91.9574686780535,91.95700349948173,0.37162848063716014,0.8675798849836308,0.8209569998817741,1.688536884865405,0.9009524046717715,38.13061087215814
240.53671007554556,303.4897813323314,62.95307125678585,40.29042616717781,14.23045663139811,25.41991286154153,39.65036949293964,71.45040273540515,71.44994425419623,0.21120626871610065,2.443392908595394,1.406397695440399,3.8497906040357925,0.8287559056238222,55.843997686637124
195.44286029156416,278.66528286791845,83.22242257635429,52.44656344035174,24.116843903591622,27.31835500179127,51.43519890538289,78.99115365799788,78.99074710246506,0.23964044737849946,3.051624585434866,0.7768152783245607,3.8284398637594266,0.89272749120505,92.88415098008313
221.48011869331216,278.73836810228266,57.2582494089705,48.3485783861983,20.222592907713626,48.22454859087905,68.44714149859269,126.19580781464487,126.19529054819948,0.19530933003669082,2.4554453087490926,0.42870514855154285,2.8841504573006356,0.9175629663480921,41.08775297805937
232.92425729597193,283.5669037171746,50.6426464212027,40.09064425944685,15.354768108271617,40.9433938800025,56.29816198827412,137.04449913870064,137.04401311844754,0.3551423251364244,1.5900832416985495,0.6492782769084071,2.2393615186069566,0.8545490149433093,6.3176259257276834
207.14146477582563,247.27498809996615,40.133523324140526,59.66311589280555,22.096396506052347,32.37092077487959,54.46731728093194,103.83753118068533,103.83708632044595,0.23934522108340686,4.085008538934676,1.17298071360924,5.257989252543916,0.9170516373322626,41.202704281752496
180.0474576834983,240.60769041888375,60.560232735385455,40.75493437832746,19.126305292154722,50.244840831571494,69.37114612372622,84.52359389870574,84.52311705588086,0.24039237381097106,2.493476336676787,0.9964859135504545,3.489962250227242,0.8867783399601802,73.09965839457821
176.57947812015968,222.49390844109334,45.91443032093366,37.75874160242469,14.848699309437187,50.62816433019726,65.47686363963444,97.24169398395065,97.24110579550903,0.2944747481152613,1.3487629602160747,1.1925360476632263,2.541299007879301,0.8856989446521957,43.46404249012854
203.10139268355417,242.1784422832436,39.077049599689445,39.71112563247281,17.591741284005142,33.28064075701369,50.87238204101884,149.75235233412843,149.75178265410474,0.44715848974421996,1.5130793837168552,1.41341630887238,2.926495692589235,0.9441212309701126,-22.15369097782773
217.9898368946086,295.2176872238921,77.22785032928348,41.49581577602054,20.894355070495628,52.22314054455474,73.11749561505036,72.72895068046093,72.72846459900111,0.33049538835202497,2.439333016579119,1.324538380801563,3.763871397380682,0.8658224715208662,99.58545504139043
211.37226688787047,262.4794612619236,51.10719437405311,47.55862483808183,16.602182683564294,37.49091728757225,54.093099971136546,127.84019647740092,127.8396004867956,0.28047366741873475,3.3053782849252,1.2628527916561223,4.5682310765813225,0.8738245375642101,17.53819495565198
213.667333916724,278.6834099523,65.01607603557599,34.3348746021669,14.194884292180065,31.880219346141214,46.07510363832128,106.81889728249878,106.81840485894419,0.32621505206553136,1.6768365956441817,0.6382359443137404,2.315072539957922,0.9023979110491306,32.455969779004306
184.27096647112444,229.24374045288178,44.97277398175734,58.37097018250184,22.957818740028642,53.20152479755335,76.15934353758199,91.21443798613285,91.21396815775721,0.3929539169919427,3.85750968866492,2.241010580860564,6.098520269525483,0.8947043060689767,73.18470552771784
235.35474939808103,301.5154373476799,66.16068794959887,57.93103380459961,21.676834650969568,29.345876794318457,51.022711445288024,96.33639925795985,96.33592167383794,0.44993807574264083,2.49503199161148,1.6214831499608706,4.116515141572351,0.8937009575269845,66.32338757020611
206.07541168656408,273.00880344642286,66.93339175985878,43.51751078887211,18.267646800584316,52.632599170592336,70.90024597117664,71.7915961417241,71.7910212183868,0.44882945895200865,1.8312282689304418,0.4704671462030408,2.3016954151334827,0.8685732525516311,92.77196378414402
226.86075790109925,284.3358177104942,57.47505980939496,57.68155576908265,26.133953762765028,46.903983650236434,73.03793741300146,131.09142731382582,131.0909737628757,0.3345328153265505,3.1847708517687052,2.123850600830328,5.308621452599033,0.9060991135522312,46.62824543989125
235.2041071833445,292.61273440183095,57.40862721848646,51.843189253807644,23.215076267044164,54.329540565882986,77.54461683292715,104.35242256088694,104.35197814033434,0.26941859909440885,1.3430751236168117,1.0573561792402337,2.4004313028570454,0.9014472023337141,71.91259473154956
202.75540582620704,256.0200521690482,53.26464634284116,59.42903948816329,27.99221603863826,28.850686122449332,56.84290216108759,116.98623160781379,116.98563949834896,0.22465921564630048,1.7785166159068944,0.6256993581061802,2.4042159740130744,0.8684058292918668,43.35261946760219
213.87365912473007,256.22378772286135,42.35012859813128,42.80258785300524,13.342596742153248,34.05399567280814,47.39659241496139,103.97392867659889,103.97338182281729,0.4046262224331255,2.4418052784183883,1.0186578791603105,3.460463157578699,0.8449089869809611,20.878408817523415
217.14124051553767,261.18661741066853,44.04537689513086,52.040149017459285,22.272791648061155,52.329150338846446,74.6019419869076,107.89265914426133,107.89210638809838,0.42051882509877636,1.8213227130167389,0.6285719020795602,2.449894615096299,0.9370967427441039,56.1554736466351
210.19459870921884,276.98145791465646,66.78685920543762,35.693928539887196,17.933303804911777,49.1412485266149,67.07455233152668,147.39890805582704,147.39835999774726,0.24200177133322312,1.1488311330032743,0.49346885226894877,1.642299985272223,0.8849813685976236,17.94094260698436
203.66524762403188,247.10430053496768,43.4390529109358,34.35328719951426,14.054998724794961,55.65750763872148,69.71250636351644,101.88254495715464,101.88200837568206,0.3159336423358582,0.9502792196251737,0.4350413632939927,1.3853205829191664,0.935840874150896,41.10361344582774
197.44689972061835,248.61260703882067,51.16570731820232,59.23131479449978,27.391619830101273,31.57378510928993,58.965404939391206,96.4591586683423,96.45874041874879,0.20497409740257722,2.0474072988619176,1.2654227677909737,3.312830066652891,0.9065899157119478,62.90454133943189
176.85278155937036,221.640507169918,44.78772561054765,41.85065223573093,17.98884810628714,41.285447829958514,59.27429593624565,131.11068222831938,131.11013149254993,0.44091349241766803,1.5102228107411315,0.6446250166239633,2.154847827365095,0.9407208109630203,11.483172893526543
208.22793519268203,281.408642656497,73.180707463815,45.069814866729736,18.948440368361542,35.93972704709904,54.888167415460586,118.31284621019297,118.31239642581295,0.2284370421888911,1.8703853041736362,0.3768004852760736,2.24718578944971,0.9435104909235433,49.393406812832
188.47817397412953,245.2775811838747,56.79940720974517,40.557410271314076,13.000001180617005,37.30573089124401,50.305732071861016,110.9310921141035,110.93066563305067,0.2543572183489766,2.768052478885024,0.8062618558996351,3.574314334784659,0.8724585966944726,28.706690488222673
235.8571178102425,304.97586189996184,69.11874408971934,60.537754792558665,27.84069266370261,42.47474821967886,70.31544088338147,130.40919228248288,130.40859568188452,0.11460587826649353,3.2364436685225275,0.8776714815594026,4.11411515008193,0.9240200283478781,60.37050024777318
203.73448043936926,269.7770893475672,66.04260890819793,45.205820504670946,20.229513272865585,47.1292202647346,67.35873353760019,108.94096686760497,108.9405612948483,0.17805320819180437,2.551719598052946,0.9344364699683643,3.4861560680213106,0.887873082166078,58.601747552239544
224.99287661415164,282.1719116452978,57.179035031146185,38.42062925067286,11.99475770475408,41.64997628899546,53.64473399374954,101.26903661510394,101.26863028788523,0.17369653192031428,1.1710693676946988,0.8112276006752908,1.9822969683699896,0.9156549152315341,41.955101724181894
242.0535556698767,299.3963589331998,57.342803263323106,51.57292075223332,19.70917865390301,28.73359285602891,48.442771509931916,128.9445877344437,128.9441257519372,0.4036327219537005,1.6978576881286334,0.5058927753406678,2.203750463469301,0.9006345659985405,23.242664165528957
224.98246362841886,282.151608066587,57.16914443816816,40.204217968053065,13.763538148683748,50.14318061498755,63.9067187636713,136.52220617238956,136.5216373319769,0.38105757475681573,2.6401996237429275,0.5318343150539343,3.172033938796862,0.9264651903175669,19.646020776941047
195.18242290953035,257.29054495489646,62.108122045366116,41.724692154437136,18.46088954643537,53.55964940559593,72.0205389520313,140.68830796070637,140.6877123718821,0.3323829121440803,2.2288786872193342,0.5524456628632604,2.7813243500825946,0.9109518688947473,29.19776873966248
239.4515000976132,295.90831948358243,56.456819385969226,53.06018203395732,18.25221803285712,35.70079596878235,53.953014001639474,128.75461810904062,128.75419440349606,0.2608385224552702,3.3290189905550696,1.4479644251248613,4.776983415679931,0.9523024124605292,28.262430120823232
196.5361236511975,240.02314027432647,43.487016623128966,60.927856032082744,32.33914955786842,51.59404608035704,83.93319563822546,87.04945601772256,87.0489769297558,0.5094635144704232,2.523432977772505,1.7747578662579353,4.29819084403044,0.9085093781697537,87.6633754322825
232.23470327466347,318.23108268397493,85.99637940931146,55.126437632451115,28.35832811718713,49.45753750119235,77.81586561837948,104.91609583946762,104.91554897910191,0.4153780824051661,2.861851926083295,0.662700027856192,3.524551953939487,0.9318144556807461,102.57712048377462
212.68971499772576,289.3238958624375,76.63418086471174,38.00156284905184,20.75718795691878,31.681035685847174,52.438223642765955,152.41802373721842,152.41749463156887,0.40882136349041187,1.7777151926380714,0.40210477408300077,2.1798199667210723,0.9101740173467798,10.983826581222441
187.25653905986795,227.5648893881167,40.308350328248764,41.66903048408996,15.73090763855051,45.42567192386282,61.156579562413334,56.78651042216932,56.78606374683354,0.41871573264855433,1.4373334715400574,0.3178014056392638,1.7551348771793212,0.8682988642358997,73.08822855564847
205.2652177524565,284.5228145872907,79.25759683483423,58.00286765524742,23.440101949953924,50.40933297250458,73.8494349224585,95.36977496504359,95.36930912385557,0.4187853866862246,3.596631226783731,1.4224058219045628,5.019037048688293,0.9693633077413664,106.9234558993127
213.16876677392534,261.1693911277197,48.000624353794336,40.66456641818641,20.64950350838629,44.48763835189645,65.13714186028274,86.11069433149734,86.11017545656696,0.3965188836382497,1.6551781441539581,0.8052458172239618,2.46042396137792,0.9381844155249904,60.82738766226682
180.83287472765755,220.85308788896342,40.02021316130586,56.72905715819857,26.47816192522863,24.66140005578785,51.139561981016485,92.68477477263161,92.68436769132019,0.22588442294746341,2.5488094822358067,1.7874489393339124,4.336258421569719,0.9088027885704673,46.023883239427256
196.55769067783564,242.14699693346387,45.58930625562823,47.05840158565724,19.288597137482572,44.465623000346724,63.75422013782929,132.86883663414093,132.86828498834547,0.35580963408956956,1.4308868575043536,1.5777668001023835,3.008653657606737,0.9228111390161359,18.612343691122668
185.61625419958514,270.02403548639455,84.40778128680941,60.15127411447296,29.627440904933778,43.28436254908768,72.91180345402145,190.38949158544347,190.3890365044596,0.16364023497653254,3.2308520296586805,0.40570293878612124,3.6365549684448015,0.9506132159103365,22.131822454237064
234.3130384049214,282.38622653720256,48.07318813228116,44.55497976445495,19.78438371561078,44.09011562592377,63.87449934153455,201.49763976305556,201.4970740938187,0.388955811364705,2.715010887428998,0.8298110811764462,3.5448219686054445,0.9017776078744864,-44.122341298258796
200.35269326608454,271.8727594153731,71.52006614928854,61.78967346492679,28.537800175674416,26.760859265835283,55.2986594415097,111.73331349467212,111.73277676090375,0.4324120971383506,2.6477733889602844,2.5292808077382345,5.177054196698519,0.9264303684221576,66.02313116002296
191.36109189991535,263.01616249998006,71.6550706000647,46.15914671564892,25.044084817442673,26.89771864538099,51.941803462823664,119.49639906984943,119.49586998694525,0.5388955428660032,3.208150357896612,0.862618765540069,4.070769123436682,0.893116539265733,40.771204184016774
228.48323885012348,293.5242651028613,65.04102625273782,53.061379600922166,28.151347205805262,51.92235239168792,80.07369959749319,186.14212104388702,186.14156757166282,0.17128571661114048,1.9823926677952726,1.4199644399458593,3.402357107741132,0.8687118054156472,7.350079418781328
206.84680679877053,261.1273250728459,54.280518274075376,38.56460021518839,17.054540705417207,36.86504960764154,53.91959031305875,89.92353373437051,89.92311870746619,0.2987011389579907,2.572153918631167,1.1103255759623916,3.6824794945935584,0.8522772908041619,45.051726566479516
236.28883045135473,281.52247268076565,45.23364222941092,48.10209883043712,17.634616033595776,56.08258603484858,73.71720206844435,106.80647298032324,106.80602098617686,0.4463349158754468,2.8614364185952685,0.7771098441836014,3.63854626277887,0.8400469848837615,47.178753176273894
196.08435487145184,263.7760865777254,67.69173170627354,43.01844828534973,18.3266892816093,37.7713888472473,56.0980781288566,172.68402421489932,172.6835198674058,0.4769910117220401,2.9033199292794216,1.261336249008581,4.164656178288003,0.8969214988878108,-9.432841727383225
168.76194748036866,222.76541354860856,54.0034660682399,34.18053587208308,16.371648632355683,52.058892979896974,68.43054161225265,106.71162559373431,106.71107016246758,0.4594869021585671,2.0071419806851902,0.23468911837126843,2.2418310990564585,0.8845964313678563,41.7548582098858
193.03570860737125,259.05442643831236,66.01871783094111,45.610831722622585,21.71502333660034,24.575845670517506,46.29086900711785,101.8526142925208,101.85204448137027,0.20292255375077636,2.200795552574555,0.6597432365643545,2.8605387891389094,0.8916032340780999,47.25935161782095
213.40911163705564,251.80427943981906,38.39516780276341,39.17405110261889,15.869931898441731,46.408536224186705,62.27846812262844,116.3664525199836,116.36597609925265,0.49863147926078977,1.6821512690510447,0.8460523924767118,2.5282036615277566,0.9078322660640656,18.56959623865138
230.36139740952356,309.4721008680129,79.11070345848933,60.71521433493735,28.248870681383977,54.21235490500833,82.46122558639232,100.46767522017939,100.46711649064916,0.5067327466064719,3.9111190079886557,2.097708739381854,6.00882774737051,0.8927570302234177,102.93887299046823
234.32629949076627,310.37675155075357,76.0504520599873,56.49434388456588,25.975618096668683,36.095715325263185,62.07133342193187,96.04778638330284,96.04734232848081,0.534288072526765,3.6619055455966776,0.33560637633555357,3.9975119219322313,0.8741024568103052,82.19796140580173
176.02808856071522,240.00471265378252,63.9766240930673,54.68932986096879,27.756924885458563,33.61942251996307,61.376347405421626,168.3525401190654,168.35212363201677,0.3771832145299467,2.869626797535292,1.1394786524783451,4.009105450013637,0.9021535798943525,6.589229665244071
220.66621955534237,281.7099713754205,61.043751820078114,47.393639707694824,22.42196653849344,51.134607454151414,73.55657399264486,107.54935820538022,107.54890888869521,0.5155879338802739,2.686344971187021,0.27057725110629904,2.9569222222933202,0.8996109284177933,63.84767842704364
201.9044979484506,256.1297743413069,54.22527639285633,39.729402154738665,17.077561202227447,48.02623604389493,65.10379724612238,117.86503901575622,117.86445838612374,0.1393931119274559,1.8898455034687947,1.1870050329095327,3.0768505363783274,0.9056784268216952,34.39565039250208
233.0191200329924,291.3245757529408,58.30545571994841,44.002939574816224,19.26856212808945,43.61538417006421,62.88394629815366,110.5921200986239,110.59161129133977,0.20143520268934523,1.4756124422861694,0.8924216041286882,2.3680340464148575,0.9401900081737945,48.91927175421867
181.24977294833786,219.90833786211408,38.65856491377622,39.8706447937837,17.88514293361894,36.99481573057991,54.87995866419885,96.12992733495668,96.12943106513465,0.13491487429561527,1.0373235870093247,0.8434346509608317,1.8807582379701564,0.9355883344403136,32.99264708519602
226.35223160422424,299.25250740809014,72.9002758038659,49.82548373200075,21.639971622445653,52.602439702970074,74.24241132541573,79.1687128759668,79.16816420902882,0.3204199121423396,2.737332297096797,2.0724365436041663,4.809768840700963,0.9058043358789859,102.05680957598157
245.29034763732815,286.5466508007273,41.25630316339917,56.19105107301714,19.66391080458576,49.03270649741172,68.69661730199749,99.86622107100612,99.86581905241982,0.4547306797177348,3.1987177674730263,1.6185399445681539,4.81725771204118,0.9705448197238606,59.20921653288363
202.31515803411895,242.17700633368062,39.86184829956167,39.598512323823634,17.832060843088335,39.660955918976775,57.49301676206511,106.388850206008,106.38842654538426,0.38715763046776314,2.1701579912382876,0.46812778136887084,2.6382857726071585,0.951874297034525,26.214149282263097
218.28981810512684,256.35902853642926,38.06921043130242,34.340090061793845,15.6194257420987,40.345924531414546,55.965350273513245,190.7111173564363,190.71069743589115,0.2893591204654735,1.7066156868970415,1.266308289307593,2.9729239762046342,0.8462785116237396,-55.51445687933291
222.52789627722174,272.3779919177447,49.85009564052294,37.09356405470059,15.392943622403166,24.404602671710467,39.79754629411363,110.85809614100783,110.85767180758562,0.4194698808263815,1.4959768312031732,0.43929380590316947,1.9352706371063426,0.8349298706884133,11.295593944302471
194.55300354508051,261.3840500596249,66.83104651454437,46.2801933315284,24.040114324202047,48.35577351108438,72.39588783528643,149.32261413286957,149.32212344279662,0.30660662464470584,1.666098586356658,1.3736765640699435,3.0397751504266015,0.914422529837454,30.02837622944274
182.16742720688399,249.54698530432702,67.37955809744304,33.70474756521999,18.699418212846425,52.6908018150578,71.39022002790423,153.43421441422143,153.4337582776385,0.29682253331452935,0.9198555305792157,1.0935536363449725,2.013409166924188,0.9310483796197269,15.576938165470022
237.11304875366767,299.96807516550916,62.85502641184149,44.96964517963476,23.358694439822816,32.8264256668375,56.18512010666032,163.4753069716774,163.47474982667586,0.32052914985665726,1.4026635213997773,1.4398721118987048,2.842535633298482,0.8849583476409602,-2.325690813495678
182.38413863200248,237.18495071151017,54.80081207950769,36.21799871004498,18.970479446712286,31.30307654916243,50.273555995874716,151.53459675545704,151.5340289476335,0.32975462308360626,1.9808643294480972,0.8015183339037055,2.782382663351803,0.8871587360470418,-11.846939840282483
186.33839910384182,255.7846193518742,69.44622024803238,37.05836110094208,15.83695109309723,31.22279405610911,47.059745149206336,97.14824116258112,97.14765617471167,0.3515058667403447,2.2202318637999565,0.9707497408800839,3.1909816046800406,0.938464460603669,49.62054149010766
214.94436635550662,277.98886633006725,63.04449997456064,53.71318141292223,27.57889567752664,30.12759420209072,57.70648987961736,118.85179464966156,118.85135543718171,0.4932745534393723,3.6565190985825162,1.4227411657387066,5.079260264321222,0.9032215163670109,45.197458495232624
208.81100343936444,287.3732512021959,78.56224776283145,63.913402980291636,32.77669362884418,52.38024848874952,85.1569421175937,112.2082225659533,112.20772199561642,0.3014694590730494,1.7513392612803769,1.477457056893221,3.2287963181735977,0.9067077104063379,101.45570118602922
234.7721152118843,317.59008927211346,82.81797406022915,39.014179399827135,18.76805826941557,50.60254241668287,69.37060068609844,96.58016470301237,96.57975496344854,0.30170050142623217,2.460217510613631,1.6203396748073875,4.080557185421019,0.8648390845697183,78.04372026617123
198.74073576605932,272.27589166577775,73.53515589971843,40.4572534711832,13.906931869590354,39.328414326776425,53.23534619636678,65.47044281418634,65.46999483256131,0.3737188452716438,2.10860953918653,0.588500709328065,2.697110248514595,0.8907711286231169,87.90746947813548
206.5110520578401,285.875133862016,79.36408180417592,43.27512664174814,15.461528609456849,25.61696558245083,41.07849419190768,88.40310162136893,88.40257860589483,0.5375123911035302,1.614640921825076,0.6247590591140673,2.239399980939143,0.8601980064531645,62.397225061518704
211.09631364856952,288.21274785112155,77.11643420255203,56.18176305126488,22.737421995952758,27.880861739716167,50.618283735668925,178.0898756554071,178.08939117694405,0.31258392998381557,3.308602261625037,1.2113025334451701,4.519904795070207,0.8948734193544198,0.8900420760537863
187.1103662425414,256.0585439721493,68.94817772960792,47.205824403337076,22.82197200668696,47.01337066462863,69.83534267131559,70.54628505132438,70.54574691147495,0.4248908882630434,3.4378033388059963,0.6452531296678515,4.083056468473848,0.8955731190389782,99.35098656318726
186.15040299713144,250.49842888111834,64.3480258839869,50.26180117603087,21.986754732514395,29.022242897949358,51.00899763046375,107.12876156033602,107.1281937148599,0.3437415114435179,2.1096770317817413,1.7732730345007561,3.8829500662824974,0.9373648139342167,50.865107457046015
221.30552739237598,297.60468572742934,76.29915833505336,49.38672465525309,25.227929778689408,36.022217283579586,61.250147062268994,103.03412813413603,103.03371622711425,0.11675428563648754,2.6665146870990952,0.7404145202971792,3.4069292073962743,0.9240314635988113,74.27238342814167
231.45887321622598,278.4168692210601,46.957996004834115,61.91156887933348,30.051263279187108,52.73938109753092,82.79064437671802,78.02190393417195,78.02131621157828,0.30828330841774715,2.2157879156938725,1.0481113524172658,3.263899268111138,0.8943980851609589,98.4434550868187
199.38948061894087,254.84287317520366,55.4533925562628,35.21970916970831,13.158599899275268,38.95697229362258,52.115572192897844,145.5151217189186,145.51471323825288,0.19946704677691338,1.1624461786201532,1.2148391226312822,2.3772853012514354,0.8840005095731656,-4.687670536152802
238.87324801719336,323.0071541269241,84.13390610973073,38.545413078243236,13.857201772584919,49.02505066132055,62.882252433905464,195.99224307112704,195.99164673738252,0.17669269190221834,1.182121184905334,1.203521345338168,2.385642530243502,0.8877962659045948,-11.534613382864892
217.54216877818627,279.8265324201818,62.284363641995554,45.91792444678611,21.468827102538363,27.439653290585603,48.908480393123966,103.48926483550817,103.48873730916314,0.18103943451263405,1.136125696979568,1.504961168745464,2.6410868657250317,0.846559288224447,43.00513131073731
216.47714247320155,258.7624799671585,42.28533749395697,46.992104409449425,18.38804344623509,33.931893181949675,52.31993662818476,155.14472158331074,155.14431292330687,0.3659087297809179,2.7942571074858593,0.4058032760347823,3.2000603835206416,0.8477955989004642,-14.508244275961955
210.17082989664186,270.3429428396113,60.17211294296942,36.14340117856411,18.959792430283276,50.7843548484153,69.74414727869858,74.94938427755267,74.94890555178904,0.38301295918459816,1.136572337809885,0.6032110715149545,1.7397834093248394,0.883144655222822,78.58924079388846
191.84213496812785,239.55326863136892,47.71113366324107,58.74876137188511,30.769301040153405,51.974271758146045,82.74357279829945,130.36839287355536,130.3679412318639,0.34231617172802165,3.352892509490961,1.8924329601353034,5.245325469626264,0.8578344389805677,45.67786952174135
219.21471485971668,276.0336681778364,56.818953318119696,53.8124852701442,22.771019222520597,47.93079938821586,70.70181861073645,102.40469480107194,102.40413508660242,0.34140140238524036,3.4911364124368527,2.0367532142150604,5.527889626651913,0.8980818410380054,65.61370760527032
189.4002254517002,258.21079432475153,68.81056887305132,59.65109380482179,26.880162321580723,45.58425919611595,72.46442151769668,82.38887431572194,82.38842922468808,0.28331809319692636,3.9120613887143483,1.6145230243260995,5.526584413040448,0.8409530634010056,94.79874876545291
216.80491925985697,284.1857993704879,67.38088011063095,59.34251571793439,30.459707352657013,30.366462538550493,60.826169891207506,81.9777083546332,81.9771431121305,0.43748907418173655,2.330678259974013,1.4558657714279057,3.7865440314019185,0.9064844692236179,91.87074106444217
188.7198271970759,250.37649518262936,61.65666798555347,49.864124821700884,23.842740137138257,41.481660771666874,65.32440090880513,66.66024280333646,66.65978033505637,0.4356264097865393,1.4470902550746836,0.8730987840477205,2.320189039122404,0.9399752585558023,100.98116409276614
246.6655697938261,287.0831350830189,40.417565289192765,57.67588766046344,24.428217257049784,28.340346412607275,52.768563669657055,121.2122919475928,121.21169411885856,0.41279804420325833,2.6351216564031383,1.3048219278509217,3.9399435842540598,0.8510198671114081,21.528743911927318
191.41500556927002,249.24561186283196,57.83060629356194,53.99633021801565,29.146049251195052,29.530901981386492,58.676951232581544,91.01072890028587,91.01027481846445,0.2177401836664638,1.7927828672213566,1.071878395418108,2.8646612626394647,0.8845966421911162,67.59310110042259
192.6213444439283,229.12812778622546,36.506783342297155,43.56631831088564,19.844627222149835,41.2326003217073,61.077227543857134,107.99936326283768,107.99882627067703,0.5261712247626754,1.8384820649582838,0.3826528972454185,2.221134962203702,0.901578108942825,27.411758200230715
195.87915879864528,252.88110360703408,57.0019448083888,51.50255568495253,17.995793028332542,26.59526551966643,44.59105854799897,127.953829964739,127.95326992598764,0.47103752915047153,2.6937387303197498,0.3698115009948817,3.0635502313146317,0.8769789178123409,18.94949855062156
182.704775871936,252.20394216139917,69.49916628946318,59.478986519066645,28.7269106862469,31.650618379148604,60.37752906539551,127.59463505307255,127.59419176118956,0.17379673331862594,3.357338195196788,1.5914172663189252,4.948755461515713,0.9290877016975044,52.62254065673068
190.77320251091342,233.18217150837265,42.408968997459226,55.07152340753353,27.869154631043514,26.866644804399936,54.735799435443454,115.74737270339193,115.74695755224293,0.24880716322988083,1.917646194872099,1.1983263983216206,3.1159725931937197,0.9200466797805441,30.45773548256866
220.0889013121833,302.0812927917204,81.99239147953708,53.60583009294758,28.140128763304144,35.964455828311216,64.10458459161536,86.16738137816961,86.1668711286733,0.22794865330031977,1.886007521229531,0.6722665415755387,2.5582740628050695,0.8494976381908445,94.08161904557896
209.39728154682106,277.0301732137673,67.63289166694622,40.688587462756274,14.074609068030316,52.73052627309093,66.80513534112124,89.18114196328663,89.18060654747403,0.4121195159990082,2.6098448175181668,1.5869537385352495,4.196798556053416,0.919652836438761,74.80188538941991
208.56404209780345,258.45248173380884,49.88843963600539,57.48480643595327,25.013520943322153,54.60584566140427,79.61936660472642,152.7394246153138,152.73886116007702,0.2986166854910773,3.9930627368444003,0.9383174336969277,4.931380170541328,0.879341076335777,25.521779662536108
225.65165249198458,282.6911617359457,57.039509243961106,45.48106592766829,20.46199052109648,27.321347502531275,47.783338023627756,113.35771105084524,113.357256498056,0.1898329309148918,2.4511530819195397,1.0750122663385697,3.5261653482581092,0.8501191798365301,28.250020079761963
171.22212895291344,212.61656850699455,41.39443955408112,52.43441618483656,26.45588484278457,31.5867284119621,58.04261325474667,108.17335240063447,108.172777943456,0.20191545263541522,2.6142731565179154,1.4467409955813504,4.061014152099266,0.8295038195134541,32.712114744441806
233.79936788311196,273.6500010892997,39.85063320618772,54.205607852083006,25.7502240111942,48.506536545312265,74.25676055650646,73.54570515284364,73.54512199951385,0.2898171400028624,2.9517178920107097,2.1499431646147626,5.101661056625472,0.8807087708636127,78.71458063761888
187.54249865897714,274.8914155414967,87.34891688251957,49.76439148723849,17.131780771478088,27.53777232328952,44.66955309476761,111.24033004653145,111.23977420913587,0.33328698206770646,1.4592405921488538,1.4453635978511987,2.9046041900000525,0.8610425665126088,57.95263877521801
235.58443063070618,308.7785868345863,73.19415620388011,38.255613814648775,18.941297521756677,50.30893257155292,69.2502300933096,131.35719152070175,131.3567900013318,0.33881122797481816,2.559123148963726,1.1440333907118059,3.7031565396755317,0.9026672073343355,40.89194591440207
225.45733507440758,299.0680749850418,73.61073991063421,52.464859168803635,24.13794594857798,28.025384146195446,52.16333009477343,150.50968380174015,150.50926635846056,0.22348626529356352,1.8256533431462794,1.1722098786318826,2.997863221778162,0.9026629184988412,22.1227456367494
220.24858139232384,287.0374037840481,66.78882239172424,39.46225543396134,20.774091322533433,43.553160404049834,64.32725172658327,120.88770404492644,120.88710449745568,0.32089943991500264,2.2763613485770384,1.0087504243596643,3.2851117729367028,0.8953269127678708,41.26133223337048
187.44308079862913,275.54575685675803,88.1026760581289,40.362244016563515,21.61451527524635,31.977949993484334,53.592465268730685,100.07899718794171,100.07845039820285,0.556019292802117,1.4233726693728983,1.4647503358050145,2.8881230051779125,0.8599180306691081,67.53348423222157
196.9278124345815,274.8341516573621,77.90633922278059,37.89649581153351,12.5802692107583,48.84925632950331,61.42952554026161,133.9312208889012,133.93069553057384,0.15784127269205567,2.1433042097026447,0.8335856244669513,2.976889834169596,0.8739699275340757,35.104692342308425
236.3105296837084,278.4498260275309,42.13929634382248,51.78638262152351,26.022549194189505,39.911005551251606,65.93355474544111,82.13863768494566,82.13805741254404,0.3285770916683411,3.0933733427173147,1.417357816229848,4.510731158947163,0.9032755030069217,65.83240602080487
211.30204578068762,258.8113389343456,47.50929315365798,36.01256890984902,15.993868683410488,30.08720707557898,46.08107575898947,97.49175816626872,97.49135023797568,0.2719537142387433,2.1896618416723017,0.4708262389899147,2.6604880806622164,0.9166119976586539,26.745955112196533
194.88877785801986,251.42368808818145,56.534910230161586,42.50181010993044,24.224977765690873,34.11636621075544,58.34134397644631,122.77306542314288,122.7725139475704,0.19667764848353192,1.9347609374297634,0.9926249620948591,2.9273858995246225,0.8807232203772195,27.726476455218673
208.74867213223308,264.4456938217221,55.69702168948902,60.896292220578324,21.67577131594733,38.88398987872518,60.55976119467251,121.12984529421698,121.129314358703,0.5061211412719637,3.149874037187871,0.5945784557649184,3.7444524929527896,0.8891778751220056,46.0355725043751
183.52702321961047,248.5531077615291,65.02608454191864,46.72390794217858,22.741511355260666,54.13904923473674,76.8805605899974,137.32023821770395,137.31966857353765,0.49067850002750246,2.453227721825185,1.4800742605991724,3.933301982424357,0.8595076543381905,40.299652891781406
191.48179293451616,238.75962757827057,47.2778346437544,58.338084909627575,22.987662436699903,37.560368903198956,60.548031339898856,105.58173179876883,105.5811762179221,0.23140828596957883,3.4807064108703742,1.2860759610174788,4.766782371887853,0.8872995498688205,49.320176378374555
184.18540230832323,264.7815507901486,80.59614848182534,49.02263700603649,16.199055182978498,27.60907231201208,43.80812749499058,186.0769502018003,186.07645321562913,0.24988783802710882,2.287515930127794,0.7555978877802584,3.0431138179080524,0.9076816553992018,-14.470752812817125
199.2791037866446,234.3296036272225,35.050499840577885,39.185064699659364,21.531353900935247,41.46112575498508,62.992479655920334,159.177461094902,159.1770469012114,0.13706998368857165,1.8638633754365797,0.6163705740128741,2.480233949449454,0.919060934416586,-22.577932734060983
193.0751169118245,267.6447673307089,74.56965041888438,55.529854852577934,20.862826333571274,29.613184057929313,50.47601039150059,112.31162626044892,112.31104438014083,0.3281436223991993,3.1534661899151826,1.7633908774450469,4.91685706736023,0.8921711734355556,56.22415502830018
191.58624477850043,250.12997967610642,58.54373489760599,43.655486604714866,15.565031946797607,52.53725748242616,68.10228942922377,195.69971978543563,195.69916708498644,0.11518944132035958,1.4038498238228456,1.322024909070691,2.7258747328935367,0.8966813757993071,-25.321134594214197
177.82656711821863,215.95841719760887,38.13185007939023,62.34761960612596,31.915742560827205,50.07312539215852,81.98886795298573,174.76143699430287,174.76096571508992,0.28667288650352185,3.403243952325961,0.445051726144415,3.848295678470376,0.9071539689346155,3.2407198852424597
240.7711898841419,323.39520500103004,82.62401511688813,40.66234149759504,17.553893224791807,28.238117800039703,45.79201102483151,166.05750798968248,166.05691120403304,0.16774628911319872,1.2750579408434008,0.536472829505139,1.81153077034854,0.901813037145618,0.9398509481586653
202.21583293043875,259.8833334209529,57.66750049051416,59.270932006735144,24.52565502282736,41.609918324656064,66.13557334748343,136.53404453738963,136.5335823157456,0.3976145139372716,3.36952895805821,1.557446376995656,4.926975335053866,0.8340303327427263,34.3752554783959
210.10425176195122,282.01820861075225,71.91395684880104,48.71779362930973,26.813000730142594,47.78554146509736,74.59854219523996,80.44792974963656,80.44745563751411,0.5350645126998803,2.0368595037264914,1.2339230960687944,3.270782599795286,0.9093482343727244,100.91672984279019
225.2148094172197,307.2082851274392,81.99347571021949,58.557914470896364,24.84722174673762,34.42179556707917,59.26901731381679,109.28866640613847,109.2880714709987,0.1566463117391331,3.7226805002466863,1.0714514108728532,4.794131911119539,0.8524610639909235,72.95494582110533
221.42035833725456,262.02217786105695,40.60181952380239,39.228180899765384,12.88961464107551,44.98720634901252,57.87682099008803,75.96640898312856,75.96587536091315,0.4523903906151651,1.0922399715391948,1.2168690598925411,2.3091090314317357,0.8806691881117538,51.94138137953534
190.27084748415092,238.2439970364248,47.97314955227387,53.57324063885122,24.248614851833374,37.279400782226745,61.52801563406012,167.40802859927908,167.40745276029784,0.5048685003264325,2.388952353403469,1.5513594860171802,3.940311839420649,0.8977895151112558,-7.881000408632706
226.7278892019124,272.72268357314465,45.994794371232246,35.59197102274574,17.09036347008155,41.04294836476619,58.13331183484774,115.86635257696156,115.86577502613221,0.18196226309963642,1.1732751317556072,0.4543012001773975,1.6275763319330045,0.908063078833055,20.018035913719412
185.21909712314098,226.4097750868677,41.19067796372673,55.25358076899256,20.017224546637696,44.65869564747715,64.67592019411485,131.32795814556604,131.32745085589886,0.522121178545931,3.7338785043593767,1.2783780047899027,5.01225650914928,0.9099713622365753,22.074404143849115
207.89953867366788,291.79400478867905,83.89446611501117,41.03333377089261,16.845160487045817,43.119126991064675,59.96428747811049,154.50167724003376,154.50122384666983,0.3940411265626792,1.206675561621508,0.24335104684547892,1.4500266084669868,0.8624115631896084,24.619086774680618
198.0651083062227,280.0079393095083,81.94283100328559,45.07671252044304,18.009455370980778,46.62171886054842,64.6311742315292,136.3849328174317,136.38436332825958,0.3602715449756101,2.166055927879222,1.453635058976748,3.6196909868559697,0.9227927565401183,47.32671094993763
230.4607464689379,285.78100429153983,55.32025782260192,53.21307405074947,17.558098961810416,37.639813540312005,55.19791250212242,108.36442698629908,108.36392660878566,0.4148403410479178,1.5242438973803183,1.500180934269319,3.0244248316496374,0.8779791116478467,45.591745486074515
205.77995735536206,277.275457943559,71.49550058819693,47.41021993997854,18.844259117207415,45.79935147189136,64.64361058909878,119.49639513821212,119.49588226800478,0.2519909626261741,2.9451590381004555,0.966741706510201,3.9119007446106564,0.9050406560121013,54.202484084099446
205.15145515621808,295.46542452463575,90.31396936841767,55.548649108862264,29.92869580823891,37.070681136675454,66.99937694491436,154.40035462361092,154.39984635001824,0.11477543480690545,2.104042837716729,2.200535978211893,4.304578815928622,0.910294966799675,49.194884117744856
222.36334173821774,272.5779829161745,50.214641177956764,52.63088463790834,20.987304815456756,49.28242577352451,70.26973058898126,92.73906419568323,92.73866227807115,0.3283214558109593,2.8045536996832454,0.8713374387843098,3.675891138467555,0.9171434564147666,70.04442997334132
186.71092451775158,226.19122755866047,39.48030304090889,37.881007038387686,13.23201967236527,31.767960095077708,44.99997976744298,114.08029080377375,114.07988162995277,0.40531949531258576,1.1945767475659004,1.2300557489744262,2.4246324965403265,0.8867896375751059,4.8342948899656655
203.22540782605026,282.3858673113228,79.16045948527253,54.86891445408025,29.2445605395338,43.00423145463605,72.24879199416985,152.84875657509644,152.84823329823126,0.43055751272885606,2.284729078056957,1.7725500222340338,4.057279100290991,0.8630494027988985,42.2394467437478
225.12083601554292,297.45630522226753,72.33546920672461,44.81265304236093,18.920186172891032,41.34361714401139,60.263803316902425,101.31482754732876,101.31426865985702,0.25970026692828985,1.345761335687176,1.29385651109642,2.639617846783596,0.8613099806022575,63.046459765415925
233.44641496327404,281.0718350663901,47.625420103116085,50.70901028663795,27.485982026697243,31.700420534253713,59.18640256095095,137.44125863853597,137.44076723081915,0.21932340730687783,2.560729016230726,1.5986431706111797,4.159372186841906,0.8948475505296735,14.050332596975581
203.74383708534285,261.4242965359417,57.680459450598875,38.79400010466788,19.987807770431825,24.781578612324477,44.7693863827563,146.43497420632033,146.4345361246608,0.13793385743476524,0.9581732016954282,0.48237749246448963,1.4405506941599178,0.8918106004759109,-6.036821788029448
195.44792606745793,238.99024436365775,43.542318296199824,46.197657467301084,20.364985218995784,41.09965849478993,61.46464371378571,142.9926513488103,142.99217002172907,0.4491687449571283,3.2733027788344398,0.5019339733397132,3.7752367521741528,0.9216205619243063,3.6754633139436628
203.26190389905332,270.96515992756264,67.70325602850932,59.09179111661237,24.039636674562207,26.672355381851766,50.711992056413976,94.42074457965225,94.4201909149419,0.19472950639386127,2.514292625328303,0.7258674150486761,3.2401600403769795,0.8964901472534463,71.4071962196893
168.96740286002623,236.15202302884688,67.18462016882066,61.4484361908903,22.18270579030547,34.04108417032092,56.22378996062639,71.26871671488027,71.26829499060283,0.5049680539188616,3.271744147323261,2.2949511126955264,5.566695260018788,0.8926114138792817,95.97080142768085
224.68426457477696,278.9887218624876,54.30445728771062,61.26155752934953,22.580641756668577,35.853490195246,58.43413195191458,130.81116934765586,130.81065730787856,0.1647692403156006,2.2928168881967483,1.0613725523043656,3.3541894405011137,0.9046839151776093,35.88929110347708
200.52089442355685,273.2541582343376,72.73326381078073,53.529240873975084,19.9218931277582,42.29372670285069,62.21561983060889,89.17225086464185,89.17171042208257,0.115024575448256,1.9434739424862189,1.4586058892241438,3.4020798317103624,0.9167797718239867,87.8177014772215
165.43147517746038,223.15910568889763,57.72763051143724,36.82558830337909,15.897706833511275,59.47009900297976,75.36780583649103,127.43720950689786,127.43672634030952,0.20845657377876134,2.302529532336642,0.30324816876416505,2.6057777011008074,0.849690695108131,33.70728428583341
188.7860825707954,263.6864795357362,74.90039696494082,47.472289545076585,19.533877057944466,51.76497224100335,71.29884929894781,163.68665172404147,163.68613147161753,0.33547282153849567,2.7927717337184075,1.0276333972391005,3.820405130957508,0.8738047036607907,22.569961648413926
174.12422771160774,242.92136983428625,68.79714212267851,39.85354469394462,20.067453717670457,58.22161314562058,78.28906686329104,155.58223130002824,155.58165460463908,0.2629856299582499,2.1382986952280256,0.9451014949977652,3.083400190225791,0.908503966450821,25.448752599333268
209.0057053334418,274.7850457261861,65.77934039274433,52.897811817269115,21.73775362913642,53.46167702762971,75.19943065676614,169.67995427567013,169.6795117130238,0.4515225862603331,3.2267644529423047,1.1520111799759125,4.3787756329182175,0.9256161913728681,17.926198602886526
171.64461381755882,222.72538495633034,51.080771138771524,37.22906782265331,16.54507106234243,27.13769622524511,43.68276728758754,74.47213549812324,74.47170848149193,0.3813887144292087,1.2330675218474225,0.5994128731284118,1.8324803949758344,0.8905242510509941,49.25225027362411
193.03250127794595,238.8558031252279,45.823301847281954,60.740430432412445,22.270684280494294,33.26013894276249,55.53082322325678,121.3425432031607,121.34213103350046,0.17159750614549077,4.257255859995352,0.6267257783945902,4.883981638389942,0.9071521085357498,32.38246850457143
192.34311870587982,262.602421963055,70.25930325717519,38.50943938670151,14.426652310294676,32.0320048736089,46.458657183903576,163.46654519339958,163.4659999507849,0.354353886586265,1.7876176777478723,0.31004989520967885,2.097667572957551,0.9314447037684321,-9.957722853057245
199.36592391157245,267.9166634793544,68.55073956778193,34.03498115129326,17.269578566424904,26.802900329548176,44.07247889597308,143.3883721976965,143.38779209153,0.2322589435794684,2.290948510492104,1.1015812115494195,3.392529722041523,0.939134170701475,-0.3328114400008919
175.23663047521515,223.4262758447931,48.18964536957796,59.50743113576689,27.976395108575264,50.207781157883815,78.18417626645908,106.50368045689999,106.50314237817473,0.3933555559043833,3.437431856633326,1.3201811802660541,4.7576130368993805,0.9112701132012161,67.64097591144092
211.21624757249438,298.4918500818549,87.27560250936054,38.5496298219485,16.60964573043707,53.49309550746538,70.10274123790245,103.27608202807353,103.2754867374997,0.48060233702055644,1.4800310346834753,0.9415453066838569,2.421576341367332,0.8670672418676311,77.8195521472725
213.47009257715382,287.1442152151379,73.67412263798406,33.530203518354526,15.263853204215689,40.860767876259,56.12462108047468,134.9109007699434,134.91035914779616,0.5666649029039356,1.7468551714971465,1.0654852467705744,2.8123404182677207,0.8836180673124092,22.125427731632705
202.8046972244624,248.84090164841302,46.036204423950636,50.65512319564351,20.891745097105506,55.58738005854329,76.4791251556488,99.17579814116868,99.17534044221473,0.386628019792539,3.4720031424943487,1.1829941839378562,4.654997326432205,0.8986468781584241,61.96483581882846
192.95468938251915,238.20814671730437,45.253457334785224,63.544623607790854,33.6261362899572,44.41971426668516,78.04585055664236,100.33763921526099,100.33718809738522,0.2937842175095183,1.588130567567968,1.4089399720821578,2.997070539650126,0.9068011046760744,75.46025974959122
215.8738123485918,282.7055229396513,66.8317105910595,40.51420722022528,16.745371373254205,36.20795350042367,52.95332487367787,165.1274313029531,165.1268979690797,0.3045872810731166,1.8293351242844982,0.9659707417004135,2.7953058659849117,0.8307591385782847,-6.585883305720634
181.07451541052916,221.8117333524037,40.73721794187455,44.77854266282299,20.828115037670575,27.752283243409085,48.58039828107966,107.72099048516962,107.72045532283418,0.2476619278753205,2.434049751818039,0.5508877384228373,2.9849374902408763,0.8949597694528183,20.71214714987676
186.35106148600624,267.7822835041662,81.43122201815993,41.116798102919404,15.289254711828335,52.51000648109243,67.79926119292077,154.50754857426415,154.50704381179781,0.25525449099135783,1.6227074663812187,0.744696532974662,2.3674039993558806,0.9652927677593681,32.06468878261906
205.61163494440623,275.820887429084,70.20925248467776,51.20981312462624,20.407913501140914,44.49854042284634,64.90645392398726,167.5949491150114,167.59444373719498,0.10590947131609876,1.947604587481456,2.022435396113723,3.970039983595179,0.863354307170128,12.652566448784455
203.03717554958183,244.63241350915436,41.59523795957253,43.260694940480406,18.214436059619167,34.44559506148219,52.660031121101355,167.18879590314492,167.18831257485837,0.1910396835591825,2.562196399330608,0.7220854691805534,3.284281868511161,0.8817379708467854,-29.2275593773642
222.91835046488745,281.7289762519673,58.81062578707986,50.524817584729945,17.78195306923713,29.084128802513007,46.86608187175014,86.1409723351723,86.14050235096643,0.454712270358887,3.4387127204033585,0.5468792516180278,3.9855919720213864,0.945133576867069,62.020344534463646
229.28073488311085,278.13899269759116,48.85825781448031,47.917131977647784,22.391871787332086,51.30729540323787,73.69916719056997,59.749171135127256,59.74864432462491,0.4881859560761942,2.354616620275886,1.4154066586274634,3.7700232789033494,0.8600168388696516,91.56401773964056
193.75840859960476,253.754230291654,59.99582169204925,61.651100702902426,26.515658372381242,53.62846100883258,80.14411938121383,71.46144765780807,71.46089815434885,0.13544267711229185,4.20050537587909,0.5149509850675756,4.715456360946666,0.9546718125849075,119.79149786856092
216.83908502169788,270.1191551026697,53.280070080971825,51.71175266673129,18.675933443195824,40.83159239104126,59.507525834237086,124.45445714027007,124.45389445912335,0.4432764671192854,1.526060062951729,1.4322269279621358,2.958286990913865,0.9014610925090808,33.03304171245921
232.3146018387364,310.54402829128594,78.22942645254955,53.15816645760878,28.625141433524558,51.94439119160173,80.56953262512629,126.21242615985165,126.21196459248767,0.47558451293703435,1.8591463269476864,1.2400973905203274,3.099243717468014,0.891543827895166,73.25845296582523
193.67696385477583,262.6580908455477,68.98112699077186,48.716612665554706,16.687981507850004,37.367579053626,54.05556056147601,117.32308345980505,117.3225119129578,0.11905321786727782,1.3406023852491378,0.8527917200956681,2.193394105344806,0.8697981237316414,45.33243519783004
236.3220769022527,318.88170583942576,82.55962893717307,42.82974136813912,21.568494166933963,56.67235434946154,78.2408485163955,82.45478794375614,82.45432739531395,0.4400664945040588,1.8938985200374654,0.5861034736384916,2.480001993675957,0.9146362814115975,108.16106614747608
216.06135537928589,262.05427287434054,45.992917495054655,41.66602588355583,18.125932661148262,42.669868990365245,60.79580165151351,114.79175148944896,114.79129051380583,0.4388333313012992,2.297989341471766,0.7964873993580373,3.094476740829803,0.8512429965788562,25.648074444023575
187.52102108424938,243.08545323991655,55.56443215566716,48.930116951767715,18.27229915237054,49.705424117476674,67.97772326984722,134.20233960914615,134.20177840868703,0.36690238105092265,1.6149997273286392,1.2209212836085368,2.835921010937176,0.9448647327477987,33.13420518745357
193.5913523422542,273.11278406143316,79.52143171917896,39.441429804070594,14.293139248662467,53.45200344135686,67.74514269001932,95.65699569670882,95.65640182162191,0.4820168534274541,1.7725111386757852,1.5909257373949397,3.363436876070725,0.8574437766798844,74.77436945858031
185.87845866729918,242.33510389791184,56.45664523061265,36.735086053393445,17.31049681471925,54.46987626530237,71.78037308002162,131.2367130998673,131.2361266547283,0.26121871128061536,2.114615154820243,1.328160066142392,3.442775220962635,0.8865343964462665,26.624386611876538
227.13490149446002,284.0097842782765,56.8748827838165,43.868659156815795,21.724792934765716,31.403042431749295,53.127835366515015,176.12704994003883,176.1266277241723,0.2994597102798199,2.417207023709323,0.3657164270923026,2.7829234508016256,0.9103951546986525,-23.06725884103796
187.57362706068656,271.4005276531954,83.82690059250885,36.795883196184874,18.005668319861865,48.40122900967591,66.40689732953777,120.36507223734033,120.36461454201746,0.4326590999231388,2.013132131235381,0.5500229798743681,2.563155111109749,0.863416921501303,54.97310987143427
203.55818642133045,274.82372564194173,71.26553922061129,41.41591204288646,16.082757268953927,41.96077974354936,58.043537012503286,90.68107468874584,90.68052270944067,0.3716624586764959,2.1269732861415043,0.9209847766682796,3.047958062809784,0.8731862729123472,66.90776285739437
217.506598988502,301.3773085531262,83.87070956462424,48.081298060948406,18.305517898967867,28.52927627961374,46.8347941785816,104.1687703793046,104.16820913058544,0.21769688774164211,3.492097139230326,1.5731737216734802,5.065270860903807,0.8607608106253505,59.68138871559228
214.2294331624956,268.88101153987947,54.651578377383856,57.69551220318331,27.431660638579185,43.77656228429794,71.20822292287713,71.41859497153206,71.41809411822625,0.3942180333066202,3.2850327115134292,0.40911337508951184,3.694146086602941,0.8697297978714642,93.97330905013985
217.1818336636089,282.56040618837915,65.37857252477025,40.06690693389559,19.547659629594516,40.65020045402003,60.19786008361454,142.49797745389714,142.49757423334154,0.45634562071623724,2.6952436527181782,0.3766305978713316,3.07187425058951,0.8500544522044119,16.675981840582367
178.4078462388306,238.203465572178,59.79561933334742,57.92494504439612,21.83999630072769,39.66577146577937,61.50576776650706,165.36741794506818,165.36691757555352,0.4177607400049265,3.931764889810376,0.46040390457562214,4.392168794385998,0.8987061944711234,8.132828257104665
204.45074122535712,267.0032270541488,62.552485828791674,34.902464493742436,16.19959143329383,36.580954378949,52.780545812242835,106.01900714967215,106.01860092028754,0.17892523435738858,2.2050703651481878,0.5866794621749815,2.7917498273231693,0.8912175915404243,36.75935698473243
200.79266018447873,243.25423589324032,42.461575708761586,64.39230351014949,29.74268914144308,24.10164436365676,53.84433350509984,114.62673894695108,114.62628266786211,0.26896164518037136,1.7830235088836943,1.900598460028064,3.6836219689117584,0.8555191060850258,36.033905616993835
242.98890340533663,328.85916047149163,85.870257066155,49.61838141595255,21.607526240366326,28.313877218064057,49.92140345843038,105.34027912156678,105.33974774955671,0.13306750681056959,2.3916704462831273,2.1103214409783346,4.501991887261462,0.9451246022601592,71.2956962838305
211.60661172377348,266.576300156396,54.96968843262249,47.07380271042621,22.226046047604388,48.42069173957157,70.64673778717597,120.85811076101879,120.85768384053885,0.3921237283332374,1.9977208663417498,0.459227023562186,2.456947889903936,0.913825048429035,44.7623250172689
224.8575513788179,296.39619631285746,71.53864493403955,51.681945747898475,18.675714762195994,28.60892675537177,47.28464151756776,153.45104535561816,153.4505028577094,0.19022516554428753,1.499106463350659,1.3778202139081868,2.8769266772588455,0.86728665153226,12.131239252149845
225.57340314750323,305.90940805988066,80.33600491237743,46.77201009722543,16.349560675379962,42.84430605942413,59.19386673480409,181.71440741910808,181.7138831418608,0.5256814002882693,2.4106953923226966,0.9439072358368004,3.3546026281594967,0.8861374760999562,0.6271324064906983
211.05922768360765,290.5706782138683,79.51145053026065,45.78639025757908,22.802855074161418,40.88848071638103,63.69133579054245,74.39025896883652,74.3897730299928,0.315281610374621,1.547706855677561,0.9799951738512126,2.5277020295287738,0.8757044028934731,97.86558896547297
183.22203645811868,231.89871096265918,48.6766745045405,43.82266435584122,24.54559132993678,30.87284153531848,55.418432865255255,133.9414558344405,133.94098140343013,0.2526690354851544,2.2926085523398014,0.35030191728840027,2.6429104696282018,0.9011365281392276,9.985683843294487
243.5631172578761,316.23348957186965,72.67037231399357,61.75408639541002,26.37296622861316,32.34457802000498,58.71754424861814,86.72079433336687,86.72021140008684,0.38694048918858415,3.911283103659824,0.8760627513637481,4.787345855023572,0.9136230550392324,92.50205502846195
210.52702403741785,273.59384753458806,63.06682349717022,57.05179278409349,20.218137486599694,36.55362161677668,56.771759103376375,106.82105858578545,106.82054795165307,0.21346598132609415,2.5081948914645835,0.9065763798200711,3.4147712712846547,0.9205293036246112,61.16143074045358
233.54447211094984,285.8443414501291,52.29986933917925,48.93114732506491,16.830653460683834,54.5991041689578,71.42975762964164,140.95584688820406,140.95526910829545,0.16042053854238705,3.3394986210764377,1.2217666639433837,4.561265285019822,0.8811049269207358,23.77557618702216
205.07152400026195,245.7538930674185,40.68236906715654,56.454931843818954,24.50090822835351,58.93722971765508,83.4381379460086,169.65511401349602,169.65463152504535,0.1324286771989874,3.509426923868649,1.2864454510585979,4.795872374927247,0.8926577420248328,5.349257124807056
217.00409592340316,287.6879819621774,70.68388603877423,37.38774430332331,16.821118563586918,34.88517677259949,51.706295336186415,121.7010459291422,121.70052700110612,0.3472456301834085,2.3590877864920263,0.8018715654963982,3.1609593519884243,0.8895300388767606,30.75033621145696
192.7365174491293,268.020715759896,75.2841983107667,49.177485173984365,17.113490404259757,27.24399432080063,44.35748472506039,112.61519734765814,112.61460642591777,0.5441454845920669,1.4335106526833288,1.3037261367425361,2.737236789425865,0.8808611424358754,46.617972364408054
197.36983251535148,280.5479010807109,83.17806856535944,46.671942898705844,16.221290444101516,44.19507993731766,60.41637038141917,129.5952075374578,129.5947827202584,0.20797447068441716,3.215722627668865,0.9253868830440106,4.141109510712876,0.8771449105017208,49.4030075050655
201.54863037589814,261.97065866280104,60.4220282869029,43.982363023202105,21.109982285865968,39.12499883779402,60.234981123659985,78.80160457255407,78.80115201642093,0.37206696606928036,1.0983692269235954,0.7152205230437195,1.8135897499673148,0.8673379518025246,72.55504326372224
231.76119614092585,291.91161939578376,60.15042325485791,60.876504825705275,22.029444164388657,35.930233211505886,57.95967737589454,133.59272306658352,133.5921397277949,0.11705467552168415,3.878234177497733,0.5027466680645993,4.380980845562332,0.921547417310476,37.687999635012375
183.9355793283505,227.55973939949712,43.624160071146605,58.81376803305889,25.224044056016815,38.42966671906158,63.653710775078395,103.71988111751321,103.71939671663077,0.24771489791942913,1.4647439129951352,0.7338054291603183,2.1985493421554536,0.863675627592419,51.75660659137221
192.06852751202905,277.9985220853399,85.92999457331086,59.196341487109194,27.90015608769841,43.096290375776015,70.99644646347443,122.91714451200171,122.91669010492404,0.3585654303837357,1.9012000616559963,0.7913497978722153,2.692549859528212,0.8760083741578513,78.97651493706478
193.3472264593927,271.7875978857424,78.44037142634971,50.78344011396869,19.153884569762873,30.149473925090874,49.30335849485375,109.84083704442551,109.8402375764832,0.45459702790215123,2.0296415629680453,2.0606379375038553,4.090279500471901,0.8886618314059256,57.00059689317494
199.5094209043427,283.7855249858258,84.27610408148311,45.10055083954868,18.63000227837644,55.01373470585845,73.64373698423489,81.40702714242097,81.40660670055935,0.5349347058479214,2.632357385942647,1.8492892651400656,4.481646651082713,0.8588441683420107,100.13882856964767
210.004969034484,272.0090481030807,62.004079068596724,54.33112452269351,19.810077251246916,34.901961888504985,54.7120391397519,96.30260010407231,96.3020777954702,0.39096109180873917,3.721811211455905,2.0469552311038033,5.768766442559708,0.8629151280260791,59.18341149578414
234.08984715678332,285.69478161089046,51.60493445410714,37.36398025081173,14.27149146371823,35.27544726601758,49.54693872973581,113.10458812178909,113.10403050688187,0.2866274423424027,2.0436985606882865,1.0627266525955221,3.1064252132838086,0.8794019937870621,19.363350478065
204.35176842696475,266.57003860607864,62.21827017911389,59.99424131427749,29.759912866486285,51.74552243489293,81.50543530137922,115.95100038313426,115.95044303533466,0.13928835422331476,3.430767673271034,1.6031138199001453,5.0338814931711795,0.8987300663572834,74.23001119750464
208.24728995190688,266.2015171191551,57.954227167248206,33.78902792703255,15.884796024221824,36.48079162579528,52.365587650017105,138.6017698414803,138.60128147307645,0.22292131933978873,1.2954572914594829,0.9679965348125921,2.263453826272075,0.9429178890215024,2.848730443900814
216.61491041308938,274.5935946659389,57.97868425284952,58.287023098506666,18.499734604650317,27.269886823996035,45.76962142864635,159.23666458230994,159.2362557901031,0.530647254779184,4.050642277734426,1.528410759122541,5.579053036856967,0.8747207699989717,-2.895874462554739
178.13242265415087,218.4926612777271,40.36023862357624,53.78674442715576,18.09242838300984,31.504837628204168,49.597266011214,90.59054782493237,90.58997961951427,0.31122568730075484,2.346961985292505,0.6639040997155199,3.010866085008025,0.936333488273498,46.65953674613093
210.04761607377208,251.71895139910748,41.671335325335406,35.5467225799174,13.62078188372761,44.91216322672999,58.5329451104576,93.52685999570791,93.52629944821305,0.24215087162069723,2.435643821518257,1.2317673816866965,3.6674112032049537,0.844140668691942,32.34336916065027
231.4575713348646,288.3185187742875,56.86094743942289,37.55140599781807,19.785215189729985,45.659711551253245,65.44492674098323,113.52668515656912,113.52623768041865,0.2031970283109367,2.31007351522778,0.9739812439366069,3.2840547591643867,0.9031366080820129,38.693795819503286
197.7559375004674,279.0365367650143,81.28059926454691,47.0775265306004,23.59202218433701,41.667201085499734,65.25922326983675,75.58474568987803,75.58427758439329,0.1462687978283906,1.9369080575790587,0.6021189925103991,2.539027050089458,0.8334051541113919,96.13143072755405
241.5049481837183,317.67099423128025,76.16604604756193,43.485942055198585,18.26620139461418,24.382081475864084,42.64828287047826,142.539539283579,142.53903676511277,0.4444762970665491,1.7029855483566745,1.0083825076423505,2.711368055999025,0.9162689512389367,15.215003147409906
191.82185128748839,270.19620913704676,78.37435784955838,58.034598198048066,19.8043476132245,30.594530642344964,50.398878255569464,95.27257435932994,95.2721515305884,0.2827388454629184,3.3193069084586164,1.5446820927860552,4.863989001244672,0.902707665193729,77.98397179966734
205.89244419694447,251.72203276526986,45.82958856832539,39.5636587249576,20.648454729293295,35.90154902557426,56.55000375486756,67.64210711066286,67.64154299775744,0.4821033679499194,2.6936338526860313,1.6443133115001234,4.337947164186154,0.9187080722912748,63.833359638200484
233.11743398348383,312.0142252233956,78.89679123991178,45.136932998842624,23.18663285135617,40.01319990313015,63.19983275448632,111.02698849196064,111.02640407196641,0.2989130441699155,2.560297076229662,0.7314646123948745,3.291761688624536,0.8486635579928611,61.6269587483463
208.118746590906,263.40670423950013,55.28795764859413,40.38910319704534,15.563152011417198,36.76974107741127,52.33289308882847,104.21748454299735,104.21702290413107,0.47492238978317597,2.6668818245501344,0.7528704824342843,3.4197523069844187,0.8704311869947812,34.728686619450755
206.53745619547297,245.18775486948374,38.65029867401077,37.44523964850647,16.037844499497368,40.12728419185316,56.165128691350525,151.55871442469459,151.55812961880153,0.16769060708183972,2.6071315353955877,0.639245161392876,3.246376696788464,0.8524437589035654,-19.360301925911696
187.70978383472553,248.6210386103653,60.911254775639776,41.68884947780362,16.526574377320767,47.89602318768645,64.42259756500722,150.72179936238635,150.7212391884839,0.18092195258933755,1.629824690163397,0.6589819373182496,2.2888066274816468,0.9226560929599393,12.76193369733776
212.8196241736539,255.20332922044943,42.38370504679554,59.36731849888305,26.285095484251634,42.78797836017199,69.07307384442362,164.525929828591,164.5253842635022,0.24181651866167028,2.9119114760727682,0.6795341650914463,3.5914456411642144,0.8891639789076924,2.1921901914187205
195.9102903473586,272.1008454217332,76.1905550743746,55.85737088900923,22.963947002689014,40.19662856429702,63.16057556698604,72.58596948196158,72.58537565121878,0.19799391577577052,2.88556686030698,0.34804940557499486,3.233616265881975,0.871311971682641,103.85299455022536
207.79044120494447,287.27911627716253,79.48867507221806,58.65804909231663,22.450774693132722,41.65140372249373,64.10217841562645,91.51169988296975,91.51123495293741,0.4681446900257645,2.0654228794163707,1.2270148155004106,3.2924376949167815,0.8793820255095379,94.07372590346372
180.23132146182007,232.6729501996765,52.44162873785643,45.383845480743425,21.31632160264689,28.701799692894216,50.01812129554111,95.73787106171044,95.737287933151,0.48842708525817913,2.8122955983553934,0.8942559833173129,3.7065515816727066,0.930449594645821,44.57907656702887
183.27450071286466,250.0968564501348,66.82235573727013,39.91258116066802,19.889168643906917,45.678087320060364,65.56725596396728,116.64696000391284,116.64654032319332,0.2392708195388068,1.475203805342437,1.3724618703102855,2.8476656756527223,0.9330775972356251,49.05069125565005
235.8342181129741,292.47380467874444,56.639586565770344,34.87108764169672,14.051129466663676,29.85709019150642,43.9082196581701,102.2353334886835,102.23483788585344,0.3386583426561187,1.9754661826526958,0.6738022358586062,2.6492684185113022,0.8618626150331166,26.024914892234545
188.86715396246507,232.73782449150536,43.8706705290403,46.57077821631741,19.720325345861994,48.95385476343112,68.6741801092931,182.01924365760132,182.01873325534942,0.3751103437973775,2.347855274972629,0.6346853831053461,2.9825406580779754,0.8771498924129486,-23.034618776050497
197.75846688189438,267.0745181480613,69.31605126616694,33.87083685991977,11.076998798698279,37.09920871718513,48.176207515883405,153.25562825139042,153.255203689267,0.33890364072206786,2.213018898553014,0.5762829494051601,2.7893018479581744,0.8878747459882697,-4.4574096055371655
172.72010933038052,242.49824742433452,69.778138093954,34.11848104902153,14.642169447864163,43.76204655066676,58.40421599853092,118.1463120595699,118.14576458876869,0.13876816255106647,1.6245422374568652,0.9451818586332161,2.5697240960900816,0.8871461386932742,36.7691718956563
215.20279312252637,291.64100063912133,76.43820751659496,50.62978037874427,26.33108237413061,52.55217698629927,78.88325936042989,108.9123476768715,108.91185264107874,0.22872633473966855,2.658630872924442,1.3076048393696815,3.9662357122941234,0.9144280007377253,84.89954885247077
239.5800544560833,288.2519141656125,48.6718597095292,38.675757883763545,16.7209876325206,38.01766145238019,54.738649084900786,87.19353093166106,87.19303982357316,0.1606044609983587,1.246877504560498,0.8869798378303683,2.133857342390866,0.9033952949898207,47.517476869557214
238.33905395506972,303.0636386310723,64.72458467600259,51.35262599908892,25.842033195303596,26.520579664065632,52.36261285936923,75.5876135961769,75.58709730824373,0.48075733903759926,3.118312214530635,0.6268815225001492,3.7451937370307844,0.9062853708517246,80.32114978434485
220.32779376200642,260.9362021548528,40.6084083928464,50.05976589969539,24.193552561206644,47.292215727829806,71.48576828903646,157.26344078487585,157.26301384253978,0.2967097851030818,2.167743312687645,0.39094705901314203,2.558690371700787,0.8649094102489177,1.7605478256053337
193.55408221175563,235.8861017593183,42.33201954756268,54.695999906985115,25.71114480081304,35.21929824931756,60.930443050130606,114.04235425018162,114.04191424514956,0.357499076065188,2.8217770376071325,1.6929579065862312,4.514734944193364,0.8785043853952755,34.30060128395016
180.78391527985303,222.65323711031462,41.86932183046159,45.95942249111226,19.557339259871394,37.790731651546864,57.34807091141826,86.74619834960761,86.74576221272224,0.4468469296798127,2.875693179082009,0.8051101852993202,3.680803364381329,0.9397676434321176,51.03258081035441
206.24273717564864,249.7076129518607,43.46487577621207,54.87687367752809,19.307489135272203,31.321794577160436,50.62928371243264,84.51405568423554,84.51346529771605,0.20563916489405104,2.533892955232787,1.040760884863699,3.5746538400964862,0.8693592156478444,52.75034808295163
233.22433114144945,292.38514416523054,59.16081302378109,43.27309121909615,23.855243169869603,40.40908499964958,64.26432816951919,73.84182106601095,73.84126642803439,0.1546931069168562,1.6359416683054302,0.5098352395834613,2.1457769078888917,0.9029783348183061,81.77055393757061
252.99253325222068,312.37862718386884,59.38609393164816,36.97369624208775,17.36409087063569,41.41747676300312,58.781567633638815,137.51924035003353,137.51873451063847,0.21853345506162825,1.3294376383109758,0.9876266436433003,2.317064281954276,0.9004456929676019,13.58504718494232
182.2824305991122,255.6010224147566,73.31859181564442,42.52387428804606,21.551322736219,52.51376833427423,74.06509107049322,94.68850923449851,94.68797734347224,0.43358195310241987,2.168892301207533,1.0691201214120927,3.238012422619626,0.8665010876431031,79.3264289682833
188.25364446017122,239.2586371686041,51.004992708432894,34.24899543199372,15.716422693296826,43.986683231321045,59.70310592461787,134.52998035972024,134.529450364099,0.3296491276969886,1.2743087113197062,1.0024504694093745,2.276759180729081,0.8726895318127051,6.825510252894724
204.9123720966624,247.00588755036082,42.093515453698416,47.23176067460011,20.29531425078869,39.02588145548594,59.32119570627462,62.20086071807854,62.20040824907652,0.1524501951448575,1.8845955127318164,1.6333747360110702,3.5179702487428868,0.8915197438276875,73.79612016877925
205.27530817643455,287.8212836690909,82.54597549265637,54.1156700824128,18.98776307636554,52.634327523723776,71.62209060008931,175.33688521755974,175.33646789599237,0.1309804453085847,1.9372665142203493,0.9033502161771411,2.8406167303974903,0.8923139341866259,26.74770901221278
212.0850512884788,291.94333336804726,79.85828207956845,57.48259499233048,22.414966498964212,53.09765451754279,75.51262101650701,90.04846691490715,90.04795592715479,0.40173951885998477,2.5536937311280323,0.8162849632015504,3.369978694329583,0.9226028035072094,109.82093968666523
190.1332278567475,230.89876045923725,40.76553260248974,38.93927428382622,18.822392330346272,24.39404376602263,43.2164360963689,65.99776932491952,65.99731671642165,0.3584204788440814,1.8596458170502572,1.3350170409745497,3.194662858024807,0.9294254709763157,49.6042208260553
189.95284459712636,245.0711259285585,55.118281331432144,37.40087425634645,19.497297071789802,43.76561886479898,63.26291593658878,120.81991769107785,120.81934299674809,0.14952241714229228,1.793206848694236,0.939600694078383,2.732807542772619,0.886279465613549,28.4321984992547
208.29463962510025,254.9009273358859,46.606287710785665,39.62073336670855,20.010999699117843,26.698348610197748,46.70934830931559,166.30480590618166,166.3043586955728,0.4501543477736772,2.0322747101561522,1.314820387529201,3.3470950976853535,0.9426227883160021,-35.032800982934695
197.79846786426216,282.7457964960277,84.94732863176554,64.0273608988776,26.410618934094362,32.62659869176479,59.03721762585916,106.06145312027225,106.0609385479772,0.22159016423438493,3.2389087679212296,1.4257495555159991,4.664658323437228,0.8581196616202164,83.29314478536783
226.4435202840193,283.5687639325956,57.12524364857626,41.295121473744324,18.29659373604029,53.082556092770965,71.37914982881125,175.33463068196824,175.33414666338786,0.1520238533073718,1.7665434163063618,0.45688922560719936,2.2234326419135613,0.8575331725249656,-6.783163035510026
181.08104226004664,222.46807507274613,41.38703281269949,45.78843089011591,15.5479076269994,52.617220822532595,68.16512844953199,101.63949100475678,101.63894242419138,0.2104976231478143,3.0828921386537345,1.8264345242483866,4.909326662902121,0.8731733276353786,42.42035418388484
205.83570801866472,279.62584129150645,73.79013327284173,34.88399687408074,13.947299835366783,47.171221318258866,61.11852115362565,83.908369092792,83.90777894354855,0.3844384791790609,1.7257617935292684,0.5091844039575107,2.2349461974867793,0.9086594473381887,75.65997201795682
249.06692468454798,326.56337670195865,77.49645201741066,56.04762096630539,29.434187799775536,40.882545608395766,70.3167334081713,99.0784584075278,99.07797609331388,0.3929941618464812,3.6034572880139306,1.3079395887534195,4.91139687676735,0.848208925562123,84.37850008128726
210.01646469939263,259.9912017139042,49.97473701451159,46.11903455806901,22.296111375624378,26.434736742252856,48.73084811787723,108.35725072938682,108.35684185848132,0.30701046699524254,2.3557197007552504,0.8009792539340204,3.1566989546892708,0.8711129471430138,28.750271300599113
202.35280620465963,259.4544880327905,57.101681828130864,36.19437373342954,16.10993164675936,28.649990611466762,44.759922258226126,143.10136335752557,143.10083107124734,0.20587803172878644,1.499506778746804,0.751393069144039,2.250899847890843,0.8787786953139318,-6.592273618097241
238.17820533157843,297.59245994736756,59.41425461578913,47.059339016506314,23.228405187455774,32.495902055393316,55.72430724284909,120.97271700790307,120.97229117092841,0.31954525179013643,2.8019688731157943,0.9561721412137147,3.7581410143295093,0.8761944977468668,32.548806119182004
198.21544277330182,251.22869406565354,53.013251292351725,55.869274107933215,18.550677408685182,34.651014953192146,53.20169236187733,140.90712172522288,140.90670082492204,0.24169548323184148,1.7591379576247645,0.8999981791601712,2.6591361367849355,0.897887055097672,16.41039915642863
222.83147879663466,275.00905766040574,52.17757886377109,46.58569782515075,24.338651205288418,39.1484309207868,63.48708212607522,158.68791910131813,158.68738678969086,0.27405915623152116,3.3247887810936647,1.5659409112564462,4.890729692350111,0.9500412656926257,-1.521792082192324
189.59243471366594,270.4258781886084,80.83344347494247,61.42324807512013,30.36506209684022,47.84372264903832,78.20878474587855,126.28824427163069,126.28782370916359,0.276575698420257,3.169818441554302,0.61568996232324,3.7855084038775417,0.8821597026227542,79.49632309594911
244.7745433518245,325.29978474786816,80.52524139604367,59.65118702056763,18.47168871650249,29.99107605155216,48.462764768054654,52.9612724781789,52.96084672275255,0.25865351640900514,1.7039461109112621,1.2039100614884728,2.907856172399735,0.9113317996005725,120.76225067481082
189.1025811422342,262.3201285255884,73.21754738335423,47.78611996128105,23.645776955709977,30.351784481751316,53.99756143746129,114.74246910206102,114.74198128591496,0.14752396118025532,2.138223569433422,0.40125964351205456,2.539483212945477,0.8503901524433335,48.95886622397733
208.69281310753996,283.77801596872393,75.08520286118397,61.77879065890094,20.920613702839145,29.567320941934785,50.48793464477393,121.9673474543482,121.96685698913096,0.24662198208242883,3.5366233985331985,1.7011917238986967,5.237815122431895,0.8943734280728118,53.57353543800633
248.70450547076345,315.94033914106325,67.2358336702998,57.895459465348694,26.814747572640112,46.241632618066234,73.05638019070635,129.75314318305885,129.75256044019767,0.16065052248235276,1.554315757447295,1.3847290745505079,2.939044831997803,0.8886318423585075,58.05913245243648
222.1727264766982,280.07894009010136,57.90621361340317,44.777718027499155,18.047823145900168,33.77330285212819,51.82112599802836,136.919271155444,136.9188159286014,0.3367788031630432,1.6107597666980877,1.2866701574837738,2.8974299241818615,0.8710799785112936,12.501768582411417
181.23801236259897,250.8088246416297,69.57081227903075,56.59218422434071,19.62111705858882,29.19421974425032,48.81533680283914,162.60810953692805,162.60762934990652,0.24356412480331474,3.8172854060014165,1.620621607536424,5.43790701353784,0.9078836071894522,6.073044820102247
163.17707677824808,203.60033831404277,40.423261535794694,49.174931062580384,21.24235677333298,38.325924143980366,59.568280917313345,106.79003704241515,106.78949553820988,0.43594534129651286,1.9762819567427294,1.4883295152458769,3.464611471988606,0.8793845272404913,33.835569435380286
189.60662172621593,237.7842003095612,48.17757858334525,50.718190423548805,19.5354122015269,31.102643615896756,50.638055817423655,127.35882790418952,127.35826250020229,0.130121102726754,1.5521674274644164,1.989858863537502,3.5420262910019185,0.9541672336905967,17.65535223795642
198.00699145250994,243.18378005472147,45.17678860221153,47.27417306675556,16.431838539008126,37.04744403439883,53.479282573406955,101.80024984553836,101.7997800214648,0.2551854273788287,1.3935551668002937,1.351067347166914,2.7446225139672076,0.8802209987181082,36.20406734832836
225.2447757884873,305.53412359252786,80.28934780404057,56.906543609470916,29.43748966569766,51.21400823167518,80.65149789737285,152.94273571279686,152.94220949731286,0.15572843556773766,3.0496135431386637,1.0001810417083656,4.04979458484703,0.8985053199540158,54.53896454803424
202.84488580410718,269.1233140191816,66.2784282150744,61.46823918496679,21.802132092567668,36.99264184931693,58.7947739418846,96.14552423160812,96.14499939443066,0.1271418757004149,3.0537766782506597,1.462022928180101,4.515799606430761,0.9102923652155586,78.06075676412966
239.25455068228254,300.98182616320923,61.72727548092669,41.40972757286689,20.120835937006333,31.56521675611145,51.68605269311779,137.33918494103867,137.3387242995142,0.38933997347121563,2.349799857642697,0.349412722313589,2.699212579956286,0.8515203979810432,12.258299373040163
232.44940797988698,296.43243432266377,63.98302634277678,52.33583036634532,23.54144871598285,31.246040708753053,54.7874894247359,101.31191794123072,101.31149421699173,0.14227131946465657,3.64318114467627,0.6639185800445022,4.307099724720772,0.9433482820300712,61.643547119672355
244.77943844438474,327.72930812690413,82.94986968251939,52.3146174401729,18.21688491300006,25.335288999823995,43.55217391282406,187.00145350647972,187.00091700306294,0.18003238883133513,1.3889658173914705,0.9283134994746093,2.3172793168660797,0.91754377640153,-9.800805940796808
209.1689514802217,253.21277216930932,44.043820689087624,58.21184203156056,31.52740976912505,57.32700867369983,88.85441844282488,125.13689466471922,125.13644105110565,0.2514272145231062,1.9831271905200714,1.1526912243536453,3.1358184148737167,0.9146094134256416,57.24210554649555
191.97533058819894,245.58747196505772,53.61214137685877,46.202457075831674,20.561091044821378,44.55178043910458,65.11287148392596,161.08977346720482,161.08930981073226,0.2475835274133819,1.6335636580416344,0.9630612527131188,2.596624910754753,0.8892974679086115,0.8839187191093378
221.73724594584922,301.3010954211924,79.56384947534315,39.69005619206973,14.411546547674055,37.81359354796791,52.22514009564197,143.32719549728614,143.3266810262514,0.43744726535699024,1.7301561886630656,0.8799960123185776,2.610152200981643,0.8890288969746803,22.318861777209587
196.09271575071548,265.72522572654765,69.63250997583216,38.27838487533005,17.31664132823511,40.10640015586359,57.423041484098704,70.10444676106377,70.10401459927591,0.5099856192971006,1.1702124960682914,1.2838156046362112,2.4540281007045026,0.8827199377935121,81.44495658433078
185.8118729253297,244.33036525654782,58.51849233121811,34.11131535769717,16.053270139366923,33.3656761541041,49.41894629347102,117.81790527576818,117.81745697610843,0.2766189993604264,1.5211087838081938,1.2640314206662222,2.7851402044744162,0.939903509941528,19.897322884356065
215.93781330973974,262.2303397023373,46.29252639259755,37.092978002659265,11.57464374671975,39.00043492789553,50.575078674615284,109.8310704453111,109.8305812295477,0.17490380943894085,2.291521031350557,0.48856556297701603,2.780086594327573,0.8957180911908127,18.96684082489724
225.28733522787542,313.11915580694557,87.83182057907015,43.049475165918835,16.92914920261447,33.98003401556671,50.909183218181184,69.65521907455492,69.6546433778991,0.2779349960365216,1.3417219411576091,0.7675897963703492,2.109311737527958,0.9345075553817999,102.56088547441058
186.8348454360021,242.19157819150277,55.35673275550067,36.624069795035076,15.95419614423273,49.14603518229501,65.10023132652773,84.74472419287943,84.7441697416545,0.2693948083457466,2.469932835539024,0.37505882697463966,2.8449916625136638,0.9010386512171562,62.372127908775454
207.59006850249574,290.826240444304,83.23617194180827,58.576235009334845,27.25176212765619,45.86178558441659,73.11354771207277,115.84048729502116,115.84002377565044,0.2593916894841688,3.9790685180120877,0.8484683103168695,4.827536828328958,0.8682859041260277,81.61800875956501
195.92876140466043,275.0953827297246,79.16662132506414,42.906701533530075,17.150057491896373,32.64177171953029,49.79182921142666,150.37137102827634,150.370910614499,0.11025257694752254,2.1341877967777294,1.4680110644608022,3.6021988612385316,0.8853714206896891,15.743488690054358
221.2085790162221,305.9987604112161,84.790181394994,45.06043176161745,18.876884511902468,47.600528533996524,66.477413045899,106.54954708730448,106.54894961832206,0.1386801766116246,2.8778951565049375,0.41114881272550363,3.289043969230441,0.9030143153253627,77.97650739953238
204.39845940231456,244.0963932025286,39.69793380021403,54.66038543122866,21.138953840400767,25.636894323688097,46.77584816408886,116.87652539216852,116.87599471531384,0.15927613923551873,3.22320872768568,0.6683604848844642,3.891569212570144,0.9161045439734833,18.51202438711784
226.53052869640806,287.0399584652374,60.509429768829364,43.33032883840973,15.722503754969106,34.220230567332955,49.94273432230206,75.9812211136761,75.98068400686961,0.24821992192215184,1.7322160721511253,0.8208714690133798,2.553087541164505,0.9024551345043188,67.68458763260104
200.1645644570473,248.72289844685687,48.55833398980957,55.27565274208605,26.567726503055567,27.657666207004215,54.22539271005978,80.70939762547809,80.70898660061302,0.34348618246247387,2.761886592720989,0.7884506911835188,3.5503372839045078,0.8894828194029957,65.33835643132487
193.4290273321668,242.77883059650003,49.34980326433322,55.94395448346373,22.574285307755822,31.40170707726325,53.97599238501907,190.8898870158724,190.88946602136565,0.43196255575688597,1.6965539860496848,1.3110980632014075,3.0076520492510923,0.9220666915459166,-32.32704087600955
214.41530181370078,263.73968306899576,49.32438125529498,44.32491412233756,16.070405267530077,30.922377201066805,46.992782468596886,88.07569042769968,88.07523153697268,0.19873662387156193,2.0953322297180317,1.925719608670335,4.021051838388367,0.8905363821203091,43.05481398122585
244.95401139652694,305.2165573268742,60.262545930347244,48.64735935807669,17.643770557627025,53.88086381267517,71.5246343703022,76.84246271422309,76.84189431199862,0.4157081525899878,3.0176382982509438,1.4711984852236997,4.488836783474643,0.8497546462866026,83.86067185715956
227.03703683707775,285.3642535326905,58.32721669561275,43.865080752157084,18.559816649094603,34.73483647551763,53.29465312461224,132.9645295608256,132.9639474269597,0.22798129235963782,2.2259580447607696,0.8156517513374935,3.041609796098263,0.896745701612862,17.265414503464136
197.7603526052717,264.1749786095992,66.41462600432749,46.118363108265044,20.73081274966746,34.72485387306885,55.45566662273632,97.87229735474487,97.87185914887569,0.10328065753253726,1.9337902864197811,1.5643599580438519,3.498150244463633,0.8588891480181177,57.12932576283681
209.41540604469873,265.19621456446964,55.780808519770915,49.35410514447734,20.14870780170041,26.20192122413525,46.35062902583566,99.76173412509753,99.76119128574409,0.32976696237083053,2.8077229473358956,1.6040813485802592,4.411804295916155,0.9006832695465504,42.3166040343336
204.4848526008505,252.8339888583342,48.34913625748371,44.13747494287201,19.15036827908904,26.322466457132343,45.47283473622139,144.79209920884168,144.79152438131544,0.2132403034298934,3.0858829537632504,0.5023862618467373,3.5882692156099876,0.9208569884177574,-9.792013788400116
211.02665309506324,262.894261241782,51.86760814671874,47.481530407818695,21.369938620488416,31.295612079784135,52.66555070027255,125.99460327232009,125.9940274921392,0.4584138586414504,1.276712104258729,1.5521569783983546,2.828869082657084,0.8469354933469693,19.25370540752245
239.05004413866564,311.7345225220702,72.68447838340458,48.19540183338077,16.261767217867156,29.550885173699342,45.8126523915665,177.73184786258963,177.73135610113664,0.4521305668074425,1.905447952184972,1.0561177588442736,2.9615657110292455,0.8828042818476685,-12.75874633699272
196.54210590086845,232.76282672350317,36.22072082263472,33.628677658474345,13.718582785364896,34.49472412146068,48.21330690682557,166.78025076908585,166.7797990133881,0.16506785160004075,1.072005015779013,1.1721906138823486,2.2441956296613617,0.9038242519402099,-46.20924146640459
206.61208436491424,277.95355502925435,71.34147066434011,39.16813099741921,14.335251057304564,32.08161827811925,46.41686933542381,130.7262102473238,130.72561899053386,0.18852847462487943,2.6649151676871328,0.28330340281813904,2.9482185705052717,0.9062066575646104,20.900845466897575
210.5263810286412,269.78757773829676,59.261196709655565,49.25502839040491,25.353853608644823,29.80492158981003,55.15877519845485,129.52001695153874,129.51956163491104,0.19977105210225296,2.4661572240248377,1.3919574576421543,3.858114681666992,0.9254060683793291,27.85245812463741
187.6159002961736,256.55581460921354,68.93991431303994,33.06551193189629,12.209014091638743,40.206106130871134,52.41512022250988,85.76524990442199,85.76479936540977,0.4192273632317544,1.0098072727903595,0.9602363083189934,1.970043581109353,0.8642957464689459,57.273833476581785
199.59456902000048,278.65359231510064,79.05902329510016,53.17291427309299,22.046198779783385,51.658683301350706,73.70488208113409,79.82741977822211,79.826978641646,0.12835247439707614,2.8759284112334496,1.497301016214032,4.373229427447482,0.9186097296254089,111.7105300174293
180.4592855186623,245.16934206634335,64.71005654768103,59.0646936740265,25.35488374239892,23.155620115844286,48.510503858243204,154.0704228905218,154.06991638342967,0.3915611820944648,2.868855943112878,0.6653044960388939,3.534160439151772,0.9128842931960155,13.04476607091968
200.95800539277943,268.7881450480746,67.8301396552952,55.34451070914907,23.172639957996108,48.24110503292053,71.41374499091664,97.24775198065942,97.24733054378915,0.24266989634202518,1.485777089306981,0.5173124659057368,2.0030895552127177,0.8933189688350605,84.95044012526557
203.20504498989618,288.7606378481106,85.55559285821442,41.878794825440764,20.888365308229268,45.7565369006855,66.64490220891477,119.81047987772791,119.80996574019395,0.33819008442819765,2.7833529558172616,1.019431205688021,3.802784161505283,0.944530361597899,66.23835569539617
220.96875938733666,260.63715444174295,39.66839505440629,46.62179390835901,18.014075569053,41.0774206224022,59.0914961914552,156.4019893996464,156.40140066178827,0.18342886910329897,2.6962384475213095,1.3466108684141336,4.0428493159354435,0.8894896275013714,-13.561153250524834
200.63603714526965,252.27421758247715,51.638180437207495,51.4240919190363,19.38179689523149,47.29023738962443,66.67203428485593,192.83894586879615,192.83844487495273,0.49850072964416225,1.2686563907303354,1.8986703132881306,3.167326704018466,0.8910468387121547,-23.853293280472723
177.24848556271303,257.3116703522151,80.06318478950209,52.54197091570235,24.859958422334525,44.21098672430885,69.07094514664338,50.19558324323812,50.194990173721386,0.44027746947906377,3.725976489015841,1.0014926668896593,4.7274691559055,0.8854821104762838,129.5578663923067
222.62208904940735,304.000211243506,81.37812219409864,60.50996603021052,29.45081338610673,52.200976551949445,81.65178993805617,127.8747895652237,127.87420842453453,0.10175581793031636,1.9570346011595965,0.7088817164012683,2.665916317560865,0.8853688439446441,82.24899274195576
173.79549532909923,237.3876267507532,63.59213142165399,47.4011785898032,24.280730865064545,27.72903058124357,52.00976144630812,77.4289047355213,77.42834627518796,0.20786143513152627,1.1456866360672897,1.2913539904336955,2.437040626500985,0.8948783645812742,74.21210448948547
170.44045273784775,218.02716611052125,47.5867133726735,40.47182273042933,18.87867297556086,40.116518013994764,58.995190989555624,148.1630729830482,148.16255137159837,0.3179857564767466,1.8075756610660447,1.1941527429280523,3.001728403994097,0.835394251739592,-3.6995755558915753
232.0695511445771,285.2630171596909,53.193466015113785,43.74009697831556,19.31013012174773,41.694227266124116,61.00435738787185,171.34910732694428,171.3485311913707,0.3545336153490193,1.350172598961278,1.0353058893032443,2.385478488264522,0.8965629849802681,-14.480050688782407
181.19754533712378,263.618718107918,82.42117277079424,61.2472153751384,22.197498637456203,52.77005754157579,74.96755617903199,173.22987003296993,173.2293590362115,0.5067624905481231,3.0942472747911327,1.6210702377231971,4.71531751251433,0.8991452901629512,36.13170866515701
188.14529959982585,257.52572467015943,69.38042507033359,51.86310077432668,26.75127717570873,41.28882594830796,68.0401031240167,186.27322911904855,186.27278767878582,0.2849782471277637,2.017046387751663,0.9820031318234268,2.99904951957509,0.886599695413669,-0.24220704713239272
215.3105884690766,267.22166321926596,51.91107475018936,59.403349242658976,28.7251983996304,54.99668694541498,83.72188534504538,125.3085600803463,125.30797504445133,0.5210975516062225,1.9253175122194495,0.7439635709573124,2.6692810831767617,0.8706277031905808,57.929787510095366
194.23381415897504,237.47475041121086,43.24093625223583,52.97987900130344,20.037637804948137,48.355923433373306,68.39356123832144,138.8997428079341,138.8992423699581,0.16268032453922054,3.8822756067612243,0.5748360551307264,4.45711166189195,0.8952079584886512,18.884718166714997
200.6127629392876,277.851488103387,77.2387251640994,61.39954209601207,26.21285071751396,44.25214469287426,70.46499541038821,98.33384038171334,98.33325883209847,0.4711970644889349,2.457885032762761,1.0663797275369304,3.5242647602996913,0.9120658930626712,97.38541801800329
213.4045121635448,277.70189026275466,64.29737809920985,46.82773534236319,20.77522283562784,49.05407916108956,69.8293019967174,131.32728952018246,131.32681089100922,0.498486388893765,2.1054617524215895,1.1944270348777573,3.2998887872993468,0.9215048596337375,42.231857578726895
212.67043207186367,298.3077151189665,85.63728304710281,61.04600955949419,22.529972324952233,51.625022326291,74.15499465124324,81.81208098005492,81.81161383519179,0.3888805519307149,2.327018261086252,0.7516751740982645,3.0786934351845163,0.9087994425300963,123.19603399689449
213.85000912732244,273.4407924294621,59.59078330213964,59.75227715430719,27.57698447454938,37.284834406561316,64.8618188811107,107.18165453856021,107.18110134029548,0.5235396152194836,3.7973723321884982,1.9083578356939572,5.7057301678824555,0.8399924054124243,59.466849244802
237.11183527031534,293.6380232935298,56.526188023214445,59.157626799668954,27.554697512113552,45.198664009751106,72.75336152186466,140.79413184758752,140.79360495849605,0.2702687308762945,1.9372912446132626,0.8827815750565619,2.8200728196698246,0.8627358692118654,38.437669468503735
173.1671275795168,222.709614746456,49.542487166939196,61.069416879035394,23.254739625332363,25.118369887595225,48.373109512927584,96.5191600338828,96.5186720888958,0.397270159059863,1.8294525654034146,2.0227191076143614,3.852171673017776,0.8439537903478382,49.13237311172965
209.63449346802523,272.81609180504023,63.181598337015004,48.41268241497778,25.272601239503008,52.71296952054355,77.98557076004656,178.4594415686523,178.45886585083747,0.12382687433131384,3.22674368909998,1.0492623630214941,4.276006052121474,0.8637896101812946,5.805661900717853
203.91079662219178,261.48834672549606,57.577550103304276,54.317331102902656,28.290158786977447,50.94076460753002,79.23092339450747,94.94197811084935,94.94147479552664,0.20960588601304656,1.8040429729883511,0.8243317756209186,2.6283747486092697,0.9336274787723933,87.15071662872248
168.5597173301227,207.6957365296096,39.136019199486896,51.08984161653387,19.730459402662593,47.18539747944611,66.9158568821087,95.4307255185936,95.43032296036807,0.3707416047230409,3.228456982239426,1.2909866516225899,4.519443633862016,0.882883843981121,50.166527862289385
235.95871782354988,289.02560002478316,53.066882201233284,55.0457990863878,23.403508401203414,26.713679013001826,50.11718741420524,116.13588525292643,116.13534661215508,0.48740863439989285,2.89681064059416,2.2692066117789893,5.166017252373149,0.9405204756206657,34.27359713288825
222.0786964599093,270.805937749168,48.72724128925867,54.13820353989855,28.928710477274723,32.7579669698895,61.68667744716423,104.67812299487984,104.67771036354556,0.4971207174676032,3.5324145534542466,1.6835972358034472,5.216011789257694,0.8900142389355218,48.20430987035025
197.75479117266138,279.84283314915996,82.08804197649857,54.2793883996593,23.997067802459537,32.007728061373626,56.004795863833166,83.71848169982228,83.71798547936409,0.339833965904719,1.517627290711311,1.0751855313701637,2.592812822081475,0.9220345149455793,97.47895861783732
200.2679743150765,249.5798209640251,49.3118466489486,47.38873157586687,23.509769042689307,31.210127891539113,54.719896934228416,124.98557129241058,124.985132876505,0.46940576358519487,3.219715416757655,0.9367312520237874,4.1564466687814425,0.8836322842069936,19.271569333696945
64.9869684735979,80.71392741120353,15.72695893760563,38.94111791859508,14.808324836428147,30.85452553012073,45.662850366548874,160.09147918082837,160.0909187153595,0.21746718428577227,1.2865400389066544,0.5954096836518371,1.8819497225584914,0.8410047586156231,-52.0240568290882
76.60253823533768,90.66742247717121,14.06488424183354,51.150852816183765,21.251628913236807,44.14960394765527,65.40123286089208,175.1287559378087,175.12832178099714,0.35632398119073905,2.2435076836357655,1.3189246938263917,3.562432377462157,0.9253025118991736,-44.812500788200154
55.738336132922036,81.49833224318546,25.759996110263423,55.741856750947576,24.23583478483142,34.03520641505482,58.27104119988624,148.33010011711448,148.32960780713788,0.5167644221280113,1.5276674963950707,1.5055367348345186,3.0332042312295893,0.9421117276861939,-11.405847471845101
50.52778714375873,66.56556243998932,16.037775296230592,51.04649062582594,20.349393379069063,44.29931653248502,64.64870991155408,114.1553037717337,114.15488578680866,0.22801363522725382,2.3625059606512133,1.302607209519375,3.6651131701705886,0.8778301313860957,12.013073080215667
66.55402594526014,79.64598336369114,13.091957418431008,36.55115464319137,12.754255322084235,41.72954197583574,54.48379729791997,117.65151045217982,117.65102809203184,0.2107783098680208,2.258279142817294,0.6458668899209832,2.904146032738277,0.8903776472994372,-14.815032026517788
57.43323673673008,86.67255929769739,29.23932256096731,34.85728120824035,12.541171615157225,54.407692842887734,66.94886445804497,73.57774771643379,73.57718243647906,0.44642926785671905,1.3982765981685163,1.0198300439947539,2.41810664216327,0.8557427976179682,46.72676568338786
70.34178200658585,101.1635774364362,30.821795429850354,56.816366928191734,30.2557391084354,35.346772718863264,65.60251182729866,68.35688844705392,68.35630989752829,0.2921898935832337,3.3527066554011085,0.7344648587515581,4.087171514152667,0.8788918779356188,70.75519316448288
59.1011274643748,79.05883262152595,19.957705157151153,59.07344959717787,25.169674901326268,35.584614771834275,60.75428967316054,92.30499753603343,92.30449373481403,0.49809202105816197,2.6542305574395573,0.7610588126907993,3.4152893701303566,0.8904404299942551,38.79432514262059
70.90123879184499,96.0966586768468,25.19541988500181,38.47177916079642,16.544220169939393,30.078216461651845,46.62243663159124,89.51579456716793,89.5153372867119,0.25382921265323855,1.3141837572269064,0.5812106176897414,1.8953943749166478,0.8865166564630345,16.511439040824936
37.13490128182041,63.48247132120584,26.34757003938543,45.72226305916406,16.06417767890742,41.627721107814246,57.691898786721666,118.87545839970147,118.87491170586203,0.11383703026539665,1.7079096752261396,1.4139866790338949,3.121896354260034,0.8597035352445076,6.577666366024082
65.28579588410821,81.83900391354682,16.553208029438608,52.5066948610491,27.928370797879413,53.48251480109243,81.41088559897184,123.54823099633568,123.54770321065894,0.4578520354162686,2.01904101332309,1.3495595446560529,3.3686005579791427,0.8735182835713785,20.17533093963375
48.21636263207664,70.60559228619258,22.389229654115937,57.96844266285628,31.068444431274056,29.800678957855396,60.869123389129456,116.87216011923401,116.87166602392513,0.19299488502085554,3.4409837299917063,0.8805367827259899,4.321520512717696,0.8579530564729363,17.022315667634157
63.077616023411025,91.73867184562478,28.661055822213754,58.90408332715154,28.130881182312752,53.80082332062657,81.93170450293933,138.00308085223142,138.00258577952414,0.37677756357782183,2.0134941273095173,0.6135911321243671,2.6270852594338843,0.8799241895087669,25.069387772952375
74.70723698819874,110.20675477862461,35.49951779042587,53.56799100994716,20.991103316850747,23.365515126083192,44.356618442933936,96.24505138696664,96.24455274412709,0.13977069091282485,3.809925326203389,0.400799833462646,4.210725159666035,0.8974659198016296,29.462979265606727
61.550398380945204,84.32799374612185,22.777595365176644,38.883686030203044,14.630654283991127,48.04680803581907,62.677462319810196,127.07811436226511,127.07764651381096,0.3758528497881903,2.1451479568619054,1.105832871621475,3.2509808284833803,0.8824777209729324,-5.617620618442493
61.904066498976704,90.19929926426282,28.295232765286116,56.910172435036536,25.001812612266644,49.03643643123139,74.03824904349803,99.77097916039006,99.77047536623235,0.19017026501773826,2.411211116191345,1.0698033232469892,3.4810144394383347,0.9015002463692952,50.305511494976706
47.02799524906919,74.11570905885164,27.087713809782443,59.26490734684604,29.23157659151342,49.67623770976806,78.90781430128148,95.24340364860463,95.24299217382314,0.49899330994110364,4.198358329225171,1.497521848198617,5.695880177423788,0.88472173794326,56.46521487056086
43.30083472316996,73.03192965351323,29.731094930343268,43.0779775874405,23.421806110846386,40.12430266303571,63.546108773882096,80.90328186418348,80.90276782741853,0.559860338493405,1.4981079538780553,1.3762828506385185,2.874390804516574,0.8907884578137673,46.33717859244125
63.19756820575767,97.66806672784853,34.47049852209086,48.66151173327535,16.539318943034225,46.243859904611405,62.78317884764563,118.86691896683537,118.86641972591397,0.13003417340561396,2.894357286701778,1.6821572166012164,4.576514503302994,0.8806243746322457,19.675104132175882
50.791806379281496,75.20026447322888,24.408458093947388,39.410281706011226,15.59452215247319,23.96144633416523,39.55596848663842,132.7032268988704,132.70274278633838,0.26318541999761763,1.4130777256070755,0.6451829645672265,2.058260690174302,0.8853475755754697,-28.02079092620954
43.85665448015625,58.625751957924855,14.769097477768604,43.625629479519425,16.364585230373574,33.77653884689992,50.14112407727349,132.62702162065185,132.6265568219167,0.4448836244635205,2.11460313648537,1.3854801552530198,3.50008329173839,0.8923978251323217,-25.018973346775944
66.68483382230406,101.97563730981234,35.290803487508285,59.22109706862886,24.62341486311774,48.47673355943527,73.100148422553,82.92271096702508,82.92218661095693,0.5902713148713221,1.5622038799152649,1.2580211443086655,2.82022502422393,0.8870070702124953,72.09537232979119
63.63628156124456,91.07975936963322,27.443477808388664,35.24338578404157,16.73039285772852,27.646750526263958,44.377143383992475,70.6324516580741,70.63195466301445,0.28867575630992554,2.3218154499534913,0.9039044823302872,3.2257199322837784,0.8516302372972119,28.03367172265896
41.106558149585815,68.68495899182649,27.578400842240676,57.34334731085093,25.681337828069374,47.93750036718126,73.61883819525063,200.4331510342909,200.43273086636611,0.5436763391996841,2.3103669767196533,1.13183859583774,3.442205572557393,0.9636825695074358,-44.211854393781366
42.40495832143955,69.5742934765623,27.169335155122752,36.36690627473043,18.764328819817695,33.02107239276348,51.78540121258118,128.120574639155,128.12009974861735,0.514082555663302,1.8834187346694828,1.2330229733717104,3.1164417080411932,0.8559411137382613,-14.062240611326631
50.608208873508424,67.10214169750043,16.493932823992004,40.74959776524133,15.536076695681528,31.52061342394592,47.05669011962745,107.02298297392883,107.02256767285049,0.4391338841219613,2.8683674737524094,0.8576104361352148,3.7259779098876242,0.8701965605112014,-5.993442921873724
64.75533780745238,90.80926739945292,26.053929592000543,49.1135653758657,19.945490548629113,43.540460246159746,63.48595079478886,124.98110376655045,124.98062793266784,0.28885374049460344,1.2807459400219885,1.1959080044933788,2.476653944515367,0.881550773234079,9.61534769220865
68.64185098593347,93.70444533861972,25.062594352686247,33.67761385513206,14.689179658244436,27.715053678871065,42.4042333371155,92.26455258684264,92.26404602046286,0.35251321327724344,2.355637653292394,1.0146770992335692,3.3703147525259634,0.9180799761690276,4.735059501351836
55.30846905783429,78.0042790386202,22.69580998078591,54.29097421997224,26.51770314231747,47.02207249695513,73.5397756392726,108.87375021799863,108.873272012206,0.3702783981395256,2.6096160630880068,2.0929384824385004,4.702554545526507,0.9323198283138915,34.10468341724292
41.905790256405275,58.617129525506634,16.71133926910136,43.85243771590197,22.291309467053456,51.23413271213097,73.52544217918442,131.09670082516877,131.0962324991646,0.42215373210540286,2.6161467479151095,0.4402904448660729,3.0564371927811824,0.9209240542476899,-0.44720464375340674
69.24779767074402,100.88145719550532,31.6336595247613,56.85783740024612,29.323445348294328,25.741995957470337,55.065441305764665,103.27020991838903,103.26975368853061,0.21904551880502035,2.5766210155745304,1.771697089373165,4.348318104947696,0.8649453815936723,30.895694134799903
42.80157296481266,66.98988172754929,24.188308762736632,62.2406773076031,26.90264631704552,33.882660886543476,60.785307203589,64.73671355615964,64.73623720165895,0.30995202598932164,3.902102727037255,0.7822176955898026,4.684320422627057,0.9602742202369917,74.40567990021555
62.40559833943921,92.89506658513716,30.48946824569795,46.981679352199514,17.808022327422453,23.626190284422066,41.434212611844515,120.33549196826304,120.33507810612319,0.40395893320858,3.013876891943609,1.7179988154223629,4.731875707365972,0.9242227819381673,-6.068033230666442
54.31474823761405,68.31822320096036,14.003474963346314,33.535322497473096,17.09748188134737,40.2283895300898,57.32587141143717,175.36410382161606,175.36350504146552,0.2819367053804994,1.4477037321750206,1.0726315055472428,2.5203352377222634,0.8970467126732796,-65.7545180674579
71.8852502938937,97.08480258577491,25.199552291881204,56.747921667436096,32.335822340686,52.14240448493975,84.47822682562575,82.86058185813384,82.86007079030647,0.34358106539422917,3.4092466519874423,1.419970100563103,4.829216752550545,0.9090782655476696,71.26521990655652
62.222392595729076,76.2070001447109,13.984607548981828,40.216323696553786,15.697293248420564,54.251516135666506,69.94880938408707,86.75003481516632,86.74950758001629,0.225022207792534,2.9738720945492494,1.0026407213141209,3.9765128158633702,0.9114959525752594,30.260478881422127
39.575525436837005,72.02678564210481,32.45126020526781,38.41656289116279,13.37667168696391,33.41950415691224,46.79617584387615,101.01903788147374,101.01860125334329,0.18040793512423645,2.272973366559147,0.8379737053987164,3.110947071957863,0.906027073088997,12.099124203158457
51.365133043808974,78.28999615685177,26.924863113042797,60.681073601105446,20.35152479377809,28.142591675332692,48.49411646911078,158.08217625929072,158.0815915783384,0.1503200929191597,4.124276405188005,1.7356778965628528,5.859954301750857,0.9419764667118599,-26.36762890854796
45.43368945904764,69.79761699660983,24.36392753756219,41.07955161639132,18.949312656379497,24.720168135910274,43.669480792289775,79.96109016206216,79.96057592925598,0.2396476585858254,2.381157900496985,0.7146613824885842,3.0958192829855693,0.9222578144625578,23.809853518134176
45.70857667225864,80.57775761896507,34.86918094670643,52.53507809163686,22.43892034106877,35.406300526274386,57.84522086734316,187.05955722103224,187.05907434624368,0.3312619052602341,2.0310647998216664,1.770726540534972,3.8017913403566386,0.9540134038476323,-43.829901700859494
54.07603555755364,75.37616991484495,21.300134357291313,40.96769039784905,14.244119396227504,38.52682817089012,52.770947567117624,63.451867011391954,63.45132436858652,0.393575992422794,2.5953474281332913,0.9653105935962184,3.56065802172951,0.8928867741209117,42.53106673546851
59.565671298221666,83.30351550039265,23.737844202170983,55.15076820488277,18.948233070648246,54.37205139345961,73.32028446410786,117.56224477441882,117.56178390434114,0.15250362593352434,3.029501873905905,0.870176304025788,3.899678177931693,0.9232520905908513,28.246834157681622
69.69909228588118,101.63136130680391,31.932269020922732,51.846316787330444,23.602825396065953,31.215498358853797,54.818323754919746,184.5816604751057,184.58107354696813,0.2231612720723418,1.3370652011541055,1.1637658126103751,2.500831013764481,0.859933807179887,-41.885790261657554
42.2843339608229,68.84519205640848,26.56085809558558,49.11859924880349,19.682990761471483,47.91671465284631,67.5997054143178,60.723719139525706,60.72328527670082,0.40516013157993,1.5552293300499664,0.36495915229581244,1.9201884823457789,0.9450762327040965,75.82396597050264
56.571474401256005,86.8533537912314,30.281879389975394,50.4395934797016,18.64548794763378,42.422718417381155,61.06820636501493,139.5174581344041,139.51689151230215,0.13705712259587477,1.8095724816141399,1.294907161774037,3.104479643388177,0.896060491626105,-0.8680577442654028
67.78360626731462,103.72230900663486,35.938702739320235,39.898873330725124,18.210447301259478,50.21167481022335,68.42212211148282,86.25287777880388,86.2522844571407,0.4699477827955399,2.3853306537568644,0.7026990280811541,3.0880296818380186,0.9226013652813623,50.235124232049465
54.03528890656808,84.09202471696142,30.05673581039334,33.07695653119873,11.447944400153059,47.76188691325225,59.2098313134053,123.81966115375948,123.81916280524136,0.39401302028364177,2.115231018046077,0.8534395169380137,2.9686705349840907,0.8600518141966509,-4.161208220544207
58.67617956249656,75.44038800465684,16.76420844216028,55.991025118666606,17.691423725373546,51.44889318456665,69.1403169099402,91.95548074055114,91.95490540857124,0.5295276926826443,3.6104452769401942,0.5819927171749467,4.192437994115141,0.8987867168901192,40.64194837792098
66.63012853742394,84.35309774246932,17.722969205045374,60.86596273393708,21.315856612445124,35.98215147483284,57.298008087277964,179.94316538510304,179.9427510725343,0.3895008170592474,1.6137382928752604,1.4623445253987817,3.076082818274042,0.942557746005091,-44.79165865811397
63.7184674853422,97.6379332344595,33.91946574911729,56.471678992483334,21.56555138409132,35.30432472370082,56.869876107792145,150.83995322226062,150.83942910447743,0.5024641346210211,1.5385390475499654,1.8097163390848945,3.34825538663486,0.8984322910783434,-6.674568288811398
56.88331153264109,70.66539923156661,13.782087698925523,53.792577492785774,18.069711445249524,29.898879339961844,47.96859078521137,88.34020553228206,88.33973428575568,0.39852029027089764,2.0714332534402207,1.6282295523615793,3.6996628058018,0.8990142350489184,20.772028302614938
71.0743651719722,95.41018139989104,24.33581622791884,48.55045428974507,17.143189124167527,30.568022235708423,47.711211359875946,101.44171233998914,101.44123947771422,0.24712614580580072,2.6704296013897455,1.2409496708556143,3.9113792722453598,0.8849859062118944,13.272785853943335
37.64822435246968,71.54112354277284,33.892899190303154,50.064655533078586,18.004069378192554,41.310709882033,59.314779260225556,95.99811332149689,95.99762324883143,0.4717585330736079,3.2446841605235868,1.5034655114487894,4.748149671972376,0.904708407781515,38.04733343623794
37.551116426700126,67.7694770015726,30.21836057487247,53.057990730236206,25.28754839411036,53.78796477131388,79.07551316542424,131.29212409573296,131.29160474045753,0.21726086283293514,3.516937519536287,1.4441963013051942,4.961133820841481,0.9067787259659884,23.46912461239912
51.20998760978644,65.93286188957656,14.722874279790119,34.76811290232752,17.06850901452962,40.43485607395757,57.503365088487186,181.7165858983642,181.716062695663,0.3890246941664841,1.1580040652755694,0.5582094201527575,1.716213485428327,0.8989724794303454,-69.06531247419261
43.311188483075846,74.17267784054026,30.861489357464414,45.386748336410335,16.833109804703046,36.20663814241664,53.03974794711968,107.05936000896244,107.05890435443844,0.25278748247533883,2.7796175627991744,0.3759103040600978,3.155527866859272,0.8971607105529523,16.885251741388338
44.516996645613105,65.99968695773484,21.482690312121733,39.851256837057,17.718622098952007,29.72929493259299,47.447917031544996,94.01751540020807,94.01703861101572,0.38637821843839354,2.184083321532761,0.6406194497497502,2.824702771282511,0.9432352190061647,10.897898799245423
39.71330747644476,71.92777340827348,32.21446593182872,44.692944459786915,16.904271146759577,47.95979402114741,64.86406516790699,176.27598987415274,176.2755399689016,0.4538948164618045,3.0107266749850936,1.297665786756648,4.308392461741741,0.898394394655224,-35.276670254684824
66.25739954746967,94.2143552455994,27.956955698129732,55.08059891835096,27.228219514957328,28.957875451891788,56.18609496684911,96.18110121798013,96.18057470992062,0.41718856969014406,3.3717126723600925,0.8609734851827462,4.2326861575428385,0.912493640176172,35.033550959396656
55.40104781343854,82.60827411428993,27.20722630085139,43.54830404820546,16.57469105422626,26.73706801182081,43.311759066047074,115.25863108855566,115.25821068158898,0.20505607578483448,2.1690957619830966,1.2442128423595653,3.413308604342662,0.8573928851617786,-4.123447553334137
73.59226777064009,87.22970512470818,13.637437354068084,53.34411295700272,19.015747681510664,25.67709515560772,44.692842837118384,108.88655731245481,108.88607259755835,0.559659822611706,3.3808738671052065,1.6961105484023113,5.076984415507518,0.8687669332017174,-2.4745294347450995
51.62561841059735,72.18872425243616,20.563105841838812,63.24172682255764,26.032874645179024,48.958378299574406,74.99125294475343,76.52139590372943,76.52080020625398,0.45064597335178164,2.392957911798572,1.124913285538251,3.5178711973368233,0.9006268530742252,70.52517824738557
62.41485370564012,85.76032626766468,23.34547256202456,60.51885550308283,21.98672482098517,38.91029778892636,60.89702260991153,120.9654681782697,120.96487042260586,0.2572646653026212,3.720478514910634,0.4600210218506829,4.180499536761317,0.896997868360295,17.364727031355418
46.36346369502004,77.5234420631198,31.159978368099765,58.898466466786175,21.789397515342667,55.2887014384718,77.07809895381446,81.12852824036457,81.12802464771389,0.15926923072588603,3.5345065470125374,1.1595257141375985,4.694032261150136,0.9136688986228381,74.1489983269595
36.28560499063722,60.515712609344114,24.230107618706896,58.793037867245765,23.19383180153082,37.39362114688155,60.58745294841237,130.6169464552412,130.61649696323923,0.2334325291963176,3.7867064060077493,1.3038983486642741,5.0906047546720234,0.9092415489237401,6.9739410419664685
66.01847834860234,101.20983477647759,35.19135642787525,44.08627677392082,20.118599365326606,44.21990118870834,64.33850055403495,121.18286316933649,121.18234647015014,0.1313945094565043,1.597269005187388,0.3920603355836224,1.9893293407710102,0.8862497907074579,18.002448218297857
44.94749762124847,58.91963719300585,13.972139571757374,54.33502317596658,19.50909345727482,48.225257036543795,67.73435049381861,73.31031449261936,73.30981680046223,0.35436858953498557,3.54006869938993,1.8036477557944253,5.343716455184356,0.9173862209888309,52.32184922825316
65.52719327621772,86.7321053502016,21.20491207398389,52.64415965719235,20.29482333218155,53.53413322559954,73.82895655778108,108.13819511891951,108.1377866215774,0.13319170287014792,1.6952522358826536,2.2879438415073214,3.983196077389975,0.8789619278067956,31.13621890296905
59.68955677012418,85.50534179884143,25.81578502871725,63.09810937017878,31.895833307009585,31.29432100627809,63.19015431328768,143.3551387991463,143.35454098020762,0.3249848035286795,3.785235568513637,0.6385687685114526,4.42380433702509,0.8866672762023143,3.5473062563084063
65.42280783118058,95.71135151995794,30.288543688777366,50.380078433565885,19.07542229021739,33.675601054650045,52.751023344867434,107.42469347320626,107.42422803975613,0.37961264367675174,3.438748386032388,0.7598658403559923,4.19861422638838,0.8810848945276186,18.87036308333536
60.215765232745696,85.48285789121202,25.267092658466325,46.380019007422675,16.37643925378155,27.072133059646006,43.44857231342756,78.40067012051699,78.40019026458954,0.3275494994240226,1.1796519880028145,1.157482028239945,2.3371340162427594,0.9184721954908296,31.256352957862575
73.40393212386124,96.74005982147939,23.336127697618153,58.82438129456977,25.936504107889366,38.653074228163476,64.58957833605284,118.82325548740393,118.82275277519847,0.536645174710153,3.121502506715705,2.4916217368446496,5.613124243560355,0.866174385441371,18.86316909702036
42.46542897781556,57.442824833912624,14.977395856097061,54.54444662936396,18.32963945274158,28.505155080154495,46.834794532896076,72.05871626743269,72.05814019344315,0.20323382602333037,3.07222542705207,2.140303992124374,5.212529419176445,0.9017062467689467,35.06080376028097
76.20885337595612,107.61962083940219,31.410767463446064,37.9624615977924,19.15277702751631,42.63750790442772,61.79028493194403,112.74369449326477,112.74313466934548,0.31763854215884807,2.334124029928602,1.5867114937325852,3.920835523661187,0.9008725609499715,12.776089308939634
39.57390652311374,74.18328825879348,34.60938173567974,50.70240051325405,19.38274942849416,33.478661028421584,52.86141045691575,67.53985090206913,67.5394097920399,0.5434508697162571,1.467749749076197,1.096296610648384,2.564046359724581,0.8701204723981195,58.75600359897336
56.02952055185984,88.66098387190048,32.631463320040645,51.252575191426196,17.8026590049783,56.45041171131069,74.25307071628899,135.81174540748387,135.81120211822224,0.21966234915007088,3.4238303652992026,2.0462001218358243,5.470030487135027,0.9042784470761898,15.043770008239902
73.49179371224976,104.06982920296024,30.578035490710477,50.96248932403343,24.984550026398246,48.009763039239374,72.99431306563761,73.76810538540765,73.76753047246538,0.3024282062377292,3.710977692959383,0.9273164256450908,4.638294118604474,0.8954444100602154,67.89849174659386
48.085986859297,76.64474264752566,28.55875578822866,59.92033152439688,29.11471754632636,47.95731013788506,77.07202768421142,192.22518346672126,192.22464061393805,0.4639516287312748,3.4203172618233237,0.5488357048409519,3.9691529666642755,0.8633183705466249,-26.854925308249012
67.75074618254432,99.01591754592845,31.265171363384127,51.77797289544611,23.761883241202924,45.38997179491666,69.15185503611958,171.1474530816782,171.14702524481348,0.33743915821139553,2.271686667125403,1.5516860800040524,3.823372747129455,0.8704742408899132,-20.119129986820802
62.13101926600987,95.2943336713913,33.16331440538143,58.300515530358076,21.462037456219957,28.100545834570422,49.56258329079038,105.98413875867325,105.98363097897273,0.5130040833676154,3.19850334229402,1.1905861689186257,4.389089511212646,0.8490669583035418,25.591462835757174
73.76709460907347,87.21630418169526,13.449209572621797,44.938576826960954,18.35739878713604,28.692591942886907,47.04999073002295,145.68573077508822,145.68516306350122,0.5171362398285585,1.165844228168179,1.5035822686600908,2.6694264968282697,0.824716033905618,-35.82067388443812
39.849752997781465,61.53561400850425,21.685861010722782,35.46012938266554,19.02057796108339,36.775236689060584,55.795814650143974,120.48743188013907,120.48699275672267,0.2069108892706996,2.1055115727865763,0.8938643983135262,2.9993759711001022,0.8264119418113299,-8.88514697967183
55.480808231878264,87.91883592493808,32.438027693059816,44.852511435442445,18.549633814020474,51.97466500710378,70.52429882112426,137.7497115412093,137.74920383375047,0.4418896698390474,1.211356740949779,1.1559528158815013,2.3673095568312803,0.9186884320542056,6.666402790667825
46.46173113662393,81.63400411034971,35.172272973725775,48.62199579839437,24.50829534586228,27.789999640219662,52.29829498608194,77.31744678322607,77.31691287312839,0.3876179087680974,1.9295822815530577,0.8631421333489286,2.7927244149019863,0.9419441796264905,52.367677313952925
38.93199607087717,69.63982316480123,30.70782709392406,59.253099221605616,26.905584088179126,36.77617446720564,63.68175855538477,114.3135551302805,114.31302805628427,0.5394768240999777,1.7689924311681622,0.9459555246637879,2.71494795583195,0.8988011803299002,32.42446113346182
68.31769597544883,90.10504461147809,21.787348636029265,53.34976124033485,27.046827988475847,48.47450666461023,75.52133465308609,125.38128738662024,125.38086606581253,0.39327241774891863,3.0462077959965264,1.8057040934372428,4.851911889433769,0.8730659186723151,17.489600607411298
68.5280501175992,102.37198589377566,33.843935776176465,45.63865225611178,16.599172067046766,33.82651757717394,50.425689644220704,89.78634310009625,89.78588760893211,0.4065733607614683,2.4286270335760274,1.2310987561443143,3.6597257897203415,0.8876497777527346,32.0051810891918
64.16830138099901,82.23378884617343,18.065487465174414,46.965534593978596,25.630544753927534,55.23112449583394,80.86166924976148,125.58649916872128,125.58598874214927,0.2288584633790697,2.6941572447972177,0.5917927277440469,3.285949972541265,0.9004010268532963,15.119438718224579
66.65871956851828,85.28266811052056,18.62394854200228,64.16734801393159,32.96401489962472,57.17819040806195,90.14220530768668,117.9410723867099,117.94063063406935,0.3278498305246152,1.691056330096144,1.4369120486793527,3.127968378775497,0.9016920791981493,46.470552493575475
70.20632070186791,97.13691056784221,26.930589865974298,36.60450368707394,19.286948434687375,24.62568654731419,43.91263498200156,106.30715457052884,106.30668782811883,0.45635053538338466,1.5648873401079686,1.3063233632211786,2.8712107033291474,0.8612696680787354,-1.8831838126548377
54.15035993470954,80.42874928096634,26.2783893462568,38.92245291660494,21.124200404520835,44.53070008071396,65.6549004852348,124.87246451309213,124.87198149782314,0.570229360178201,1.7105968758716572,1.3758828421151588,3.086479717986816,0.8695463581559651,2.0234797414957626
48.9179794999745,69.48357879801223,20.565599298037732,53.184297572178544,26.365013083859417,31.12523061096577,57.49024369482518,97.3197387099955,97.31933598519524,0.200342278515886,2.7288708083472093,1.7772557299187368,4.506126538265946,0.897604350882965,26.2229148890824
68.2819607824679,96.64659499690241,28.364634214434503,53.875153412108354,23.831759697081182,42.5356721054893,66.36743180257048,83.32616882188019,83.32566673729066,0.13500502428211153,1.5551984018633913,1.3885066194637663,2.9437050213271574,0.9081837441773087,56.49161053291008
59.51248765376406,88.29887436098178,28.786386707217723,46.24876994264079,21.264225650299775,50.23193574212884,71.49616139242862,100.76925297314277,100.76865402183013,0.5839448432899754,2.469967812838492,1.7818467173586088,4.251814530197101,0.859526624001988,35.177764182061324
47.125736330979926,64.89934232805251,17.773605997072586,34.096712922017105,16.6532073278125,24.858918292598293,41.51212562041079,108.70871459456392,108.70823294099561,0.3218156814226808,1.471765314737467,0.4209273748957562,1.8926926896332232,0.9069921301676757,-15.90891113350927
52.14749279897885,71.20475278711643,19.05725998813758,48.76540522052078,22.81669950883518,54.26712628504596,77.08382579388115,151.65678534109495,151.65633048141663,0.12441772355171749,3.2769417620174996,0.9540649281141832,4.231006690131683,0.8680467635344695,-9.639888380133378
44.61409746504641,74.76280662018243,30.148709155136018,37.529240897424444,17.799449931549784,53.424155972347634,71.22360590389742,158.70655828214228,158.70610768306494,0.36583298005547826,1.7116550463969105,1.0766617347785619,2.7883167811754723,0.8890150754017722,-20.410631734337088
69.9087505637362,107.25211520212902,37.34336463839281,34.96132475551337,15.932968324657796,46.46301457317643,62.39598289783423,176.44940132348418,176.44889828859792,0.5407652652582772,1.0105576510097078,1.1071048490116304,2.1176625000213383,0.8742973901057015,-38.824621487564
43.70372466724103,75.91906672163803,32.215342054397,44.64554716513433,21.246302856606572,34.17732305025376,55.42362590686034,145.5091088066318,145.50861760454416,0.49422501141124076,1.2566833572497067,0.24086867977497808,1.4975520370246849,0.9030595477135313,-13.7408452833445
56.52335018155024,71.13953991458807,14.616189733037828,37.843258630442115,11.752713501041477,32.242447976444964,43.99516147748644,68.68261401912201,68.6820416220918,0.2524088922033361,1.3501240593899424,1.1061976343305595,2.456321693720502,0.8832946420619592,22.13875349069629
61.308311327595334,86.49907958837791,25.190768260782576,47.55559658084019,22.00846969857442,37.159234629592525,59.16770432816695,176.1369945815981,176.13646673264972,0.40757351873777664,1.6383836887948513,1.589549600032835,3.2279332888276864,0.8783269818424436,-42.0348887029801
82.19807395849644,117.95555847881545,35.75748452031901,55.08961219088152,25.73775221860275,28.966291632080793,54.70404385068355,168.52154293900878,168.52106320857874,0.265407877952369,3.4574481097600107,0.3381853592680107,3.7956334690280213,0.9080726005598613,-24.546077769376488
56.23038477145004,75.47496437334604,19.244579601896,35.8781315384341,18.299938187844134,25.179414584523897,43.47935277236803,130.86180821817766,130.86133106880433,0.24163296646979204,2.0363336306755224,0.8563918057439762,2.8927254364194988,0.8518576350557827,-30.15033016473581
68.20425507531793,95.94225291994627,27.73799784462834,48.66405053898021,16.89204999426397,26.133360721698978,43.02541071596295,162.276241917609,162.27573247949087,0.3640800442617326,1.3262596665585757,0.39913116993431874,1.7253908364928945,0.8753168616538354,-39.334765276055805
63.15801350188578,86.63076706126905,23.47275355938327,46.83240904981363,19.905552999945787,43.87875056840682,63.78430356835261,85.5861179480445,85.58566727443178,0.2482339635437361,3.1025852325227348,1.3791250783521267,4.4817103108748615,0.8736540664505762,38.243206100579386
38.98484367157168,68.89306124583344,29.908217574261755,33.28508763617818,11.243873066922449,26.34193138024894,37.58580444717139,96.17983447148647,96.17934990236513,0.29666564397128675,0.9552897623223207,0.7862434592998737,1.7415332216221944,0.8751760240977298,2.241816674890507
49.50810823730968,62.13882378589058,12.630715548580902,54.13059091884955,26.078057064299532,36.18717853306936,62.265235597368886,78.6952992943928,78.69484228637097,0.19789198264757488,3.3857670615926074,2.0581126774753455,5.4438797390679525,0.88761137947099,39.66728869087819
50.36872270836466,69.95401289011099,19.58529018174633,35.43891415981233,17.643041609680353,46.816227864872104,64.45926947455246,104.44015871298718,104.43965561974663,0.16863370733792563,1.0554249761726466,0.8747442003122315,1.930169176484878,0.9265421979590711,11.994102940296202
43.64089504645261,64.58945416107926,20.948559114626647,62.31651531097151,28.492435065673945,30.009080328354447,58.50151539402839,114.21324446587263,114.21273514539786,0.27329750810205095,2.5457136040700328,1.9641675326208652,4.509881136690898,0.8595128452601042,19.571688542556366
50.64343067826672,72.21400264609747,21.57057196783075,53.62608230666993,23.310287099332037,35.7823036091895,59.092590708521534,163.25215753107898,163.2515881692269,0.46186656697906714,3.121209914704964,1.093970455384627,4.215180370089591,0.8446182166675412,-28.41244169570284
42.93432678094469,58.67069533210489,15.736368551160204,40.549346879252845,15.86878742166833,26.4916718749711,42.36045929663943,61.215438635334515,61.214988399902865,0.2639834586211842,1.5094876162573774,1.1573832205268755,2.666870836784253,0.8607288938718245,29.695432627893844
66.87645088671637,89.58031464982311,22.70386376310674,59.09001193817484,27.12903030979682,27.41095981408488,54.5399901238817,105.05043877964002,105.0498578346539,0.3972488327000196,1.7758314762692275,1.7150957601728276,3.4909272364420554,0.9166681959192509,25.112887823066792
52.60877623457824,79.36644702052384,26.7576707859456,44.493520787344444,22.89349571557101,33.45888221134428,56.352377926915295,65.43028280506576,65.42977575139629,0.24654835873072445,2.7811716685396597,1.4307716075958277,4.211943276135488,0.9215843923812613,53.18952162977893
42.49154796143105,55.14461116439577,12.653063202964717,41.92828204192522,20.089701587051607,26.208282670250696,46.2979842573023,168.08745245251785,168.0869070858216,0.41887305391506485,2.3395105090437585,0.5106491764622523,2.8501596855060107,0.8655917939330358,-61.00397555984873
57.29087195792623,76.40705108510556,19.116179127179336,44.97340987568834,14.812095303092693,40.179458771965066,54.99155407505776,182.13004837989934,182.12952604558365,0.40507911479725905,2.974949694103648,1.6567276531052044,4.631677347208853,0.876962307220478,-59.70810096166635
67.56599682469727,84.01681412531586,16.450817300618596,51.512018683837454,23.3046769757817,29.03900533101672,52.34368230679842,103.0795472055851,103.07898139781231,0.5198906239127358,2.8039061142950246,1.5550080281455894,4.358914142440614,0.9022508617284664,11.141654202919865
75.74195380370116,114.06961087260669,38.32765706890552,54.913949588267236,25.261514822522354,31.700120998272745,56.961635820795095,149.35453892134458,149.35400629340947,0.2411851936194355,1.4997537682172228,1.485335994704381,2.9850897629216036,0.8966323137611159,-2.131329774022694
67.57985744396944,82.56439396048219,14.984536516512748,54.27061352704661,23.896807460261304,48.01092476803121,71.90773222829252,106.14905612666475,106.14865391195838,0.29730366995979784,2.87681837283276,0.45008585769467513,3.3269042305274352,0.8541905046889952,26.813057418418108
69.72273325803845,97.59388171586336,27.871148457824916,59.49955502055669,26.349852225832958,45.44305261163754,71.7929048374705,186.1470610595666,186.14658300450856,0.18788036263170288,3.821690177407582,1.6801966865224454,5.501886863930028,0.8682977117979668,-28.369667043149455
48.71205344839524,70.41488604593452,21.702832597539285,59.91555616020338,31.335842853874833,37.00250244753963,68.33834530141446,129.75134907187757,129.75076139903226,0.1552936282471518,1.7152209735859565,0.7920939482627728,2.5073149218487294,0.8805741111710242,15.448232258138427
55.20688787989854,74.426204053121,19.21931617322246,39.44611377373647,19.003368453612843,52.512817085686855,71.5161855392997,113.11011739322575,113.10962710270653,0.3196721332153365,1.1924893952586249,0.7674904338072667,1.9599798290658916,0.9041013340484734,13.373771092164823
54.41742896254626,90.16293206202317,35.74550309947691,61.879713323223044,20.013533976888827,49.69831091177725,69.71184488866608,92.17198351594881,92.17141783902086,0.49046748029200904,3.388519684634667,1.71066784757142,5.099187532206087,0.8993694514246797,62.574518573462505
70.48418846091613,98.90719437551218,28.423005914596047,37.02118339717001,15.299176024843225,42.59680154217276,57.89597756701599,161.3455638205267,161.34499002856646,0.18678558350729588,2.258994926896922,0.7709640461949139,3.0299589730918357,0.8908739434909363,-36.72322057946454
41.89717447144451,70.46829131647797,28.571116845033465,62.917269372910496,27.19287206345401,37.81471709371141,65.00758915716543,122.84019209522488,122.83972557963277,0.35217003721988654,2.5079642863478773,0.9070809829447118,3.4150452692925892,0.8837661707481566,26.41491755767143
59.0260987444686,74.09740709568322,15.071308351214626,42.026390891473575,20.944236290713953,27.497567189086993,48.441803479800946,101.89618333759503,101.89561179265323,0.3651722503207064,2.4249207853904147,0.9620823591381418,3.387003144528556,0.8536791759055349,-0.09244019285596256
49.06253067419161,68.9273682623141,19.86483758812249,40.45856255175147,16.156700910593706,38.884843201179116,55.04154411177282,91.74608501655383,91.74560952955471,0.2796729217627897,1.3161201043676094,0.688960843084766,2.0050809474523756,0.858881774264197,18.323882656101887
74.8421871242906,95.79483711293719,20.952649988646584,46.27941528620383,16.601857158683742,39.67890240580749,56.280759564491234,123.8112548840521,123.8108498119663,0.4807037638854028,2.0675262389957925,1.0558160879624299,3.1233423269582223,0.8879321881189605,-3.4647744975810735
49.65008775659468,72.7013310959871,23.05124333939242,39.617414999230824,18.140741089216615,55.367971095066885,73.5087121842835,95.08149202253277,95.08095314103652,0.32842090823174075,2.3142920200956794,0.38618084013265574,2.700472860228335,0.913590438888643,34.77812560537917
71.96982773874936,108.50653349469052,36.536705755941156,56.168958000443084,25.055047586362527,52.99404098541204,78.04908857177458,145.01312794448427,145.01256388662793,0.503448393137767,1.9283672740628763,1.3502779956504765,3.278645269713353,0.8942805351056254,19.638485309647994
74.72465188096375,98.07517845394227,23.350526572978524,37.4191283725952,14.779940622236204,26.000875089992398,40.7808157122286,88.45200043999309,88.45151011848998,0.45562285279106496,1.5064790202704483,1.1264574028267325,2.632936423097181,0.8984190483194059,8.993535176380856
47.32226332878758,69.60947932029762,22.287215991510045,45.59586264668174,23.047140323922598,55.14938597825351,78.19652630217611,154.23832588985198,154.2378912079795,0.4307930691006293,2.5008857012346173,1.3914261120664038,3.892311813301021,0.8770100488847534,-10.946305462622824
69.9489317688559,85.12329673673767,15.174364967881772,61.160280610516956,24.746421337261733,43.6772793467013,68.42370068396303,81.18630401971234,81.1857809627559,0.2521884427044815,2.428021826843721,1.6137370277581782,4.041758854601899,0.8693789428299875,51.535582251261786
53.3602898854279,76.68906028982137,23.328770404393467,51.08703431702238,17.2492228979248,46.09150746184543,63.340730359770234,76.19178266626366,76.19123501490289,0.46513542919457707,3.4210284933257986,1.1778529688367418,4.598881462162541,0.9169810905805672,51.810608264945174
53.853658993087734,68.01205441326344,14.158395420175708,50.76164627579687,17.14359329744589,50.738655170584835,67.88224846803072,122.10082080760641,122.10028984421595,0.5785776511098453,3.5690238237533394,2.1987936273903417,5.7678174511436815,0.9125007022054623,3.9744928195293836
46.11538762762889,66.97816105987592,20.862773432247025,63.198322184101066,23.104088222548114,36.34708186265626,59.451170085204375,141.64951374231902,141.649042583791,0.18130118075929028,3.4183035489849156,2.5814598952014887,5.999763444186405,0.858518019547452,-3.7069447394675668
65.49983447224798,105.1120750759398,39.612240603691816,34.19668548492832,11.221957677133389,35.936983879675246,47.158941556808635,105.60532962325756,105.60485595737774,0.2813395818104879,2.09232411083263,1.0845179059934669,3.1768420168260967,0.8954071718984029,10.659670242293588
53.32446608227934,81.25612171437672,27.931655632097375,41.741486964758444,16.84154158046448,47.67747432161126,64.51901590207574,71.82124149413792,71.82073167465315,0.4433630802543868,2.8805081166637834,0.8163465911257689,3.6968547077895524,0.8592417267496495,50.034684603013915
60.54991678699026,76.97583012169079,16.42591333470053,36.42953505483132,12.548357201485944,30.143620980089647,42.69197818157559,100.69659639010182,100.69615771136674,0.2600161338451439,2.1333309777275336,0.5347470350894475,2.668078012816981,0.9037781237534002,-7.299658003697852
69.49591249054652,90.29460860045573,20.798696109909216,39.760107322712955,17.75337953171191,45.82170631817463,63.575085849886534,110.0285588865885,110.02798965129791,0.3082921597432006,2.366337496496988,1.2638543537424138,3.630191850239402,0.8712677982642528,8.858541822345053
50.986574781221236,77.04301850829067,26.056443727069436,40.95975719779502,17.009218652510263,51.97461741079734,68.9838360633076,99.0066128826393,99.00619241883015,0.471871979190984,1.103812662664779,1.4114713645134513,2.5152840271782306,0.8687087189672937,29.541906857859708
36.93278235299137,49.63970378385621,12.706921430864845,52.38144982742719,22.475097246728808,52.46777623779704,74.94287348452585,126.18876772563385,126.18827041569796,0.3914955217696925,3.2798155269921474,2.0372076657045546,5.317023192696702,0.8808108623917724,7.164916863268943
40.25087425618913,75.37898196676718,35.12810771057806,40.09260330058572,21.605374361122816,32.33480440069311,53.94017876181593,135.49511872296236,135.49454683515748,0.17813132408741086,1.534373633814237,0.45628888172166776,1.9906625155359048,0.9481952289411558,-8.061983379394212
46.0515384397867,72.01012973986428,25.958591300077586,53.65024936371044,28.707150759873816,46.87709118090025,75.58424194077406,113.52193291165345,113.52142702805405,0.2686858036260854,1.4440545699685163,0.724779591273919,2.1688341612424353,0.8992720719234631,35.28216242160519
77.34481290925089,103.54176233477257,26.19694942552168,55.49450997249802,22.365598844324587,28.84512034844899,51.21071919277358,110.84356415516666,110.84301196527586,0.23870379671808922,2.8689026463926366,2.2609438079212416,5.129846454313878,0.9481182439928132,15.824677888134843
51.487340918718466,81.39776896403326,29.910428045314795,44.91759256037502,17.762266591684472,51.64324455420745,69.40551114589192,125.81313987409355,125.81269195858563,0.16839042876306576,1.5718061341195801,1.4302429211147938,3.002049055234374,0.8255444153136242,12.589882806391007
68.4408542676254,86.76605995695385,18.325205689328456,48.25610175278777,22.77915084417833,41.517580749206,64.29673159338432,97.44647668514452,97.44598758265046,0.12720026088515482,1.3631377382508787,1.4706787096922658,2.8338164479431445,0.9676730959123232,29.48600052639952
73.90392006348715,87.22531582339681,13.321395759909663,36.4924674056751,15.337567618214376,46.65979338148089,61.99736099969526,120.35915635625788,120.3586137442345,0.45809037086731846,1.9804884319126048,0.33580093302300296,2.3162893649356078,0.9268893670098065,-10.494027593586543
52.16306684664115,80.99102596188473,28.82795911524358,53.96658793888967,26.295279505127123,51.69384396393672,77.98912346906384,139.08993083181852,139.08935316577276,0.4324329867113862,1.58837537878864,1.862012703868956,3.450388082657596,0.9360822159058717,16.673024913922053
56.60327604898825,72.57361268912238,15.970336640134136,46.07397367517551,19.674434433683878,42.6514764667114,62.32591090039528,134.89734916739397,134.8968205582693,0.5081247414835287,3.0335414373720906,0.8487151240273438,3.8822565613994344,0.9019888825356338,-13.454950703192717
67.99132524200137,80.52030042057267,12.5289751785713,57.227715817001624,20.00443409618068,40.165669963285666,60.17010405946635,142.18838647541773,142.18793792211673,0.5237710453711922,4.067665128519987,1.1756230994521168,5.243288227972104,0.9063132236961139,-16.339197999329922
64.2806755416951,102.18319107055467,37.90251552885957,48.85940824754686,20.194494003307106,36.20450942881164,56.39900343211875,162.63730451586412,162.63687525730114,0.49375011905609884,2.8932930912792636,0.6535911592656113,3.546884250544875,0.8852659916607691,-20.818430655076664
43.262089952298865,76.59150873639015,33.32941878409129,53.87627347873649,26.63300352715151,43.1733897053236,69.8063932324751,76.96481652651362,76.96424821854924,0.13391578208511642,2.0286034437779352,1.0319756778706723,3.0605791216486073,0.9080727985708822,69.78842968819436
65.17701950521248,80.28331502026296,15.106295515050476,44.19970088670818,19.555836192232746,44.67672735906393,64.23256355129668,107.93034455360855,107.92983374643083,0.2724711125749627,2.2334780499975,0.9953567020997371,3.2288347520972374,0.868009502834355,10.509355911624581
70.17252104983692,104.45525914602428,34.28273809618736,44.552219256799944,21.980051929223556,52.89749240496517,74.87754433418873,120.83380751630966,120.83337074189721,0.15167979477573465,1.126791383220086,0.6203626212998017,1.7471540045198877,0.9061958250188427,28.07421593153314
70.71151688344733,85.8863270444869,15.174810161039574,46.23636936676632,21.483904499305105,23.993700731141303,45.47760523044641,127.93490159215611,127.93440445680898,0.38444618236955264,2.4795397247380713,1.0756696650635271,3.5552093898015986,0.9373564524946676,-23.42010899237218
63.50045861598907,94.9283201561989,31.427861540209825,50.88188216597181,21.433024856570448,34.351440993438544,55.78446585000899,137.5021831052774,137.5017578407476,0.5120690068021234,1.9023056129518787,0.3403873546738023,2.242692967625681,0.9321691644210144,-2.015638947336808
62.714982728521036,84.49617964153319,21.781196913012153,46.78764269945891,17.62399325434909,40.17918780989857,57.80318106424767,127.00248574737014,127.0020647130404,0.1237050814166632,2.2052914688887815,0.8255732172842379,3.0308646861730195,0.8908861324493127,-3.371659954580861
65.69599420926421,93.36193471747683,27.665940508212614,57.208232667146575,27.09103408402832,26.495750085074338,53.58678416910266,70.86729534450834,70.86671134912343,0.31909119922666057,1.8505855516955436,2.4833159327024434,4.3339014843979875,0.901289039550107,56.728261745394505
47.77843473272424,77.55359264076594,29.7751579080417,34.84965952933384,12.193638724287714,47.35526663965219,59.54890536393991,98.2184579867616,98.21794906132719,0.3502200653707183,2.4925254599706945,1.1360546696637266,3.628580129634421,0.9161028722698407,20.13316858835734
70.01205570129478,84.68274591378228,14.6706902124875,59.409935541592255,27.90662566317115,41.38515802980978,69.29178369298093,83.56361519941495,83.56316541688922,0.149022352931753,2.0237717504863175,0.5052264834885486,2.5289982339748662,0.9046870602384143,51.68587858471127
44.445876494270344,81.31759538206315,36.8717188877928,60.22735965347776,21.721339467411397,25.614087169358612,47.33542663677001,121.63742283339265,121.6368465800348,0.45284910345133156,2.6558579167567027,1.5849328952610648,4.240790812017767,0.888417552512261,16.083927968575487
68.14612815194772,84.13576559412756,15.989637442179841,39.564148845785525,22.140872579251617,45.76576357241011,67.90663615166173,85.4038391745828,85.4032393977352,0.30351095363433944,1.4652127378837279,0.6197778341843763,2.0849905720681043,0.8649000070568497,30.849842895060778
54.066451988120804,92.26363429353412,38.19718230541332,35.62729060223149,18.282991161166603,33.78845226036172,52.07144342152833,99.64492578067193,99.64434894026778,0.29092024781578874,1.8134945314156414,0.8642962016038732,2.6777907330195148,0.8947465148269503,20.83225462633701
65.33382808949773,80.71467278605745,15.38084469655972,50.651787728759444,17.746017171951166,49.80827147130672,67.55428864325788,141.29892741212595,141.29837789386494,0.5070445431702141,3.3736626043881914,0.8393794290524055,4.213042033440597,0.8425459603026544,-10.474146673596861
68.2281451724542,85.14482810849172,16.916682936037517,35.32425880539339,17.49742931447071,28.165370445410307,45.66279975988102,84.29054709371952,84.28995468033784,0.2251372364073827,1.121019193501365,1.292012751611716,2.413031945113081,0.9077076550755757,9.962652150514572
71.98082732815638,86.8479855270026,14.867158198846226,40.412067458534295,20.237020401104072,26.377103281629648,46.61412368273372,161.56614876165216,161.565709284206,0.25873721516341425,1.2313872537682014,0.3262254934071649,1.5576127471753662,0.912770946750031,-56.12510795573063
45.26648092996479,68.59759313012307,23.33111220015828,47.128722428347096,23.514007789156587,24.579876622196956,48.09388441135354,116.43156030677957,116.430984768055,0.42445341978773177,1.3264305661457692,1.6303172341458572,2.9567478002916263,0.9241724569443764,-1.1630404915710022
58.095541675112464,84.29921952980106,26.2036778546886,52.384180481767224,20.91830524146696,40.26915625005292,61.18746149151988,74.35478716621917,74.35431541832436,0.27988929447257005,2.67908089164807,1.252033885148895,3.931114776796965,0.857676807122756,52.49839765420611
46.03208767387937,74.41599964678848,28.38391197290911,38.78418057842261,17.809750826335442,48.76772421076505,66.5774750371005,79.96863410894211,79.96822766136131,0.3199509919709599,2.0631175940752815,0.875220371717817,2.9383379657930986,0.8688081357386731,43.89136249193048
43.638346261050515,78.36489261758298,34.72654635653247,61.12391913128315,27.618531563537214,44.47410088014383,72.09263244368104,66.92343212787102,66.92302565228252,0.26424182241428706,3.8397399554474245,2.029922271301098,5.869662226748522,0.9102428444012408,86.36945566405657
57.86997601274889,84.1015995554225,26.231623542673603,38.63510423582547,15.99323982920964,22.617483204898473,38.61072303410811,143.00070800777414,143.000270440904,0.23881307233418742,2.4766750342132275,0.7696431115723367,3.246318145785564,0.8921108252971747,-38.36785852393701
74.77256695499908,100.0871030836307,25.314536128631616,37.83425841263339,16.99446889491971,42.379821803656114,59.37429069857582,93.36226767181283,93.36171177404056,0.17176994938735463,1.0925966500249937,1.0479755313336152,2.1405721813586087,0.9216961086168199,24.746647701650616
72.02611969058366,92.07284797123586,20.046728280652204,38.83491332561731,14.083266042164064,41.08471599831315,55.16798204047721,119.01178622346474,119.01120688910936,0.5200580463745537,2.57737959517519,1.127267773712592,3.704647368887782,0.8872081394138558,-8.150150068050058
63.774124900890165,94.86673850803521,31.092613607145047,59.10529695179255,30.141066027527653,49.01819314220904,79.1592591697367,111.30162266741192,111.30119707495261,0.20022048978057694,3.856985291515599,0.9947099838173141,4.851695275332913,0.9394486857556114,49.794591583718635
65.0670930562797,99.50122814648655,34.43413509020685,57.52502118172662,31.800408437025325,31.774505141095002,63.57491357812033,133.59721619414833,133.59664711762667,0.48557269348834525,3.2470297889454622,0.5638137797446182,3.8108435686900806,0.872353274979337,15.389189768253138
48.256020596385135,70.2272237920766,21.971203195691466,33.51698355699613,14.256160367180547,43.9248191887538,58.18097955593435,96.53601587602927,96.5354647815421,0.11355632789059185,1.3944788135534174,1.4055369945564298,2.800015808109847,0.8463176859574824,12.03474700027431
48.0369528731757,70.41869950793156,22.381746634755864,56.37345718201734,22.702477833593605,43.011473746175305,65.71395157976892,130.9887648380775,130.98835439325742,0.4149172263902487,3.2600242673450324,0.6606232340569783,3.920647501402011,0.8761322840577103,8.012436746294629
60.5241747715276,80.45211705549076,19.927942283963162,36.525505862202856,12.72731286902996,45.04667404773437,57.77398691676433,195.85549695047817,195.8549506725679,0.5033851174879347,1.9083775804030783,1.4473898389484434,3.3557674193515217,0.9263976791038219,-79.19465096521492
61.91223138511712,78.71448070362163,16.802249318504515,36.07045698802006,18.839561658669204,36.72525081701424,55.564812475683446,114.04905807636347,114.04865040051726,0.11571180734059751,1.4548150646588849,0.7279084574850956,2.1827235221439807,0.841779379579727,-6.658110358058186
63.7215325116266,89.73465245210566,26.013119940479065,35.52196278059045,12.093188489583872,26.205040535729026,38.2982290253129,76.06036818644692,76.05991566984066,0.33292297554129824,0.8758340682781197,0.8017671289674592,1.6776011972455789,0.8708854894435056,18.952969349597875
38.59142564924553,52.68678239263782,14.095356743392287,56.163916771040135,28.850948157646112,30.078786661432673,58.92973481907879,121.64315594696365,121.64264976508365,0.4352246623878622,3.016797524500248,1.0103843050918715,4.02718182959212,0.9726560857520226,2.999624755324313
54.31258029797673,89.94088185184299,35.62830155386626,46.84601189903674,24.176620312126992,51.83945744778925,76.01607775991624,206.17638552505045,206.17580367326306,0.37062520148082373,2.3665684660496975,1.0329622432913708,3.399530709341068,0.9543030262349681,-49.10420461333918
37.137248513893915,52.23292029952572,15.095671785631808,48.72985318893014,20.443103660948566,40.5195078487417,60.96261150969027,117.86705678030167,117.86663570994413,0.43559772590356627,1.5577916920933594,2.307952157838232,3.8657438499315915,0.8591205021827635,2.2510324863908493
64.64157468732009,80.90823474917075,16.266660061850658,33.82583628749346,17.027658376632957,46.83502713350756,63.862685510140516,94.9730646851556,94.97259502408353,0.15014210687110546,2.310789542083802,0.5510225181855782,2.86181206026938,0.9503211202383857,15.177229528217195
51.3431179224298,66.1694082769333,14.826290354503499,61.04556006301334,25.511211777879137,41.25494605467793,66.76615783255707,130.103079377477,130.10256399410727,0.47242161136245003,1.8863535462524144,1.3051324191013889,3.1914859653538032,0.908669219100808,8.061292306558624
56.095531688727235,79.17876645311061,23.083234764383377,61.17934756548104,24.442066772140965,25.636637743346586,50.07870451548755,149.4490470249317,149.44849898388094,0.3018053980526689,2.3414785946224757,1.1252552619448168,3.4667338565672923,0.8986145729240552,-16.962025276775172
56.256348946597,86.08958716144564,29.833238214848635,41.17073672500301,21.29473080155597,35.72966210730148,57.02439290885745,98.7822785715013,98.78169549377296,0.28285409807849954,1.6822829308764633,0.5014692200793917,2.183752150955855,0.915796172876747,24.52508204917113
35.84220623323841,69.35239239283844,33.51018615960003,53.5639028571269,21.519577516924173,44.89223897452875,66.41181649145292,84.42275600854626,84.42226223852272,0.34345635049946577,2.9800339273153393,0.8981373396849727,3.878171267000312,0.8778470817049626,56.92137421211385
51.992926196047044,75.92337268724951,23.930446491202467,54.400121442974736,16.92411654444706,27.201284462541665,44.125401006988724,146.57191441488868,146.57134623499692,0.21999191453726405,1.4833708524184754,1.1848458055745354,2.668216657993011,0.8880271102669162,-23.979916323749343
66.69201907607436,85.63891352594133,18.946894449866974,62.35015178646702,29.419269310453586,50.96906032178535,80.38832963223894,124.9247171791054,124.92419377476612,0.2841942548844104,3.5503620283693693,1.7566500672823717,5.307012095651741,0.8631940208433442,26.90573669142329
50.14534438359138,81.94999051468554,31.80464613109416,47.11833969864502,21.034349085837032,26.332426144374022,47.366775230211054,114.31914101630407,114.3187002055098,0.15474489511600042,2.082515163695123,0.736551207818475,2.819066371513598,0.9073440742337883,8.163601097902573
56.90626228692887,85.53523795944183,28.628975672512958,40.76440147476009,18.908859173555342,44.6942936781229,63.60315285167824,127.49516248902141,127.49464657149828,0.4248614824025147,1.320190043242052,1.5123771810805633,2.832567224322615,0.8799424759813396,1.974991044185284
76.87241572434326,107.45742537763203,30.58500965328878,44.86545509840475,17.493358266612848,32.592227875068275,50.08558614168112,120.86077168393825,120.86030892041656,0.30237191745098135,1.2880594958558866,0.8839262929412419,2.1719857887971283,0.8624898901631267,1.8986716744015284
41.709624686039696,65.10827648428187,23.398651798242177,52.940506842437394,23.223298843314943,51.17746393879441,74.40076278210935,130.95726578879302,130.95672506030994,0.26989058339178773,2.2766947113643745,1.5005302937025835,3.777225005066958,0.8723715702543544,13.727709494481408
50.080816346124735,78.03814187157765,27.957325525452916,48.31272041594709,17.538411134032824,52.19187949110016,69.73029062513298,127.71136796637039,127.71091105819492,0.5398723496167586,2.1393229852014755,0.30153198859104646,2.440854973792522,0.8425836196909771,12.898858329414002
68.11330422995366,83.266714039886,15.153409809932342,36.83050570589834,14.455049738174734,31.188803927028875,45.64385366520361,94.18610669632012,94.18565412748873,0.5334013104610013,1.0905315211314823,1.1299962105121042,2.2205277316435863,0.8860666781748797,0.6097786931239255
63.72653644250598,83.65441165731518,19.927875214809198,57.70944771712767,20.42284604408797,39.45581425578661,59.87866029987458,107.35818994729998,107.35760087464267,0.4663482150718275,2.682438945756012,0.840675605782112,3.523114551538124,0.9005424718298253,23.566223533197782
71.06740277506526,105.25214072481636,34.184737949751096,60.27537518932485,27.12350146586208,52.588452570334724,79.7119540361968,101.95859079129687,101.95800905140759,0.11749638123992041,2.816828687447186,1.1671694365041934,3.9839981239513795,0.9229233222353515,62.862673500913196
40.98914077205876,55.27523706370716,14.286096291648398,46.72037860436816,23.783453608793398,40.12469993773044,63.908153546523835,69.73568610222267,69.73519575317846,0.4521480415399723,3.3613977876815193,1.8135639188983965,5.174961706579916,0.8731571204457659,43.266963610773566
69.67253459300228,89.49843004940521,19.825895456402932,50.18053614637509,16.64710727209166,24.538215174156452,41.18532244624811,108.74168774436755,108.74113465087298,0.2016945714220965,2.830467300072807,1.6183704348946,4.448837734967407,0.9165078878152243,-2.016237532905147
54.44652950420627,72.14275392200572,17.696224417799456,49.02933783211877,16.322845123516405,48.928443356236684,65.25128847975309,132.09806487647177,132.09746846396862,0.3166755434211218,1.1719463052864947,1.005858690104283,2.177804995390778,0.8858679106317418,-2.316631643295946
45.847742799690636,61.522962781790724,15.675219982100089,47.4899674453156,24.496475105660707,33.9500731138382,58.44654821949891,104.17502361613549,104.1746058911116,0.4877588562734742,2.2874782177737103,1.4188862086357215,3.706364426409432,0.8813680795442452,11.671963182605865
52.846612421167315,86.20265024827722,33.35603782710991,36.62591916366723,14.59363168189369,33.795417307313166,48.389048989206856,110.36095853750271,110.3604373044528,0.12618721763560492,0.9094812064623514,0.7677837585070828,1.6772649649694342,0.9534897584950597,5.918422005790856
56.233828154382714,72.84026962875156,16.606441474368843,46.10529900206625,18.313009304823254,51.88667682863315,70.1996861334564,95.14468234529805,95.14423164579073,0.14678797661222806,2.2318340411879762,0.319688577500554,2.55152261868853,0.9264504529384892,32.489583807522266
46.96829126493566,73.22464370381957,26.25635243888391,47.44024006234308,21.14290217964729,53.93796594992011,75.0808681295674,146.31843255972586,146.31787255671804,0.3029401446804914,1.8661072333397501,1.0648445688025605,2.9309518021423107,0.9089141345667072,-0.703775734388991
47.73518047685985,82.62513614134437,34.88995566448452,61.11331008202057,25.97843846824709,25.508720227431688,51.48715869567878,85.13185148629353,85.1314312041209,0.27386617104802724,4.2060292363496465,2.0150298163892573,6.221059052738903,0.8613812775137428,48.12026227325171
49.59439066476715,62.54189337623649,12.94750271146934,34.90063895413211,11.847429839762722,36.81517433815235,48.66260417791507,117.66814357808752,117.66758581599522,0.2693106530662796,1.6569197192712986,0.31400960007582907,1.9709293193471276,0.922111444826031,-21.57471519269461
58.5545516201328,73.86128318584805,15.306731565715253,42.54755360503212,20.255434221736515,30.5279271136918,50.78336133542831,97.72118890506017,97.72074878319464,0.4900953244411956,2.749747551235379,1.2409562271629597,3.9907037783983386,0.8993278271987906,5.788162587689001
43.32777750948682,65.73675626362264,22.408978754135816,47.603971732040094,17.770684554799686,56.07548079885973,73.84616535365942,162.55881977374563,162.55832856987382,0.5018143223271353,2.486829710750387,1.4109306445248846,3.8977603552752718,0.8706333027041203,-20.110573569174733
40.328474275411644,56.287094050584614,15.95861977517297,59.999265754373305,28.943320287630375,51.92330008432955,80.86662037195993,126.15000010831471,126.14943734415853,0.5364316119309449,2.4978018182424293,1.7055749575791574,4.203376775821587,0.8570117918874148,22.22682379101103
49.16318744351785,65.9483764063249,16.785188962807048,47.02094637481565,24.051345956519675,53.856260945018825,77.9076069015385,121.97246112429914,121.97204763160171,0.16774097583523276,1.6387262642708829,1.2927634280276252,2.9314896922985083,0.8821129834738535,14.680533517962871
66.70401799432625,95.10186782910269,28.397849834776437,41.69651658998656,14.291198300629791,24.939018851308063,39.23021715193785,83.09205742603132,83.0914717920763,0.4045743906673563,1.371375721407681,0.47653160158036806,1.847907322988049,0.834909015673325,20.021644247778976
77.14083623823957,94.58640986099891,17.44557362275934,50.17298518689034,23.56434042812844,25.373697284665845,48.938037712794284,186.6738348036419,186.67339133396953,0.4633514842387084,3.041375347780987,0.6963328366659955,3.7377081844469826,0.9158505729456398,-68.06404960579218
40.83592914848289,71.42386691966773,30.58793777118484,41.14249131226627,18.850440723305184,42.46449985534964,61.31494057865482,143.59308843802887,143.5925882924103,0.22458040228876558,2.7878761997423593,0.8159011663227838,3.603777366065143,0.9568003672435876,-13.754556777574493
78.04954350484867,115.37634244192498,37.326798937076305,48.78666881652936,27.371730123417255,28.95891111695103,56.33064124036828,99.26412046328807,99.26357354945497,0.2899863339166478,1.9511450666830978,1.3931065275929602,3.344251594276058,0.9348192375928674,36.96863969383283
66.24440955788154,85.3501424025478,19.105732844666264,52.84039655103164,25.480179632063027,27.246755361065432,52.72693499312846,136.00833965059778,136.00791495117875,0.12122224744464341,2.5519811535770667,0.8854597359861814,3.437440889563248,0.9169182312954428,-13.656134238991873
71.06729261875562,88.83393274533356,17.76664012657794,50.27777469299058,20.19609340870846,35.6577200256517,55.85381343436016,81.07760445545397,81.07708270632718,0.14382314940379654,1.8451913171958099,1.2135511782550712,3.058742495450881,0.8705622484467266,34.49044000040158
57.421034305681715,70.15881116709687,12.737776861415156,52.47386243524211,23.661668693345774,47.28260503153621,70.94427372488198,142.6121323755783,142.61162926209087,0.16394191352819354,2.343804594121036,1.1833471863591514,3.527151780480187,0.8795684934314104,-8.924814327275811
55.847758295230015,68.9191244951561,13.071366199926082,34.78209169619295,15.340136420131303,45.037727945396654,60.377864365527955,92.1646953536333,92.16417818678755,0.4022356889864647,2.2654186803190366,0.4553862877883592,2.720804968107396,0.942161556410032,12.195436622414434
68.12006646024598,90.93029281457946,22.81022635433348,52.08041965586751,26.29270235003573,47.081321313168026,73.37402366320376,118.4646978280556,118.46416532899286,0.3585741534862481,1.6091760505086077,1.4954944788138922,3.1046705293225,0.8924455622026333,23.504570505576137
58.054526217197946,82.7072169659602,24.652690748762254,61.646120322653275,27.13767560015777,25.42802312065157,52.56569872080934,110.54419281347177,110.54370868786418,0.1188179590846367,2.340855978556146,1.4291275799766225,3.7699835585327683,0.8862458543288664,21.652758346715792
68.1672611367481,84.53735111205948,16.370089975311387,48.007673022356784,24.255248123069,49.61916649182526,73.87441461489426,106.1461394275892,106.14567967374722,0.30873339854134896,2.7351431090015828,1.2638497951621892,3.9989929041637717,0.9243358408372182,25.695400954505633
70.88052292448401,91.42151998644596,20.540997061961946,57.032458993827106,21.369563098822095,40.27272521302386,61.64228831184596,166.66224856471138,166.66181179401687,0.14322204948192901,2.2079756312744987,1.103816475859598,3.3117921071340968,0.8645825834715308,-26.71653694709285
59.87336939941823,76.59831235757929,16.72494295816106,48.704701706532425,26.908250395987835,36.13834725296038,63.046597648948214,138.65253277319022,138.65194495999256,0.18191175996940553,1.3764494930991853,1.0152719593905144,2.3917214524896995,0.8969590646492878,-11.435632366817808
58.07171914292589,87.1038703279359,29.03215118501,52.74187576815731,21.534370905319008,42.02476693296868,63.55913783828769,149.63202569877288,149.63154542361505,0.4803443322171419,2.26086073251947,1.4164092420417955,3.6772699745612654,0.9035788320902517,-7.640658031087086
55.03886702070181,77.53273820114435,22.493871180442547,43.5726892494834,14.717350718658619,51.915919500982184,66.6332702196408,148.08955702804505,148.08910058317755,0.32193446063491243,2.3926366516059288,1.2336924066433241,3.6263290582492527,0.8812169745125236,-17.04056272354232
62.141269266569765,92.37964221518935,30.238372948619585,62.23711230048767,21.636121715674822,25.353335900139886,46.98945761581471,144.00208929920313,144.00167878987085,0.4427085100704253,4.383171528327825,1.9796283872752212,6.362799915603047,0.904780896244147,-10.262246008976211
63.870789359340726,90.42397407077775,26.55318471143702,38.81798544937372,21.71339003242685,52.79682331330285,74.51021334572971,111.48397210714914,111.48342186586453,0.26080927344150423,2.6467464042031588,1.181169884577458,3.827916288780617,0.903838762800775,21.971629861781654
62.195702687891036,84.25323831522971,22.057535627338673,39.24698836932485,19.591573266120502,42.91725429984173,62.508827565962235,76.15989060716682,76.15938505804098,0.13581334370496187,1.9355236721805738,0.5693237073418456,2.5048473795224195,0.9060545999861692,40.78451276378291
37.811742582650496,64.48657864093138,26.67483605828089,34.55362188405424,14.193040214467263,42.282584337925705,56.47562455239297,96.57542045517043,96.57498226232892,0.44824048705163894,2.125142753713498,0.9753614475443018,3.1005042012577997,0.844188040928393,14.841125905589733
74.7777481298098,87.71049855411448,12.932750424304686,49.96617576666236,26.130477051660737,49.34344085022659,75.47391790188733,153.69316391855472,153.6925852437865,0.16029669852248118,2.525976317654192,0.7666456145146165,3.2926219321688084,0.9419730988845747,-17.683340508801624
52.21493185070062,83.16282507528919,30.94789322458857,50.46208198015435,18.877039549071686,43.2803926924343,62.15743224150599,103.23080940796807,103.23022265184514,0.27964889760143874,2.4514086735783507,0.8032690258938113,3.254677699472162,0.8585104343935399,31.595637777913787
45.969500621392385,67.36523442089245,21.395733799500064,53.84173461344429,18.99914363459046,40.7421943591171,59.74133799370756,145.20097134019574,145.2003952049335,0.43165771832051186,1.6828390224804568,0.617136406962955,2.299975429443412,0.8611646810432299,-11.154857245648437
48.563041443517164,75.5882749065526,27.025233463035434,37.43130882646391,13.708254324318538,32.88198257085232,46.59023689517086,115.45823770362483,115.45772550941719,0.38730721987077754,1.4584823729935144,1.2236166732304554,2.6820990462239696,0.9071384014678898,-6.785715091672359
43.243651285905734,70.79509758049316,27.55144629458743,53.97566141682245,20.859572341407485,37.25171675260656,58.11128909401405,104.2887945953075,104.28831993935658,0.504464847571091,2.391703865962515,1.2278919434258122,3.6195958093883274,0.8558260712863149,26.72403877416362
55.05992432161485,81.6719134488796,26.611989127264742,38.793531761138176,15.852611009733216,47.6207527796375,63.473363789370715,138.60973959105732,138.60930721391,0.47834712571980864,2.7203619136873236,1.3289849831333953,4.049346896820719,0.9084695463463186,-12.953064681814125
37.511029313236484,66.25640254321762,28.745373229981134,54.53727458848609,20.02006350099277,55.00868377462847,75.02874727562124,141.41026271577138,141.40978726710887,0.16073063510790686,2.9454396402984337,1.2383021600505022,4.183741800348936,0.8872892285858015,11.141810974791705
44.21206287270933,59.71804122837911,15.505978355669775,40.62970082183972,15.149195067718198,48.67457529859055,63.82377036630874,92.7272901124456,92.72676767831962,0.2030431921564053,2.8685790521997268,1.709619251685488,4.578198303885214,0.871717870775773,19.571321794712293
37.06643257172544,61.32471477045411,24.258282198728665,46.732054945390026,17.672814551229465,49.3367341899566,67.00954874118607,52.67075314293662,52.67030783226265,0.32212369823536324,1.6621713178200475,0.8523465702422304,2.5145178880622776,0.9446575239151491,77.92757310316455
42.62100254772062,56.713707388668745,14.092704840948123,42.87190793857851,15.609556810306055,44.06986509735178,59.67942190765783,188.83175116214997,188.8312583696056,0.17327536117028747,1.2028722981416011,0.9794309663374103,2.1823032644790112,0.9215276405663779,-68.69325273216208
78.54423365088748,97.83142556024697,19.287191909359493,43.093417204561206,18.807385200514638,47.38537512766291,66.19276032817754,182.85609477177528,182.85558015320132,0.36646818849946133,3.126485742119024,0.295764892241491,3.4222506343605152,0.8938091448389649,-51.90432786675532
61.524977455396446,79.90528819725026,18.380310741853812,55.09258634794382,22.453491240797707,32.25263123932404,54.70612248012175,60.708840616819614,60.708294329921834,0.24855631070457634,2.1647559764446354,1.3414729448217797,3.5062289212664153,0.9001447230730875,57.353567173866516
39.09102165621872,65.86284393556522,26.7718222793465,60.921382693361615,23.487185182844005,37.77651057873728,61.26369576158129,146.6329646083907,146.63254633816743,0.5025694529103933,3.1026903641900465,1.9380651931744366,5.040755557364483,0.8997467090095914,-2.8962582164826562
60.92322001450938,89.56421048107647,28.64099046656709,48.96356563721497,15.877043749354215,41.98726125940384,57.86430500875805,152.13747363625635,152.13690023700428,0.4882958627826044,1.3354816454548777,0.7346916181561893,2.070173263611067,0.9334778112535086,-17.947518840058304
62.628573393031125,97.30853344808222,34.67996005505109,45.35473481494978,21.306699490772417,38.43399123127456,59.74069072204698,82.75033165929689,82.74984044441531,0.1834216982441096,2.9404243569973922,0.3928434457239369,3.333267802721329,0.8425321709898453,45.082932315168655
60.608027758342566,87.24546244823883,26.63743468989626,40.72591589759212,20.379200376234493,40.77932270301364,61.158523079248134,79.92798230339521,79.9274659171853,0.1362205651096225,1.0069571600902127,0.6119727225763355,1.6189298826665484,0.8754868782466549,41.00715515452288
52.75631805984169,85.4108407636935,32.65452270385181,51.276058735736555,23.36095554639668,57.61499072879726,80.97594627519393,108.08888215916544,108.08829409580915,0.5254027317730355,3.4788523742873516,0.41974201085903945,3.898594385146391,0.855412569719498,44.8186884847129
61.884585114000195,96.4022050403263,34.5176199263261,45.2219185915169,20.796646320617125,50.559166476124275,71.3558127967414,68.87564132646668,68.875207730724,0.17874886777512825,1.4848792145783274,1.2613484126414898,2.746227627219817,0.9145386464834089,72.51849478212677
44.76788107003732,61.348146378819536,16.580265308782216,57.66670030800393,31.160133992572597,48.85497810858366,80.01511210115626,112.58838721679784,112.58781031959353,0.1728647418866849,1.833068386447381,1.469428771771216,3.302497158218597,0.8220423874902817,31.40111947529182
44.2018585834365,73.66842874498168,29.466570161545185,50.237037432584124,25.410453987752472,51.78195491719155,77.19240890494402,114.02090170576642,114.02034081968151,0.19200567577039385,3.247366501371607,1.5889061376781863,4.836272639049794,0.8903798238290029,33.698558997853546
74.41804231374135,95.03108029187375,20.613037978132397,46.00651102495301,18.855963588254593,46.646478703762405,65.502442292017,149.49630244893262,149.49570364345936,0.21703604714180175,1.9290488495498126,1.2221926730557644,3.151241522605577,0.9045403339659412,-18.761966487640272
54.19340240990753,74.02791962369088,19.83451721378335,61.95586071903815,31.016562970006284,49.97109552114533,80.98765849115162,131.27442755865655,131.27394895019964,0.177315248354477,2.218319414323522,1.9377960835999835,4.156115497923505,0.9595941596763032,26.072803510274323
39.51883493810915,73.0111112807912,33.49227634268205,34.32680164439629,15.521545421948623,29.236811145937146,44.75835656788577,140.41260112594023,140.41217575651893,0.2310697332698393,1.771596977719564,1.1717084626379535,2.943305440357517,0.9377887964964626,-29.080001925900845
44.038933243181454,61.04985213960157,17.010918896420115,53.02063505061507,22.909954302856217,49.09465706397243,72.00461136682864,191.4888078945554,191.48840505932463,0.11905199903703914,1.9352791171030377,1.5612434993360838,3.4965226164391217,0.8958798986646315,-47.542388152029694
63.118542954274574,97.60409783835432,34.48555488407975,44.523242232274974,21.838273411469732,31.494092018826848,53.332365430296576,116.27763767550708,116.27707915632948,0.40632103928256935,1.7108255826247074,0.7146284699888175,2.425454052613525,0.9474372663518812,12.536782001785761
39.58150238823724,70.83910413107343,31.257601742836187,37.04465612127664,15.570831752212756,45.43188143545456,61.00271318766731,114.88358322780249,114.88315590856399,0.23138718832545618,0.9657716980277085,0.6314615511694681,1.5972332491971766,0.945025439529346,11.900889361826623
50.21572533689457,84.25680648801472,34.041081151120146,36.57104633922816,18.504783354922427,30.2818077776971,48.78659113261953,97.10073729596364,97.1002760935401,0.4285299553749443,1.7979462250145677,0.43531500682301316,2.233261231837581,0.8854952173140734,17.388160847595547
46.88683442394067,72.32271611711793,25.435881693177265,53.248286231451544,18.827925431858173,38.844181062856606,57.67210649471478,148.96299778274891,148.9624003197414,0.32852830769681596,1.5792418555876642,1.1741888261044418,2.753430681692106,0.8311731489388766,-13.039514918664427
43.29365567795948,68.77924724376308,25.485591565803603,36.66295284919433,15.054240506016123,36.46398000575277,51.51822051176889,126.16739321790324,126.16690479891345,0.30772648583304546,2.416021098654977,0.5546146847528332,2.97063578340781,0.9305675395710408,-14.68296191582734
56.635260716349194,79.70867004094869,23.073409324599496,59.38160231986297,20.595817889930668,49.313221560879796,69.90903945081047,66.87812645891555,66.87768021777491,0.547310462920472,3.500987934245669,1.4964514141179404,4.99743934836361,0.8559933884448366,68.4294990942416
43.71332204591445,67.31193955110325,23.5986175051888,41.46822226446994,20.096099582046367,47.713650303663286,67.80974988570965,89.34072812101567,89.34017747430408,0.30044445452967317,1.5986446183682084,1.5757347612096555,3.174379379577864,0.9263467304849088,37.11092138323571
58.689769767767935,94.939660254001,36.24989048623306,43.53884873391808,15.93884855338006,24.317457194134366,40.256305747514425,89.22325981814313,89.22280550740628,0.2041282302533095,2.1516860605157824,1.2316622711151028,3.383348331630885,0.8883279855280621,24.193402061847962
40.003805664738714,62.90328911910175,22.899483454363036,52.90377026997952,22.367012086166255,26.189356639522064,48.556368725688316,106.4967160986924,106.49620989431733,0.3431972889266835,2.71948696377391,0.885681403497112,3.605168367271022,0.9164233118563413,12.752073364290611
79.07802576854994,105.4774837314777,26.39945796292777,38.91603402052868,21.008984492069338,53.183771512613994,74.19275600468333,103.6801502470595,103.67971878066201,0.16910056928616835,2.2258574595035365,0.8034316841461662,3.0292891436497027,0.8536351048569855,27.854232548921324
62.09455452305942,100.61306662561466,38.51851210255524,34.608354088117714,11.598608149196412,33.26665908107954,44.86526723027595,96.91030406562795,96.90981189904308,0.22488010869076694,1.4793290861692903,0.9002449177397398,2.3795740039090303,0.9024267509260746,16.674921850222844
39.838262050081724,60.941500692119476,21.103238642037752,46.85819730732792,14.75632752207475,44.85827055254399,59.61459807461874,105.69418539381746,105.69376367027546,0.4909103278471124,2.563417194849315,1.788401224714056,4.351818419563371,0.9070570836779378,15.455836916617969
43.18409634127437,75.08120379490953,31.897107453635158,48.00052116241703,22.078332953478842,49.59926642979007,71.67759938326891,125.19569562069258,125.19514100174962,0.4268757154615961,1.5657236391593174,1.286235864235887,2.8519595033952045,0.9428604305392225,21.78125619807391
71.35290301557902,92.63738996830699,21.284486952727974,45.13753550278304,20.08611000882037,46.71018339681396,66.79629340563433,160.23565707854286,160.23518405073875,0.31527968031786313,2.159792047837227,0.6524359747127411,2.8122280225499683,0.8682412326887576,-26.172590083503803
70.4563687078675,84.71918644390271,14.262817736035217,47.62196629526143,15.352302963899259,26.63297371148429,41.985276675383545,114.07259202831575,114.07212826757734,0.34653484387898503,1.331279947750852,1.9840654141400895,3.3153453618909414,0.9708962884876745,-13.460455430444046
52.41452937671394,80.2776942883922,27.863164911678254,54.02343518463041,20.011101468474433,47.52226659844166,67.5333680669161,99.43074119593773,99.43014243877668,0.30647058962808255,3.6488384010307606,0.5368442810617468,4.185682682092508,0.8924387567827681,40.603886240221705
44.1168898981035,69.1584440415849,25.0415541434814,56.641842027383284,22.359925679513424,54.99083254875045,77.35075822826387,150.51478756848718,150.5142216279819,0.13281093641818692,2.5094915027387357,0.901665888991356,3.4111573917300917,0.9003124808086097,4.479922892091315
55.11639516283244,85.84708718877371,30.730692025941273,43.42891108894358,16.208613073364322,35.418855174395944,51.62746824776026,152.63843646590445,152.63792568085336,0.18578835489713122,2.3597099180307706,0.2984144222395823,2.6581243402703527,0.9487067026285418,-28.171624498582485
46.126861709017305,58.26955310599012,12.142691396972815,57.02781523807199,29.109397303615808,47.57007830941142,76.67947561302722,93.3254845375759,93.32489569512856,0.338911180429512,2.6785726620533605,0.9970142902868799,3.6755869523402405,0.8682029652868346,42.117036714204
42.37252193387976,57.037954163605974,14.665432229726214,35.06969358600415,14.149208158230548,32.98886584903324,47.13807400726379,70.77421477476867,70.77377249502237,0.23863360072951734,0.8891401756270327,0.7832054767189618,1.6723456523459945,0.9119069282894781,22.057613384068194
50.04651179376665,83.74855488740911,33.702043093642466,46.98798565701196,21.23374369053879,57.45526973531894,78.68901342585774,128.09200612916234,128.09149143207603,0.18672895031481176,1.2786905691577648,0.779919027239301,2.0586095963970656,0.8701650985583314,25.271519439384686
68.14782304619034,93.56793695438117,25.420113908190828,44.20397060467429,16.621036856454854,29.78467717969107,46.40571403614592,127.4181174904079,127.41753167895712,0.3743698330441008,1.6259150178971116,0.2828703374682813,1.9087853553653928,0.8716610862039618,-11.916381360950863
53.39563013044747,79.7768660569002,26.38123592645273,47.057085782931715,23.914800380323097,31.590676491364924,55.50547687168802,84.95211534484632,84.95160140354034,0.3725853923187215,2.646325984453206,0.2786486932528127,2.924974677706019,0.8979756867129667,36.54279470214892
41.361335049580056,60.5568563956034,19.19552134602334,35.37320678613324,17.852131191840378,29.75843252673686,47.61056371857724,84.99447379688891,84.99401219893235,0.22256015338346266,1.97247787321914,1.3481226352526396,3.3206005084717796,0.8913022109758844,12.159250818135169
43.91189720092495,81.12595589431878,37.21405869339383,37.21162852047437,14.994817003279017,53.47228228171717,68.46709928499618,78.98554662865187,78.98498429744939,0.5354619360965693,1.234421700070125,1.0426142760717059,2.277035976141831,0.8605525994265983,52.57572291880992
56.60685048540704,90.02941332364942,33.422562838242385,40.857512974721345,19.62810924970082,41.598161854657306,61.226271104358126,139.5784231440112,139.57799538198583,0.46779875169442386,1.9879745739696566,1.2457513650021894,3.233725938971846,0.8545793927120405,-6.642793594527661
58.00815156918675,83.80350943668407,25.795357867497316,40.12326728229801,16.015224205163477,29.99344181732348,46.008666022486956,121.5413860975155,121.54095569745587,0.3636175075589269,1.7193340780413737,1.363038610055973,3.0823726880973465,0.9138077242867421,-11.934013360412143
65.68010172103148,84.44525073124734,18.765149010215865,46.018312158569124,15.167641862651344,28.83727210521901,44.00491396787035,128.31469546022035,128.31414923524235,0.1827931015670223,2.285760685159025,1.4886608687538114,3.7744215539128363,0.9243576480757661,-21.706680254498927
61.48090337088504,100.05863530139654,38.5777319305115,45.47193043343693,19.077071790872033,49.53879452211775,68.61586631298978,73.7608050618965,73.76039119552661,0.42424297311790676,1.8698329360737078,0.31063885635838184,2.1804717924320896,0.9346645507206299,71.31530031751493
61.48833284893524,99.51903971447551,38.030706865540274,38.734312531761475,17.317397126840863,25.300270931795772,42.61766805863664,183.23572529854096,183.23531517238442,0.37853543127116096,2.6662378669263713,1.1907949127560884,3.8570327796824597,0.8889593300681494,-60.52763703717008
53.598892007102414,78.28766610104329,24.68877409394087,52.7922114561441,19.95211056998985,46.086992523634976,66.03910309362482,77.48427025265597,77.48379443771168,0.3042356794118869,2.3988677990557914,1.134325240288846,3.5331930393446376,0.9118127463113189,56.713718357370055
71.11312742813132,98.32957748946862,27.216450061337298,45.74133633605541,18.577658455590367,43.92226381310635,62.499922268696714,146.20944563575367,146.20896605445415,0.33416657731845023,1.9700436408577258,0.9895838974687099,2.9596275383264357,0.8823244231094062,-12.392291965817186
70.06271101528932,93.60783591117077,23.545124895881443,35.94098208518629,16.42083900338202,49.020675097805416,65.44151410118744,154.54021760729015,154.53972367722682,0.19250692166787103,2.0266293808903897,0.9970974762775371,3.0237268571679268,0.9356066614883874,-30.71441019691578
52.95759932992656,70.99315763826749,18.03555830834093,39.61993529791737,21.376899151813806,47.59656347115213,68.97346262296594,166.9978008002448,166.9972526538139,0.22112577888927318,2.486039531096036,0.6373176261284317,3.1233571572244676,0.8619296836923632,-37.67734208768513
60.69345482598901,89.57542577840356,28.881970952414548,50.23476287618801,26.379389460853982,47.294973960357666,73.67436342121165,129.85823353579184,129.85771976520059,0.4719116808054541,2.235318995150277,0.8985646514266789,3.133883646576956,0.8915670161558404,17.231834753429474
38.191737340973816,67.28726513472941,29.095527793755593,51.79864150821795,23.425672143871033,24.606875339065063,48.032547482936096,116.02255707186177,116.02201436214632,0.17150477798998745,1.491725962510306,1.7759801092967418,3.267706071807048,0.8645075600921357,8.182989024817731
36.748331855173625,61.852098665323446,25.10376681014982,57.773865708785934,27.26045758095452,36.492920180295535,63.75337776125005,142.9819978768585,142.98158789794914,0.3600909279518874,1.5911643302176584,1.5364452696952162,3.1276095999128746,0.8514367725968293,0.13769593374479963
50.05203451719964,83.29909593579751,33.24706141859787,39.602495897951336,18.67787781196319,25.784364032634,44.46224184459719,68.85887727633596,68.85841413568534,0.5031373802466501,1.6071708490824679,0.8875351565697548,2.4947060056522226,0.9119251320686936,41.45205081291175
69.61253818390315,94.73482558508789,25.122287401184735,49.51239262048937,19.31202175581901,37.68147704993834,56.99349880575735,105.20540703740005,105.20481375601754,0.10615305406740506,2.942298290825236,1.6967579756442108,4.639056266469447,0.8999866300901226,19.51005034080067
70.69460303635262,103.95451710246017,33.259914066107555,46.669114423023096,22.372955407627924,44.59505814152197,66.96801354914989,141.37684250734256,141.37635695429208,0.5348863737786465,2.614776878452337,1.4996524980638215,4.114429376516158,0.9071140491057628,0.7904313645534238
66.1075589373628,84.86479437163308,18.757235434270285,58.796066003067565,20.86021528988739,43.79348361135232,64.65369890123971,140.03598495520444,140.0355404568702,0.40923876811301396,2.196144128984758,2.0723693207052762,4.268513449690034,0.8878263547673462,-2.225152388737168
65.10618223629704,102.27390180901476,37.167719572717715,54.22126488699111,29.13129864672262,51.993583691548146,81.12488233827077,99.67376377255474,99.67316535531603,0.37791002361014137,1.3225135948439715,0.7449259108191018,2.0674395056630734,0.9674308658395564,68.10263625265148
37.30348114804921,54.2189448674345,16.915463719385293,37.29723246352867,13.642996548589474,52.337792140428924,65.9807886890184,196.31970626367647,196.31922400004845,0.359514345060873,2.0394187922499345,1.2992325248726808,3.3386513171226153,0.8894594482994843,-71.00012631589043
69.56427425701781,85.43645178727819,15.872177530260373,61.94252895711861,23.92600310959952,31.13973522484834,55.06573833444786,194.68647964452003,194.68598388814917,0.46344330373865134,3.131767901280531,1.7694609151670928,4.901228816447624,0.9334220777370476,-62.698158087747125
37.774436385439415,63.33280166036972,25.558365274930303,44.81572678914082,17.405342355956027,43.76489507777971,61.170237433735736,132.34664694252604,132.34620218308766,0.15892414626568732,2.6687922109104973,1.0592809673430312,3.7280731782535286,0.9061185251265451,-4.248671977790066
69.9837901152378,84.21550161440103,14.23171149916324,62.95989691770314,31.901792853630884,47.776054228297696,79.67784708192858,84.80332492787345,84.80279365725868,0.404372399123264,3.483090493125597,0.5509023964728099,4.033992889598407,0.9183210290022219,62.104486880048135
