FC_actual,FC_baseline,NCV,EF_CO2,OF,EC_actual,EC_baseline,EF_grid,M_captured,P_CO2,eta_purity,M_byproduct,EF_virgin_displace,H_recovered,eta_boiler,NCV_fuel,EF_CO2_fuel,P_fan,P_pump,t_op,M_solvent_makeup,EF_solvent_LCA,gamma_slip,D_k,EF_vehicle_k,M_trans_k,F_SME,F_perm,alpha
55.479120971119265,76.55782676798,47.47971110221185,0.05678933529808082,0.9952301549563979,414.82999119762417,508.51519195140156,0.00043221740228483705,106.20106279997306,0.4397,0.9535592800192045,92.15779637524348,0.2029306204100263,33548.47137154131,0.8641285463918966,42.590328476998465,0.05966195490591373,57.80616606554215,17.51780836499795,3953.288137958137,0.18215232294510714,2.071246747293624,0.020893542556965683,94.48519172309263,0.00016487273145387795,92.15779637524348,1.0792618203703352,0.9525901691917401,0.9054720690642645
48.77756879504105,63.53486636199073,42.840332428136946,0.05737681251151121,0.9984547819165034,307.13467876898557,378.0073671126816,0.000441536450354135,104.07357368254446,0.4397,0.9738638441782235,91.37769599180709,0.16952458945455795,18056.63170264821,0.8272082328687095,41.768169607517905,0.05827571897322478,32.376269215797016,20.60387902741956,4934.751424629347,0.12313150926091553,2.0634147505842084,0.014741749263625134,62.43775017903671,0.00015186308055853748,91.37769599180709,1.099664517253767,0.9898858435135449,0.9078546687781984
57.171958398227645,80.52225025499308,46.066251686726815,0.05725921982086153,0.9983336056899873,455.5603567239633,510.1668467341824,0.00040048227948633557,80.39476393757619,0.4397,0.9366835081430691,69.36311129126484,0.2190362311953684,25119.155140776587,0.8600916444070207,40.3752791519401,0.055515163512353694,49.02751337586221,32.961205359670785,5848.388029965733,0.09542444105046313,1.9262220427262482,0.013548360640762779,30.18697365763126,0.00013808136782458779,69.36311129126484,1.0232781847006207,0.9871745839803658,0.9406132779886791
53.947360581187276,72.85481880161399,46.8868432561856,0.057677624484385265,0.9929878523421548,272.2931480789352,368.55618002720826,0.0005049268312790576,148.75434122461155,0.4397,0.9215586535967937,129.60215441771248,0.18920339010613502,26694.563096258877,0.8307034185792205,44.954859930179495,0.0557337212127224,40.02504374693804,29.766309565630916,6409.962115339902,0.06672327187550349,2.2349027526333414,0.012262777612297193,25.309479449744813,0.00015777127370656966,129.60215441771248,1.0395935547729147,0.979901046172333,0.9050665751166493
41.88354695775299,53.77394208395239,43.41153833049387,0.057417318095026905,0.9985647729622433,361.5180470259874,492.99558187780656,0.0004389363393723902,122.45540826611341,0.4397,0.9665393002210353,113.66224365146668,0.1682753338438534,19198.51019985949,0.8270986106948756,40.87386863362524,0.058178820644434984,38.980679785547515,33.589190352820395,4383.357434848914,0.07035025026417557,1.8797714813457027,0.011399105647079468,40.82401769786979,0.0001433368539309831,113.66224365146668,1.0678192598706853,0.9580410334101338,0.9107554029348078
59.51244703273512,71.66822695456813,43.6572441807394,0.05574180124923833,0.9883340820616493,255.24176514475474,378.20996450418613,0.0005448485151453798,108.16300367467478,0.4397,0.9621426595983184,97.88574945137292,0.24437847515963293,19019.4047853794,0.8297518029169647,41.27654237488022,0.056078098383816166,59.47328498822444,32.63666683922407,6004.748030749242,0.24188606375270333,2.345226253600994,0.020162530953606893,92.22680362271039,0.00016720953023731508,97.88574945137292,1.053215556266021,0.9895410477435788,0.9360568555650782
55.222794039807056,75.61922544375258,47.78711331683521,0.056667632214627284,0.9800723248956988,348.5901849157526,439.45026167847766,0.000592442771123521,118.0638175324525,0.4397,0.9527294987404517,100.6333845855773,0.2006798746865605,30640.658652856044,0.8505042073922812,41.17957881247309,0.05964152737438644,30.513449787858917,21.25158843950625,5925.130797049967,0.20769132393495898,2.174907726463295,0.026840415536686327,57.36497201004947,0.00012018480167501152,100.6333845855773,1.0710044965237315,0.9752316913186408,0.9214306831674001
55.72128610553908,68.31544515217026,43.58758563207695,0.05589223587728074,0.9812514223169232,245.73995269351587,355.21021988527593,0.00044175109779981403,82.83689238673837,0.4397,0.9689205637837528,76.94325030963005,0.20280366475123654,28437.03834104413,0.8587289505914654,44.53970703342851,0.05960343600392943,73.60855401965233,27.64754868962073,6694.618054529932,0.09899184999420146,1.829340407473965,0.012535175427332026,65.41075813875254,0.0001690906869571987,76.94325030963005,1.066912346651103,0.9886430175146917,0.9453720094139184
42.56227265351092,60.17166317724157,44.57974229940029,0.05598935613865451,0.9821897465140162,248.47358731145658,342.09823940607833,0.0005298194023527064,92.15556687041682,0.4397,0.9704050623588879,86.71348939761538,0.2481371910214806,27943.750736303205,0.8687154916034582,43.81844196361765,0.059743279300786066,47.79259527021695,22.573913562435465,4729.490984750366,0.1558294473674926,2.1953992198489525,0.024012380568909968,30.187639851754824,0.00013839451665184562,86.71348939761538,1.0830391574319609,0.9517031562916747,0.912946405812056
49.00771875791134,73.884335896842,44.5950935594542,0.057795833107689994,0.9819070690636572,383.6670131126047,491.5686240916225,0.00044236689229170225,123.63519474743818,0.4397,0.9552741984810904,115.97512003259568,0.18664061371704935,20339.7491596603,0.8277137323278778,42.286648997196686,0.056464763039060964,43.44615878002073,28.94208663252219,6300.3307135974355,0.19284654487001346,2.0169085569034904,0.018252415408471997,82.30375997880594,0.00017757759380879884,115.97512003259568,1.0256722336112598,0.9569388286934069,0.9135318485866111
47.41596048465163,57.47607455565172,43.5182084995781,0.05704568771520122,0.9870340478170052,279.13581265273,380.88633709208494,0.00040360137179594084,115.9983210778534,0.4397,0.9779556675112362,108.14543057937875,0.24430206845624497,25135.38848494414,0.8569712048431498,44.7771151697593,0.058584749539801584,71.39884799718558,21.96914043301826,6307.19951198938,0.12050758040049854,2.3578589066283873,0.010704484779411723,100.34482104019519,0.00016554989205746183,108.14543057937875,1.0552492855942759,0.9770898754084631,0.8830049859501535
58.53529977697204,68.7839968054354,46.654746518622545,0.05792377123975332,0.9940254161421872,251.71016796927418,369.8068279817901,0.000551710838842917,135.0952376049343,0.4397,0.9631827168570396,128.23532357376567,0.219492536113548,15461.399069786557,0.8664303759646749,40.263916903932206,0.058315069534674246,51.90024639480802,15.026347437601185,4461.100351168527,0.1379976116319569,2.361645291893825,0.02071944620009443,82.46832440043619,0.00013446241708594734,128.23532357376567,1.0888043031751842,0.986287188445827,0.8938112214563272
52.87730240161329,77.77357113057089,46.63109605937493,0.05625073761015623,0.9958129761320099,478.93047504052197,579.7013593938343,0.00048680093533017856,126.11198833117359,0.4397,0.9606125225697577,114.59042173891527,0.21330956327447997,17598.921052008558,0.838744310290473,44.46835190610826,0.05517801890668886,57.6446363168375,16.87876430343571,5836.168215930339,0.19367638391454128,2.307557029111708,0.015040165322663527,118.46140818253062,0.00017872794952388888,114.59042173891527,1.049020952427757,0.9570312885117124,0.9177999521236253
56.4552322654166,75.22481477742909,44.26990808534271,0.05661231272006193,0.9918042654868925,212.90097522201532,356.9620750387712,0.0005893573723029306,122.1004973185571,0.4397,0.9416853075535188,115.53866553620958,0.17344183019424805,25365.017255215826,0.8247829347620462,40.302136678440796,0.056327825381731395,61.31328368866327,30.42024652445548,6030.583515606471,0.09549086295062675,2.140709341184371,0.022105081860810047,21.634139151247116,0.0001499748355198033,115.53866553620958,1.0603031044216198,0.9626839295850049,0.8930977445879807
48.86828397654662,60.77193360932432,47.0107547464844,0.056461346259749266,0.9829287234911396,369.54443380876614,462.3472519669348,0.0005068571764286811,137.06859930137193,0.4397,0.9201355147160005,129.51398439658172,0.155175567238779,21193.445512638256,0.8293567577839908,41.95565347967282,0.05603383364839734,69.21350730680086,16.68010489544522,4587.9422854401855,0.1552688716933316,2.3515066147831267,0.016986460216777424,21.566982725052124,0.00015137542783587586,129.51398439658172,1.0217262901034907,0.9735270932603436,0.9117508376977609
44.54477443569554,68.00430743200694,43.27844960639401,0.05532186117257118,0.9949580320429635,364.4791525499796,416.0707828539507,0.0004314965737951368,84.77841738863304,0.4397,0.9344565604336507,74.7172431640287,0.19377838382851387,34313.39513793033,0.8254935188536273,40.27002439188245,0.0568540430086917,35.838389541767526,26.988453664804847,5226.479983312702,0.09201763433724647,2.189884913443715,0.02332904636525918,70.00056031150402,0.00017457108804563192,74.7172431640287,1.0379339116067439,0.9899864408062492,0.8998322026089295
51.091695740316695,74.29740024223207,42.02583465400607,0.05571010598357981,0.987096038382752,275.1826623209179,348.8200158618164,0.0004899548883594556,128.36207575018997,0.4397,0.9658352304088778,120.19097930767295,0.15101709619957251,24429.694465340213,0.8732327158613606,44.99484495878843,0.05976526858272612,33.67439305914106,32.155570247183846,5168.799818123374,0.0506155202031052,2.325077433282666,0.028370067258620575,46.640805887705675,0.00017510418404890712,120.19097930767295,1.0570924097265877,0.9819866034713232,0.88145693314974
41.276345122083505,59.31935131875413,45.42700417233445,0.056582909081813446,0.9802598669734359,335.83152353384537,435.892209344511,0.0004405783589612033,130.09134993023108,0.4397,0.9625922752662305,120.88703132523139,0.15710025107703834,16671.283127137012,0.8426021001016141,44.57194751250301,0.05922800819479169,74.71698529506327,29.822024736842252,6384.634446135729,0.1880527471130008,1.8960319195626854,0.014890891241629182,88.65104053510038,0.00016181295025299798,120.88703132523139,1.0519174501011475,0.9869425111593156,0.9132576599277241
56.552623439851644,75.879503887763,47.96446663471427,0.05520212291539902,0.985611772410655,226.32133492479065,330.37852011365686,0.0005756058545373149,99.26144847760077,0.4397,0.9398613286898057,92.072922243159,0.2095326755694373,15356.846945106248,0.8514009163081472,42.923994776231154,0.056467122956841385,30.399771073173174,23.268775896390814,3602.488521289477,0.19145297192424848,2.342508188058722,0.02879680937975395,99.32101535531324,0.00017870697837373524,92.072922243159,1.0771723901528114,0.9770005013839097,0.9252388987577649
52.633287982441296,66.73109585495445,42.23186585896131,0.05779438578792667,0.9866120110828196,416.3810437771657,521.619522708371,0.000538180636177505,93.69547455411761,0.4397,0.9575349784723063,88.03889859099269,0.22244718330730273,29505.157476953427,0.8661212891082589,41.089222869991225,0.057650157655496616,61.868763912676165,19.17208430586306,5403.6958012440955,0.24914453971938405,2.1969544167392803,0.014086177205006638,30.24359087829997,0.00013973221857524498,88.03889859099269,1.0689503985273237,0.985094850826666,0.9036763587524426
55.161754801707474,65.91955024728755,43.247988442250765,0.05537153104583011,0.9854849107043621,266.509144513047,387.9643543400552,0.00046824776093094074,94.96967328191994,0.4397,0.9317172487683882,84.37286226166286,0.1667948331924277,18430.134761006277,0.8422899053272433,41.383888625987346,0.05596133060793331,57.49794128813795,33.45074975483655,4263.626928829722,0.08620308887895992,1.9819643538832339,0.011413897644467262,111.73382027462357,0.00013394019506411596,84.37286226166286,1.09042260177316,0.9702818012926823,0.9343568873070449
47.09051936259737,66.00903349596034,45.113487854922504,0.055593942239250724,0.9962374030637517,258.01560794796677,335.48042220971956,0.000505564064561428,93.86986044023959,0.4397,0.9358176631561427,83.54469175583098,0.22325004126737738,18756.24738010118,0.8589461592776567,42.247716830285604,0.05638716996147969,54.86479597691251,26.327993635701198,5928.6310849995625,0.197916065013148,2.39868811630854,0.013854019747761594,22.99229378061011,0.00012175540328683234,83.54469175583098,1.0883816561357922,0.9549663453976877,0.8902237751556219
59.413960487898066,73.8352883859395,46.85964441866923,0.057295963671815914,0.9951985279518818,294.46354348325093,410.95391138739865,0.0005338960376426057,116.66475336325162,0.4397,0.9768444856341498,106.63219483804606,0.2449725826594752,23476.144452813423,0.8246007911931063,41.61390091246173,0.055325016245074424,65.3622581631042,23.108401185341116,6049.327906695418,0.23959348487252757,2.2121303804126837,0.026298333990310965,88.84039277944967,0.00014078069630866726,106.63219483804606,1.0392975872613048,0.9783822967692598,0.8863904214795472
57.862422426443956,77.81673812634924,42.53425203045032,0.055290803625367944,0.9939110406082529,470.7109760789426,591.1142033908638,0.000556571543329085,89.49384179560799,0.4397,0.9447908343761356,82.67266178459063,0.22431760807261966,20281.211783069295,0.848854338854116,40.106569527174706,0.05821303250458418,74.66128264359564,33.84115398046556,5404.0554312969,0.17891606736222115,2.3450496348124372,0.023551124905290835,58.45007662572891,0.0001561580005987251,82.67266178459063,1.0214110983227096,0.9740589968959958,0.9454389045832243
55.56766994147524,78.11134759411425,44.37140792255337,0.05770083429884623,0.9827801015702453,438.9399944850628,530.0680697471455,0.00041602944197410835,126.15001029935453,0.4397,0.9346992556579313,118.32539321054958,0.22847152195750328,27331.541594923787,0.8257911379702184,43.28128004058567,0.05828460387248165,32.109861967226735,19.300354877438217,5551.306350423876,0.24262811209401708,1.8033513125862106,0.02941668306522862,86.74392128098823,0.00013832274299499785,118.32539321054958,1.088357661576301,0.9694140025645943,0.9445159583394908
43.892774157039355,54.16518231575482,46.48245480377932,0.057177102912167606,0.9961566781941257,484.0676873401273,574.2845972547595,0.00040450376839904937,87.35547812641387,0.4397,0.9492264948103395,81.90314508254917,0.2200712580268372,24713.850144475276,0.8348970484408137,43.067139520466505,0.059192508104017216,57.65387216894311,23.84563744907243,4734.209480598607,0.24888819705555687,2.1314030457295114,0.024196546208498614,29.763632161089653,0.00015477721542792567,81.90314508254917,1.0463296691284028,0.9609996366207109,0.9084580973953666
49.33442007454069,68.2701266948266,44.22925925043817,0.05520586257132658,0.9935435192332664,395.5887038099256,463.4811823755706,0.000422890539433978,81.88227482171793,0.4397,0.9432209527872419,75.50642653483929,0.1724737440454751,17229.012029544603,0.8376004496557281,44.5215535160942,0.059357759067136265,62.25499508425728,17.172914183270127,4727.961645481337,0.21032488035430785,2.2275195741436216,0.018252625300732676,113.70803194387888,0.00012290314512983206,75.50642653483929,1.047768776739248,0.9813681204876943,0.9093952321633532
40.87607531574457,54.345283411047355,43.13301852285383,0.05707554118385696,0.9838967537296278,398.8764533096263,490.27519093516366,0.0004789992620345126,102.35031697121099,0.4397,0.9637717422409463,96.79159733727887,0.18608899421558361,30694.816958188967,0.8630550282332168,42.384270200527254,0.05580029699596861,43.76726877778584,17.497605217990763,6282.421415461298,0.24985718174117533,1.8082421334712269,0.027848619482657523,113.74083398400184,0.00014124546387877387,96.79159733727887,1.032671583855878,0.9828164032566595,0.9395724905858132
43.08578984135096,66.19411730990798,43.17297496437953,0.05689488562651396,0.9929618786056303,344.0092998278651,472.69092899856633,0.0004933413220164184,93.43018066131287,0.4397,0.9777269663894529,81.08458397605877,0.24492669627698171,23517.17708828496,0.8604462511773552,41.72354480899194,0.058715204730814936,70.1787623214419,22.971925119936703,4074.232922734751,0.17516489186155232,2.2575355350737096,0.029162570364169194,71.94008141761117,0.00016488029438884168,81.08458397605877,1.0754405812917787,0.9645674250974039,0.9171364782632172
53.660979064849094,67.46594666327653,44.460292721489964,0.05727204829821976,0.9896702328200736,471.5558970100926,612.453197565081,0.0004272923260427697,149.20634387870575,0.4397,0.9555042454674615,141.00506570089874,0.21612105789701186,27216.68639178601,0.8648248053358639,42.557585914588834,0.055673538164136664,50.56467786523703,28.99320711970198,6377.411932895855,0.14941113852273546,2.1908689159005883,0.025833098419202116,70.95845340651445,0.00012625961161145802,141.00506570089874,1.0424087134688635,0.9871106623837823,0.8881979651787039
54.895243118156344,74.05679511668762,44.876502448835346,0.05748459355746801,0.9887870012371245,353.26314478109873,462.6244639128953,0.000482230627579921,101.20974104320521,0.4397,0.955468831216215,86.67796021410467,0.22890247339340722,15078.846650653635,0.82370530283424,40.9734749544792,0.056868575058729054,37.4015307878376,21.777878883083666,5958.0474537669315,0.2335272508740438,1.9648557921556178,0.02113279171670202,83.48081878137043,0.00016289024733933094,86.67796021410467,1.0341394480849795,0.9647896677747444,0.8880411409902601
59.3501946486842,77.65330725002838,47.17088650689608,0.05715505168951947,0.9822424632694478,306.5180212385074,386.4550555739373,0.0004883245572723661,95.54448602178596,0.4397,0.941890031523409,86.52147382461202,0.24686946188446773,27528.00066873074,0.8796348527303828,43.12770175912393,0.0575776828577961,68.44835172091351,28.79195945206004,6784.1088647597935,0.21619116828679702,2.213366967808649,0.02651531562611125,78.00689505475377,0.00016579866678056933,86.52147382461202,1.0602712592849264,0.9543024997925112,0.8891791516816787
46.51650716276304,62.459004663651776,45.85351451140796,0.05675852888581292,0.9903660855169033,392.11250297529955,510.34147484127266,0.0004218179927354973,93.77388764494502,0.4397,0.9538778559185177,80.55361642944283,0.17314369205126656,20656.99714061869,0.8232652017225861,43.85016441395081,0.05524734957043538,72.43165291910898,31.103809385047853,4536.520891919271,0.07202241466874713,1.8785406233981663,0.013580894146685632,74.35465668275114,0.00015412569054701244,80.55361642944283,1.0800332724737154,0.9566611347004231,0.9346535643034889
47.40919412069738,67.57350557469428,46.142411727093005,0.055967389955745336,0.9819986361794473,363.84184802028904,487.8564688898894,0.0005833319920391468,106.16970333624432,0.4397,0.9391597319832283,96.27469733895603,0.18216866673265536,24887.41486419987,0.8695448674863493,40.76730856687846,0.05578381855772727,34.47817132659346,32.551558293066726,5422.244586538334,0.110544529359753,2.294422319261284,0.028007000458587727,78.91911488859331,0.0001731652531842582,96.27469733895603,1.0415678878019976,0.9697806188163567,0.922132738591541
49.39111622551616,70.27766074624766,47.89792302921544,0.05709182098548979,0.9832850677450853,237.20594459296865,320.4272224710349,0.0005198291855175415,122.40942267321046,0.4397,0.9200655244587406,108.82331974032056,0.21448016528344996,20954.412076425797,0.8644161360088322,41.591916088176646,0.05635558049995019,63.82563902195489,15.89439008107474,3740.362241505235,0.10212902408599711,2.3197350703551023,0.029991179649730713,105.86301721786694,0.00017727381073353907,108.82331974032056,1.077763120079108,0.9531945197340455,0.900983633377635
43.78942718168572,62.29349411147652,44.47106064180584,0.05787091475389234,0.9826509262854952,317.81762417372886,450.4724103226835,0.0004777071060912564,134.73616925323978,0.4397,0.9719657703727091,115.62531808281042,0.15243574737840074,34925.21489284486,0.8555057074295092,44.339004896831995,0.05563771164817095,39.675639862434885,30.47463309946183,6885.023670197227,0.22105233187554174,2.0912861581670983,0.023302803329106905,81.10667795807842,0.0001220806489772227,115.62531808281042,1.0569580087736858,0.9787365017605336,0.8913451394282275
42.59843010670943,63.97476366448074,44.42012641949477,0.05676256534158663,0.9990821655814002,293.997623328344,351.367206542178,0.0005013814366944413,105.52033734201478,0.4397,0.9457666451313024,96.53123713103068,0.20712190773337058,19616.84629423247,0.8463314299086993,42.52765874316911,0.05967048136103166,30.302499795105977,17.942842444480362,6031.40925844497,0.09664907086136075,2.104465300768993,0.013917780791600168,39.58343547967447,0.00016074498144423246,96.53123713103068,1.0523018178591281,0.9818038342119136,0.88864244644438
49.51409852451867,74.26535466441274,47.54008180635488,0.056993034605302764,0.9856972938088778,454.05013250333957,505.1255042633421,0.00046283949729376134,123.81796860299525,0.4397,0.9495253091032398,114.29881840853335,0.23086883795144988,33257.19202978513,0.8654279411962109,42.659183233387736,0.05644159594043558,41.72762202984247,28.965245865986684,5842.35089665719,0.110808954494819,2.0412326165198107,0.012888733243906436,111.39120403792083,0.00013423047014841176,114.29881840853335,1.0487616694508937,0.9719787333078125,0.9318971256149018
44.53818698101768,60.82727279952976,43.47525352203035,0.056311384126599404,0.9871040864719202,313.6527670919326,375.9498443551379,0.0005708662063289185,113.74419287955712,0.4397,0.9250100549255558,98.66382187598322,0.21104433738241252,33359.33263659834,0.8643914681961308,43.61204098526676,0.05750585832254457,68.47094258493361,22.433249312000036,6237.681123551772,0.15375773085914768,2.00720039112228,0.029188288112006938,41.59606185828458,0.00014449099854028967,98.66382187598322,1.031646477225557,0.9857339381192084,0.9420103798726374
53.3962798936502,71.11502567193317,46.3788914778172,0.057268362429229225,0.9864416121259207,446.4665697916678,512.0674045744188,0.0005150030083137007,139.2546742377379,0.4397,0.9702266308043235,128.0368290146838,0.1795393283896111,23420.013058687357,0.8282307001293883,42.889464076106634,0.059982671189628425,36.35327445526796,29.155865953897234,4623.583884333712,0.0652238973427521,2.3237389673120683,0.02742705642736651,36.51616947910249,0.00015738925695058195,128.0368290146838,1.0466107013479382,0.98817145866985,0.9171754870669853
48.74303837744662,58.930086546564816,46.52743882930881,0.05799300217701591,0.9979650089035629,332.7168781702837,470.6097814650558,0.0004989791628787087,119.83292440109047,0.4397,0.9302202242226555,104.00356488304897,0.22241040833360615,21080.062310467125,0.8675579483776522,40.3478988403691,0.05783321338465622,35.880099734930724,19.276484890159935,5773.896967508043,0.24224592852758353,1.9829239054725238,0.024973577031295338,119.70578290638613,0.00016273633621952859,104.00356488304897,1.0903401224501987,0.9679032435084263,0.9340897068029569
56.653563921156746,78.59399226581242,42.586727984672656,0.05548116797220321,0.9912593182266978,426.050169033683,518.5483392558111,0.0005821770806191195,100.29241703153701,0.4397,0.944637269527059,86.62653667614448,0.16460316246799456,22620.710937975822,0.8247134198460979,44.01980855931518,0.057057478874960425,63.25714677900703,27.899814378019904,6483.3188774588825,0.14821255530718117,2.041710007112635,0.02898238507230822,41.34166944530283,0.00017041145578447657,86.62653667614448,1.0281733539577647,0.953565086728924,0.899818988349415
54.00530204004498,71.80875304573489,44.809388434161505,0.05560721583851129,0.9983831979786663,240.58457855335698,318.07774775039513,0.0005675959396468135,129.2511080024779,0.4397,0.9704159328238329,111.768128349825,0.23947734692785166,34786.781747835965,0.850032768527712,44.614180186242336,0.05964896202962142,48.28618373540871,17.51028174123881,3925.0600009346313,0.08808674480584827,1.9799497778667074,0.020068075057367823,30.009335865940738,0.00016232321509701558,111.768128349825,1.0966640012081443,0.9592505643856829,0.9209964655417859
46.24733282764082,62.366754283049296,43.20337482792932,0.05661831327599317,0.9859984981165579,477.3950658975387,570.3025774962207,0.0005625603782851698,137.4045141616097,0.4397,0.9474669764128112,125.02544563450338,0.16009150310404555,27375.92454675212,0.8587049095940317,40.26638616495406,0.056112488776833044,36.68187326405709,18.39491095313614,7051.7408014450775,0.1041641475647483,2.194027656475636,0.027754928060047285,76.20072108693006,0.00016664393963179868,125.02544563450338,1.0285997221990255,0.9763046417485396,0.91066271934916
56.64519602790402,68.05627547424496,43.11225163681491,0.056444126191784974,0.982296693488639,344.1679672396755,433.6520565097387,0.0004451218408463688,112.58084597347755,0.4397,0.9758691401279878,104.46141187898203,0.23634911337624348,25895.604756412773,0.8693013314425136,40.60624878228776,0.05589750370419354,40.35001694169773,27.289238503291195,6810.792489004744,0.20961674941743236,2.2885309986669493,0.013256406279767582,102.71937436749931,0.0001559442719615647,104.46141187898203,1.0489625313839483,0.9662313753219921,0.8861385934526205
56.09528714993604,79.440133475067,44.78296866277726,0.05671470935352016,0.9911243690544835,277.9394736878919,358.0856404866936,0.00043062462229367135,149.10380672176234,0.4397,0.9325588582052414,135.63814802329688,0.19978094277362324,15718.357626788546,0.8477866130855832,43.509876011037406,0.05767682184520392,65.7570866243522,21.735429833007213,7066.86780206237,0.17680129603568445,1.8986014961664848,0.01365619436214725,26.075071986330215,0.0001270235450232975,135.63814802329688,1.0685044939040436,0.9774003757659857,0.914115674213233
47.74956758060349,63.67467618121184,43.73657824504839,0.05514722214317282,0.9869107398358004,272.446881909442,336.23684015063856,0.0005380193039425496,141.53678154339195,0.4397,0.9629139697972863,131.76156429165016,0.19286470034878017,31956.860607940514,0.8342114846539087,43.02236966257263,0.05713650868915695,58.047095552610884,29.07556146227617,6510.054632513776,0.14292520484467908,1.952845509537139,0.020246860913207796,69.01041752182734,0.00012128581889311761,131.76156429165016,1.087027312288652,0.9766694074461115,0.939275072429927
45.766562078604885,66.00528605174318,46.776362685755224,0.05621282936899135,0.996038136669815,279.52318657249157,395.11473276987965,0.0004937284512682792,93.7868268765844,0.4397,0.9786799114137036,85.26608114393565,0.20006617605754312,16676.10911614398,0.8494395769273964,41.912584994858726,0.058984930386577324,64.24179476549243,28.703188708053748,4659.5199327815535,0.11632027347760301,1.8624646251172465,0.016650193216890485,26.85023404569891,0.00015178698293529175,85.26608114393565,1.0314866254459203,0.9742147254644685,0.8836247762478197
53.649910079499506,65.89052242502177,47.44562934834289,0.056748934786196685,0.9975884681782332,310.0172518753903,373.6776921533558,0.0005367425425913687,135.07291105093663,0.4397,0.9529768182332187,125.58162458550854,0.17002063030929213,15939.447340687628,0.8350124866262272,42.696243244701854,0.05521005020652184,34.39979575446169,27.432679805101568,5693.599683484756,0.23013687260177218,1.8961103742161354,0.018650385360293155,62.86911178892829,0.000162932462877108,125.58162458550854,1.0312881779246745,0.9563133026759593,0.9133974183879808
42.795049672186195,67.21829411530169,46.81632363173019,0.05675557405391489,0.9894514702181414,415.255859802685,542.7983050699524,0.0005521254464222233,122.06658710448363,0.4397,0.9615310339186396,115.6766759332187,0.19576855795588136,20497.16172235984,0.8517235228873689,43.51669284000529,0.0580886291220561,50.61469272823706,29.610810824686354,4032.5847200582352,0.20451290805843592,2.0441289746734292,0.02596393972601066,54.3960128770325,0.00012653193530648142,115.6766759332187,1.0702702499729382,0.9614366118422849,0.9411284153242724
43.998164049502165,56.67479047682963,43.59618523572999,0.05697200188530512,0.9994271804817102,484.8809128702381,555.0497141982835,0.0004590627014689502,117.43679084654843,0.4397,0.9435935995760605,104.41257873934327,0.23497198158986585,24515.772101150364,0.8477504909863911,42.52238230940465,0.05855339571448938,65.86978128515995,30.878704813273277,6315.000233997802,0.1936224074699724,2.2655257738254835,0.011068149418845182,33.71294181330565,0.00014575775687253691,104.41257873934327,1.0434197305923822,0.9651144650618324,0.935305035063365
40.14724539502011,53.14037528851246,43.64480636213165,0.05716064808700799,0.9910602601268881,400.71122903708965,523.8483597504209,0.0004569300866245617,115.97570106056978,0.4397,0.9650802403835281,100.31831081024878,0.2300955242218799,32905.779200088014,0.8668302690250237,40.700941623178245,0.059859583804119834,41.960673789079394,33.22846564943648,4153.10279757413,0.13920010092344662,2.124970760981349,0.02441687668560459,113.10210234302158,0.00013537064380533868,100.31831081024878,1.0715601677614393,0.9829767195972635,0.9145414985766654
55.73848755004277,78.62323045840847,43.528370100704805,0.05692464161002257,0.9854184078677263,364.14988128323023,494.70849185277694,0.0004981663132516367,139.73877999477003,0.4397,0.9745324433914238,120.66998152383776,0.16630485344913293,30801.575981656773,0.8344054068065517,40.44718014566645,0.05572881600119918,37.61350357692129,16.610316589635204,6720.566165727236,0.24623203015196243,1.8319657667322982,0.01176458536906731,83.48869794523638,0.00015402558300821448,120.66998152383776,1.0856466562343625,0.9772889134705386,0.8919941247484581
53.29701713184065,76.98575829396961,42.810228576337416,0.05737072946616831,0.9897795103068855,334.57934240514044,397.11194338258554,0.0004547098627052995,122.7610952232414,0.4397,0.9621833340230318,111.68163135344659,0.21734209781290617,18952.64289011686,0.8319991110514203,42.19429367594191,0.05623121609354734,47.18027522177364,26.430980295568993,4466.00502904612,0.19201405935726124,2.175052049810387,0.0269500210056084,104.30563005782071,0.0001434301651454297,111.68163135344659,1.0261496408790036,0.97579737064011,0.939396833740405
54.1033075725267,67.28551868537622,47.66279020862227,0.056874281904053775,0.9807462058480585,448.45834011128494,507.13291694008535,0.0005334590552032399,117.63941895376135,0.4397,0.9761557226828588,106.42959478820153,0.23568372649654254,22441.59056854553,0.8484511203740176,44.61442378924417,0.05966221615784621,45.00209882274513,29.97553667240802,4177.482866218539,0.13472494499733179,2.277182501332992,0.014037996130713501,110.59445291815099,0.0001320880500260488,106.42959478820153,1.0875595298462226,0.9768854937884389,0.8907194207648235
55.614580620439355,72.66159394306177,44.41228678894242,0.056612522987611616,0.9960800232052613,454.897160733821,599.854437799187,0.0005493460891761433,83.42019347306343,0.4397,0.9553191591195386,72.44405954435985,0.23197675886188093,30604.805292377656,0.823030261911451,42.78889587354247,0.0581531442274165,38.34627504969916,19.338829133397546,3855.2557092875013,0.24211040874629136,2.036080680945938,0.024698778406959908,113.01853309884875,0.00012026356282436669,72.44405954435985,1.0230068285083553,0.9701280832580558,0.8993774499237971
49.1783155107668,70.18073907920925,43.34813684727524,0.05681858928666343,0.9820287010170884,287.91130232984557,384.2159830051036,0.0004944077892106489,111.38120088309901,0.4397,0.9546282464270578,104.49901175532082,0.19256324432971814,25541.848949381947,0.8337604377061303,41.79110034508925,0.055190245163677557,72.92752164103163,20.27242285953892,6160.914460982922,0.22914499930620336,1.9470075608233,0.021837587979753777,94.81146163693786,0.00013929150572285584,104.49901175532082,1.0919060948231052,0.9515852686187225,0.8886992634016564
51.374823919057874,74.5503099262199,47.080026303049465,0.05530358010026,0.9861749697700601,486.02607459602905,599.0496240933279,0.0005447599531197287,143.56290934318554,0.4397,0.9382776432865494,135.76383087017064,0.15480928403461158,18489.838840481585,0.8412222948512614,44.543530847605176,0.055386720011278895,51.73942820499481,20.339286886708415,4270.333596858084,0.1979930387088667,2.2583626369182523,0.017712442141456952,50.69483152341973,0.00015096972880117876,135.76383087017064,1.0980494513280026,0.9580448274999585,0.912130638009953
42.79593996255315,58.48173038811272,44.39517181594674,0.055819469622176564,0.9913063309400989,318.5346089619146,370.8606529740914,0.0005020875138141552,129.82157105412332,0.4397,0.9625776494698272,113.6356206563199,0.2431169422973749,22921.10405356667,0.8492577827536546,41.943160780894694,0.05892720280313834,57.36343602494661,26.446659429490364,4311.604123422192,0.20339922432401636,1.8143437433765552,0.015350725008378304,102.89326188553535,0.00017575254498020755,113.6356206563199,1.0733964161968628,0.955612086232016,0.9240438549580855
42.290601470719466,60.045893773460904,42.210700866658,0.05658219934197439,0.980859502512938,440.0234207574583,517.8944388130923,0.0005425743443934018,83.56677846393075,0.4397,0.9729171513053693,72.76061569979895,0.1895885115848062,27518.71609019414,0.8361662026735218,42.545732404671874,0.057837372492282074,35.44981089373178,22.323411369313195,4210.907773906002,0.13472549993878102,2.28935461464944,0.011149186325328183,72.01829114820698,0.00013364856089317974,72.76061569979895,1.098740424395534,0.9525598665757484,0.9378982817690019
53.36805923580943,74.49380539360546,42.97164942149779,0.05761896164620513,0.9815863379836289,490.04596342467,590.5857288806086,0.00044499364955914505,141.87945975057295,0.4397,0.9587789735677359,123.63265247141067,0.18609766372563438,34464.51349617669,0.8536381896825044,40.58249665314361,0.05782707740809437,57.451578965918074,28.32189480243198,4700.86244088658,0.15147010072603453,2.28255574892652,0.01706760413826014,47.16539218267705,0.000150735303957818,123.63265247141067,1.0857593473702885,0.9627790659193319,0.9122936325867299
49.42192412286265,70.38896377265458,45.83550204213702,0.057037154668863985,0.9939223271522603,411.09743025668337,549.7192615956237,0.0005477686091866084,137.8667054963938,0.4397,0.933982353235915,122.52795266562683,0.2259514944478813,28236.24109712818,0.8727048799867103,43.68700472759691,0.05939932821655643,54.98952119438087,27.204793639358726,6988.3611628622175,0.08830946780736859,2.3327915584165244,0.014010575132023518,58.57738099939198,0.0001539897920684611,122.52795266562683,1.0235492400107051,0.9815092076678539,0.9479504190109632
51.30472212962378,73.04912408001505,46.69743164503034,0.055271224235415695,0.9814355418612154,248.4652179353581,325.60915969179575,0.0005430248046914035,118.26789480986696,0.4397,0.9526465468833012,110.61864877010449,0.17639722154920226,15323.903244627938,0.8526236476814562,43.50151478571858,0.05620548959685614,71.93681974978647,28.14223666206097,5351.838040527559,0.1690792491067697,1.8536879643741748,0.012718250079039645,50.12235307731086,0.00015895365941153916,110.61864877010449,1.0203048755361974,0.9546052721457521,0.9217099891218653
55.29997714832051,73.8489844279434,43.26560633093228,0.056776824851333216,0.9895416573249475,375.84108655217926,503.36021853805124,0.0004533211414098355,81.56838256275971,0.4397,0.965356245017085,74.19427948074701,0.23347479231672918,29100.165532650564,0.8372103713041859,43.971219964296644,0.0558021549091101,48.55425604824197,20.046352336184526,4539.160581500761,0.12398330967181442,1.864655089142775,0.02476996245178268,66.62040400030274,0.00013971398105246712,74.19427948074701,1.0216638791537813,0.9544569006832768,0.9223087024692552
52.694366400011816,64.26359285208345,47.504373535596855,0.0556652139629113,0.986773912668415,235.63313692867354,351.85442975454373,0.000511194198208035,119.37007326236605,0.4397,0.9763617988923652,102.27094808251644,0.15760515608193157,20017.29614914461,0.8237188583201388,41.625956567138815,0.0580690297381104,65.19279452142976,30.347427516459938,4213.406734936052,0.11948766511407063,2.323651694356286,0.01425029982026401,98.13351381209121,0.00012596890916939866,102.27094808251644,1.0561525567935506,0.9549705607676606,0.8922701620738435
51.07158801315992,74.63118737633052,47.10598272031299,0.05720204967936617,0.9845615881591283,436.7426119606779,498.26968874125237,0.0005710623335748803,83.82123349484982,0.4397,0.9293957629712333,75.21261750426117,0.22407112007162108,32243.1782842763,0.8281999782848993,42.18026609533096,0.05941211548826941,43.68814403079549,28.28071101537388,3668.0451109395767,0.2396456402276132,2.085157660297319,0.014463160954323368,68.48673418425335,0.00017528137441093455,75.21261750426117,1.0698706088894132,0.9607928676502576,0.8933081224164068
51.184143214908275,74.1677313047237,47.09028452436649,0.05748232255752624,0.9837755779572733,284.39455216216487,363.7320694413645,0.00044990452939448777,102.42652717462363,0.4397,0.9276498254579937,87.98778415707072,0.24657894904415317,22677.79816452277,0.8536730421128315,40.84170855763599,0.05632625322333809,56.052316034754625,17.61299225262902,4913.973529446051,0.08295668663679948,2.035403104446519,0.016809629035080872,46.78585780909815,0.00017716532573121567,87.98778415707072,1.0585177458160424,0.958088285521905,0.920363830995845
46.079001961252246,68.05046349852725,43.365966880795284,0.05678036881776992,0.9952682258746516,408.5644469180056,482.35085056186756,0.0005471959568029353,124.02367332319173,0.4397,0.9447766118139744,110.45813898221822,0.24957687968741735,18992.300755086006,0.8610225302862627,44.8225243804825,0.05840647182395676,71.7136678759889,19.003457048181325,3996.2213072138957,0.21599471681870935,2.1439761390782195,0.01925306319243538,28.740307467903072,0.00014629386829481526,110.45813898221822,1.074170426065165,0.9505584446589437,0.9304615582628802
40.61635669135879,52.114293848769734,42.30321593190035,0.05677408782925513,0.9990308438630057,473.02690223905967,567.2796609963882,0.0005907933434293774,143.90391587175222,0.4397,0.9275366701677566,128.12514135204677,0.24238043600641662,24358.94373020469,0.8229800766132442,40.43038673703941,0.05576189515929137,58.12820898415033,21.019302926129303,3697.243184408985,0.10629371420161882,1.8351498420938641,0.020274254885794,105.57560871295988,0.00015483449771507116,128.12514135204677,1.0559682107290302,0.9610600925433741,0.8943294681353458
48.73434778464725,61.800308290868685,47.2045412368955,0.056015774329632444,0.9828035948440667,254.3029552010517,367.8363795058101,0.0005732483839515129,105.04569460816352,0.4397,0.9788257347503071,96.0995060289914,0.23707624054063095,20103.95948630011,0.8311329897828088,43.24506651837404,0.05585954347914574,62.002140769492875,33.720830156774625,3970.7269413689987,0.055731125804005105,2.1862297019376484,0.023290925376808262,61.73686067763447,0.00012174158359675902,96.0995060289914,1.023405104248831,0.9898517785862446,0.9138812374384815
44.29169345639058,65.44569893300536,43.83480137243141,0.056338750063483926,0.9991936243834826,317.85735158035004,411.1993271312007,0.0004803040165360552,140.20166480184173,0.4397,0.9454582620369536,126.87485117158575,0.177888022445773,19716.429769957012,0.8391448762405942,43.52628697282593,0.05950755028931368,69.41930363411657,21.526997272084667,4746.677459012662,0.058092615965765496,2.3670498921536387,0.021770440956758542,64.19225453746176,0.00012283293846691048,126.87485117158575,1.0380933363880818,0.9634594577142371,0.9049340042915714
48.17057287449272,58.517674293221916,45.713498287041155,0.05759232506144604,0.9918952500695021,394.13563642206987,468.5892939972505,0.0005214415465976277,144.28527072803615,0.4397,0.9520166311440743,135.26390317787465,0.24666483626297642,26465.23601546986,0.8391863865328301,40.7886823682549,0.055589824974531875,71.64409634889597,15.397581653306386,6303.109325177838,0.1358354985171743,2.205431936500231,0.019633677594532835,96.37215702325719,0.00012460004494959493,135.26390317787465,1.099409938928377,0.9584503612789529,0.9107134629257253
57.06806146536332,81.75643097097252,46.55980130220438,0.057169960992901475,0.9928332081072652,325.89757784285035,445.4854546656779,0.0005983540268505407,81.47307163201201,0.4397,0.9336252668775663,69.38470979952302,0.2427896593814353,30346.925417017592,0.8775044208506777,41.82661602915245,0.05512172768327597,39.37236938413802,17.832514753176998,3841.1505042066947,0.14089218122969474,2.0787210673855103,0.017878804292749406,104.97264958648097,0.00016432477889093526,69.38470979952302,1.0476691070158932,0.9698285571796869,0.8955491656610748
44.67878971730681,60.335959922642026,42.76975955106672,0.05655926097908753,0.9941985275628517,252.44568248741456,360.8927919585635,0.0005136874822751436,96.7599486426772,0.4397,0.9469475674122158,89.73516497381272,0.20343725070251867,31699.087483197512,0.8322262358765453,40.215632833812414,0.05887470224055392,38.81271142331333,15.643436473016257,6043.226125523695,0.11405022568886972,2.376528593166893,0.01531572423858469,71.11449079746706,0.000133634069465361,89.73516497381272,1.0459812590195785,0.959174738569979,0.8898506004822643
41.16605483378132,61.95574283914367,46.68503012711429,0.056104697158745116,0.9940823778070916,208.7214842506391,310.6528749922083,0.00042300552048607336,129.6903609459249,0.4397,0.9790816360916732,110.53066364573606,0.19020776543936796,22953.397409407822,0.8237512209687465,42.7830412879332,0.0568125477426259,54.77142571089536,23.05678488286433,5833.953103684487,0.1837559211128732,2.213109848342048,0.02419885227366079,83.23678338085871,0.0001310668333784627,110.53066364573606,1.032223363921534,0.9723858080528285,0.9024350720337709
45.62767784043993,68.94124416776057,47.63106875376639,0.05515113921486566,0.9963962221637137,321.9794431105889,427.4214028551867,0.0004090861509557522,132.9790130155684,0.4397,0.9493212290820182,117.07857716937951,0.1609267253558188,16336.075271938786,0.8411808897587392,44.97469071411812,0.056983292761010655,74.79823693378626,30.94306801939408,6775.1647396804365,0.14706855569854996,1.83417626142604,0.016350026407874953,43.91567005389835,0.00012050011996540706,117.07857716937951,1.0989714977695169,0.9660262338560331,0.9408241666787407
45.87187515533367,61.7913234775849,46.370249794478454,0.055429022203979154,0.9896693730269539,394.7627079745761,466.95277260395846,0.0005580629019488056,107.46917951519379,0.4397,0.9205294355482692,100.80247015890653,0.20906340778251248,24679.499969311066,0.8280665182617807,42.14942478411079,0.05899928772454097,52.0568545489851,24.00871561178007,4262.353230499412,0.06482261326623139,2.202027919087879,0.026991627870517905,113.50679455660263,0.00012137385265641533,100.80247015890653,1.038436745727408,0.985873652731178,0.9363658031656136
53.2383302945379,68.02531762353289,44.64733649088335,0.05557907556861811,0.9906671717502941,372.1952624457466,490.23836855499223,0.00048472566508036923,125.97282289409985,0.4397,0.9345516518150379,115.77424167721074,0.22005459485221976,23675.629540567716,0.8275949179081473,44.950041101864684,0.05589967895788674,44.89072333965422,31.779882695862934,6459.363740444307,0.11961423898265511,1.8358175176517655,0.021723249117759733,76.7921268061742,0.00014432302514009958,115.77424167721074,1.0717461253803084,0.98711677048853,0.8871157893598899
51.140643046825566,70.27175998029927,47.260068832510214,0.056120150629776024,0.9864765400492683,246.87237192819273,335.62242548206956,0.0004493625781258389,122.85110321534246,0.4397,0.9787072898287102,106.5364359017066,0.1903996583181529,18939.578965060788,0.8444470396670277,40.63112711904481,0.05825163470760518,54.176757371988984,15.950586427214748,6713.514781373071,0.0703925467699808,1.9843379296739807,0.02267888557056361,91.9604890495193,0.00015250067584063153,106.5364359017066,1.0233637966521756,0.9785224503210659,0.8861465958596253
55.67796418212827,74.39280478834903,45.164745780435354,0.05783243094122883,0.9821051518756623,335.208033160216,421.55481513321797,0.00046953440613218937,131.7842473120742,0.4397,0.9793440508046439,118.48437738908225,0.1906029560630532,32922.89802288241,0.8383834683549969,41.962271716338975,0.05656764164418817,32.89780983520659,24.394457282895278,7115.342873946252,0.0625831387780484,2.1694100882416305,0.020175804617554666,31.42130543525708,0.0001547435509060752,118.48437738908225,1.0253177864050684,0.9586277699096094,0.914506586017333
53.28627080654775,69.4233704709197,46.46862556690053,0.05651546018457625,0.9932928038185244,310.8413138543758,375.81473468105287,0.0005514745733092904,130.3060899421585,0.4397,0.9326295853863024,120.1670275644485,0.2073311390714304,34482.96506041378,0.8255036065693215,44.50982485024236,0.055521342303234224,37.97430466394613,30.741507442588418,6510.77768886897,0.09166132499948842,1.929369609712118,0.028571121293040957,83.69209523577166,0.0001474746708708549,120.1670275644485,1.0773401357856016,0.968955941914938,0.8994167541497634
48.12773722880141,67.15435856681704,46.92303566315162,0.05570452048977769,0.980672199383725,282.26072068801994,391.9444541430646,0.0004930494671267658,86.01095585932529,0.4397,0.9569158452706312,81.17149198410326,0.15277840959071617,16034.943760661628,0.8562582057656469,44.38347740828736,0.05843748024485044,36.701418780592945,28.49444435307901,4045.5655229490612,0.19011509223231343,1.8229135107565795,0.01843191137235489,56.89497824035332,0.00014757367632857032,81.17149198410326,1.070813453027738,0.9622169266816298,0.9376398056507882
56.2804076933207,80.31112823681812,46.49611717019403,0.05531725041238454,0.9855127010216673,418.78137315811676,529.0478142127674,0.0005736998985051752,91.07751266580426,0.4397,0.924614499830325,83.19312547153204,0.2457865896386749,30914.92759714865,0.850101985961221,41.61795788934892,0.05659332067275468,31.256199528197335,32.05651074280934,7009.664436588351,0.18920032914514556,2.170772213267932,0.01853936906837625,65.006297517849,0.00016518853111597664,83.19312547153204,1.0744129916496525,0.9819310987643949,0.914032682570558
43.33945839815408,60.354062247553024,43.727129256288926,0.056014916573808894,0.981884597288922,292.8956090081553,376.9256733748081,0.0005469851177555399,89.29090030815212,0.4397,0.9546464985466777,76.11759423216131,0.17899057070967095,27914.331158830773,0.8246259801370783,43.39305291884166,0.059333020521400354,62.49955363703778,20.4766944781915,6533.971390093622,0.22227782542071223,1.9715143697298065,0.027860289915436598,88.21620323424028,0.00013737420807600706,76.11759423216131,1.0384776325717018,0.9511669643661481,0.9396895418316306
40.45424146267721,53.40537417393668,42.70706340543499,0.05744719190665317,0.9838145431464543,362.0425856999087,498.0275913864621,0.000594802830089085,145.27360488899734,0.4397,0.9275552420891863,130.74191320842925,0.164089086176888,20228.72516331816,0.8717646684408487,44.43080085778895,0.0595951782511595,44.64635456378206,25.017015925760973,4364.370664036837,0.20128385849808128,2.119778534603519,0.02209813841920343,99.63275432084448,0.00013426306908053637,130.74191320842925,1.0987911186017794,0.9764996677737932,0.8875739173049664
41.80095721551284,57.459046958757895,43.43003117617236,0.056150028380231524,0.9927746182579477,476.96706058088495,611.5128504524278,0.0005777007533579687,143.94798538470926,0.4397,0.9691196914185595,124.55763955698121,0.15054883961345902,27703.122365656258,0.8370827834927399,43.83438733076614,0.05924525880960476,37.58413400589404,28.537571566844562,4194.7106419666625,0.1570991374522292,1.9566873473427726,0.018982974314482808,54.93652383350317,0.00017125945128190987,124.55763955698121,1.0646700129726596,0.962929073045765,0.9479053953709912
54.447187011929,70.35879175082579,45.01724962188212,0.057317517418067246,0.9925695326040983,361.78279467607473,422.68822532431784,0.00045090944235720186,135.81885887178788,0.4397,0.9763744992561346,116.09496644331078,0.23568915413857133,17572.86383366949,0.8776828470968308,43.142380984664584,0.05661175873717731,53.05096967365306,18.369799123175753,6971.090941441373,0.11252241760185218,2.2118573081572874,0.015243022290334618,107.32368522346307,0.00016135582846296513,116.09496644331078,1.0975638537814951,0.9692401832979353,0.9336970939454212
49.23754460502775,61.204175000421046,45.03166153375857,0.05740811492838064,0.9884210982599142,385.10687304816827,504.6107118291601,0.0005318118465605106,88.17029924731715,0.4397,0.930379208482969,80.22184053647727,0.2363207375799669,16388.130165949944,0.8758923179533795,40.76287807280011,0.05618291312179828,44.55499826874292,31.316134293540742,4160.515053981162,0.05116229903355014,2.3374208346958225,0.014900888901038353,41.899030419169506,0.00014861198694497224,80.22184053647727,1.0331336442380303,0.9629197988515626,0.9312313594146224
43.225435580672034,55.66850808899036,45.49586609588722,0.055332462309096116,0.9818034395297898,221.97379585026542,311.35727146876764,0.0004041086069056288,120.199002894371,0.4397,0.9477627301156895,111.50767626107043,0.159530660451771,34869.78150104521,0.8460457975731251,40.365013462852815,0.059464003212039,47.68579968591356,21.229401015819455,6397.572187472712,0.17942749625755888,1.8519388816773852,0.02602868627510472,76.28982332626181,0.00013652428953204042,111.50767626107043,1.0524079607873025,0.9645916010903345,0.9458151312862186
50.02089550206727,70.28932660297244,44.370611025287346,0.056825979257880355,0.9886674783291881,253.44024312252088,403.41172822881015,0.0005982213448859196,93.1061438262896,0.4397,0.9261225799084781,79.47596817899657,0.16522413028888008,27727.3971691732,0.8337140164263,43.073110899082806,0.057264734919382304,44.1989317677815,16.866146078313896,5058.93331534737,0.10794263752296938,2.271791211272855,0.015589321552474403,35.12654803347392,0.0001281949091747171,79.47596817899657,1.046854841519077,0.9769745055517138,0.9129211918157621
43.04624205426337,58.138408367396906,46.72134828870016,0.057877288190113334,0.9870548974371659,230.28535978943404,302.78772275789925,0.0004522012217605193,105.78687562911617,0.4397,0.9403484004243785,98.20819035994266,0.1947902231257768,20064.45249066467,0.8700911627518133,42.50137832844554,0.058538698617790076,30.179258146147447,30.314025813639212,6205.698955773931,0.1000200203455836,1.8936570330722096,0.010114753806067314,48.9249772394387,0.00012224527180499859,98.20819035994266,1.080405994136469,0.9738197733371899,0.8904222239843296
53.92640750155472,78.24988337939183,47.47892250208325,0.05620641422471066,0.994409183057119,429.44388450675206,507.496305048201,0.0005329590187247168,98.69638936461891,0.4397,0.9239058652856317,90.8637242827585,0.16857041730663155,24000.67911807532,0.8416771504973468,41.19018329865742,0.05913582100705317,60.97479889885163,29.100359594639606,3930.6649685999355,0.2449651081548413,1.9976458723075867,0.010389212785966473,109.54114693972593,0.00017114192147947452,90.8637242827585,1.0798057148884073,0.9597635698277934,0.9147830522088753
48.92312551148061,62.57707669185972,43.48035032087683,0.055152832267009066,0.991580532163981,450.77632427505273,544.9869537306255,0.000569830724239913,138.02516870412262,0.4397,0.9358727916810456,127.70070510877684,0.2235821136836757,34001.76364595681,0.8298130416802778,41.46384897479513,0.05638843327433911,34.981071543032684,32.67359506568879,6210.20983585849,0.08484803848125022,2.014419177494974,0.02956805223193129,21.155677607495463,0.0001556031300838315,127.70070510877684,1.0589235034655764,0.9517455051259051,0.9370656687587391
47.62042452192965,59.104292098501986,46.41913930621133,0.05776990807077364,0.98983131534674,255.9365879583733,332.8081028264396,0.0004320929325455943,90.11159796634912,0.4397,0.979413420025358,78.80014474470835,0.15580397457057224,23774.501367736193,0.8530964629491364,41.96043588600705,0.05559548713967395,39.86140786783363,32.84149490874248,5442.880958348689,0.05648694796987939,1.9237859934109567,0.021196758732458885,111.56111886454468,0.00012274976957471275,78.80014474470835,1.021291840337387,0.9842408723941228,0.9401680071275944
46.03024178295753,67.3328102279614,46.067831115270266,0.05765099884471745,0.9897396416460998,265.7815252769273,384.9808619155787,0.0005695758685620958,125.2325418027053,0.4397,0.9226761960392842,111.37675646564307,0.20497093323858662,33008.890640046884,0.8493641465620759,42.47760426061253,0.05812413781671643,38.56426696037242,20.57051569163155,6841.362187219852,0.2398780790384233,1.8451406045178225,0.019780492637187907,52.84020339138601,0.00012951524387368527,111.37675646564307,1.0340164567343957,0.9696922672649412,0.9141981993939483
52.60565186237777,75.82119264114581,45.13854299567589,0.05656642434162701,0.9993259377452084,296.96218684783486,395.05299806598293,0.0004024491331581645,148.8726264643317,0.4397,0.9715380997771202,128.32449451144345,0.1882791565113904,32376.183959569233,0.8710010727288374,41.951294845442064,0.057950961278816125,44.91152829744183,27.827255504356398,4278.234302078243,0.11120134441128689,2.261091888157688,0.0283575213821666,89.5795419877084,0.00013677385608919346,128.32449451144345,1.0240212533687731,0.9747492089699673,0.9312611554122006
47.23625221106781,61.407952564140125,43.13118140324496,0.05665675936103203,0.995125884434069,377.32328508615063,449.41116857110467,0.0004883954276170815,128.09382082775434,0.4397,0.9246471546652463,111.93979316126176,0.19649464836922514,21883.126321816868,0.8637568827903599,41.93645836042983,0.05635100036329288,37.20889557733602,34.98245992343984,3993.6818807100053,0.1286840101241301,2.276176523563965,0.017033747979805856,29.17182944341678,0.00013578429526282885,111.93979316126176,1.0877611655399344,0.9695399708985583,0.8972866890167431
41.75299838632202,54.78431991100419,46.77139355149626,0.055635223308328374,0.9899395912092025,386.53885814000586,487.17626508866215,0.0004944075245062277,85.54634423048718,0.4397,0.9517398158670416,75.30464754247853,0.1924757117695602,28920.18008154205,0.8725683692102052,40.57866405655677,0.05792353360692671,45.61284558845793,19.876130969221443,4306.393074545516,0.06618698078868435,2.398099974226814,0.025899951193104655,84.12714623366416,0.00015290345935327614,75.30464754247853,1.0431817253838214,0.9747576082773224,0.8961382929336914
42.360118042410306,55.146610065476615,47.763757713772996,0.057458352266633914,0.9895844522577796,406.02618756243726,544.9049641989411,0.0004748181426517472,143.54946513737673,0.4397,0.9471271875456407,126.60254124184888,0.16531591825346537,28209.97007565185,0.8640821747432424,44.327952091276714,0.05895178627239171,40.946895561348036,24.45753337117236,3882.871322097768,0.1308130428906642,2.3607625493971964,0.024436196255602775,110.94612797651885,0.00014396661739121192,126.60254124184888,1.0294338109520538,0.9750788988719429,0.9210381686668148
59.23795329099029,77.06813781148797,46.33101799340168,0.05649580011517638,0.9805295820260993,471.55782686403876,600.797391549044,0.0005172769492600999,125.01557743827173,0.4397,0.9758932796012387,108.45151209104631,0.17202814853085624,30424.237412396837,0.8585304976388678,43.04577040889047,0.05675005491172064,32.7546800927585,33.20332729281017,7128.541947102278,0.24444425815371007,2.0607854540308934,0.019541929646436758,75.5201925399983,0.000172932996255718,108.45151209104631,1.0483337892225273,0.9506016214701761,0.9095225818130319
58.17161381415214,75.1978634328537,47.507159979754405,0.05510163338542767,0.9988501852663961,288.5120421489614,388.3949345916435,0.0005829684697405263,111.94176857236425,0.4397,0.9319429917371054,97.26297652916507,0.15648076989104265,22318.58328534971,0.8500106291366207,40.73051092301006,0.05621158859462786,69.1753339726423,17.061592830531925,4042.283853280605,0.18880394356761526,1.880032808725064,0.025492637949173818,56.212149828347584,0.0001631646420364693,97.26297652916507,1.026183145293309,0.9713303646639844,0.8912736686595468
53.99414267621499,67.885740274033,47.905111589688,0.057049044869347,0.9863834794353465,397.6276967620327,476.47695707622745,0.0004653978228600578,126.1784734978783,0.4397,0.9307809209227781,118.62631836812623,0.1615285575299071,16044.729969962655,0.8792531973697868,42.11937201438968,0.058625006068047776,43.75114981944201,33.5649979511239,4323.063404140898,0.14476496896663993,1.8064200048117152,0.02931556775185274,99.35776200961938,0.0001746439541586048,118.62631836812623,1.0983085707919198,0.9700843187561626,0.9332953744979865
45.31739922919039,55.99499598403179,44.11230404543543,0.05785148880940812,0.9851187816376149,367.9168537333077,435.90550020356045,0.0005158519774332848,141.53310313308458,0.4397,0.9649228453140699,131.39782724622825,0.24778948224189148,18420.78482225022,0.8775498894400103,42.083579560147726,0.058929360083408974,34.28769658693712,24.763111891235525,6514.868690195,0.1114943292024706,2.11891052309829,0.014012147515741414,91.27254243715927,0.00017176911750956713,131.39782724622825,1.045200632107824,0.9538327006515622,0.9172503213408173
59.38352754695448,76.6058976518487,45.82934131755802,0.05748745147103725,0.9999881785077535,291.7511721237701,429.58945984245963,0.0005754925051486646,113.39890595406746,0.4397,0.9635431683860213,100.2954095311072,0.1779786811677252,27331.073753475182,0.870931178892145,43.003104392445614,0.0597714471893446,53.46868705284553,32.86081577144003,4488.315824526431,0.1232087918562084,2.3163398464997087,0.010350188290020431,31.769256092193647,0.00017528214800960736,100.2954095311072,1.0946453359111843,0.9798352744398522,0.916427461519159
55.575018079315896,79.96500329385002,44.843596425828466,0.05583159442063162,0.9943737934300905,472.224555978102,593.2412500279717,0.0005545990790202756,117.19250379685604,0.4397,0.9619509062295679,110.71930013719648,0.18070255393395643,30502.00373794707,0.8665191528271317,43.04434808924666,0.05573792911458736,35.547398326596145,27.4274282165376,4400.256024685936,0.17224562999203968,1.9607422437483122,0.026429088125285986,86.57015368766365,0.00017880068701732588,110.71930013719648,1.0746182952688421,0.959434374781751,0.8932516663775776
54.33780378317991,74.12559179446986,47.91977248117938,0.05515997525480002,0.9809472754659857,228.64502358776525,335.8613539025111,0.0004081466529610992,111.67131794525675,0.4397,0.9215676269703429,97.58870167592572,0.1627106330432121,30120.97269071192,0.8546535730071108,43.22611068489881,0.05944632050944097,64.78919406555812,28.428710940461563,6020.315209467663,0.10089001252106194,1.9193648207928415,0.018071741456896273,86.46558460848796,0.00013870178628356777,97.58870167592572,1.0652885589939196,0.9521810139101593,0.8968798445386149
48.98723004287577,66.41982839230505,42.56284694404635,0.05782105423761454,0.9812377095405115,413.6003080496155,551.5437726449823,0.0005885581528255324,85.08139984265657,0.4397,0.9355975812034946,75.78047523267354,0.22551642044967515,26673.631702300612,0.8355852016315723,43.48951528671904,0.05882549405594951,32.77100744579278,30.459715028559863,5035.554829583384,0.08038950509904003,2.0633720230624935,0.02088804987030016,95.19211673596979,0.0001325808362312196,75.78047523267354,1.0580397597697966,0.9821263589633363,0.9284895519067866
45.444831236903184,57.105212347347425,44.474249485783346,0.05781118817463911,0.9805100312792039,418.36211390678056,480.5311426441895,0.00040932938085172255,135.0949088849151,0.4397,0.9703937106712579,125.82098533456039,0.2424142810187282,16695.16291429785,0.8725263416252779,40.51677023064508,0.05850949953965444,50.90861774749041,16.34272183968336,6607.724953681125,0.18924573478872964,2.3361196805713407,0.01444924641465064,51.630686514025655,0.0001299091417329446,125.82098533456039,1.074990408544271,0.984605270052491,0.9396332157750944
41.92781924306998,55.71436360131379,47.25323426716342,0.05659724595913861,0.9919923779902574,474.59795830698846,592.8468869071953,0.0005177516948748659,88.84882205492872,0.4397,0.9560514872874064,79.45649197636693,0.2289750537066651,15345.77254371625,0.8206489680927375,41.52461100286406,0.05656526814595189,72.47218485521003,27.555366780792788,5897.769644385346,0.22389395542376989,2.071004299062267,0.02683577523705754,60.1277981640796,0.00015768530790094705,79.45649197636693,1.0749020266836935,0.959627790252601,0.892404850277002
58.05204793087683,72.47365717449497,43.704307863159094,0.05692695223501461,0.981431290001239,355.5741777054061,427.2454089467293,0.0005150707240630329,107.61990072018172,0.4397,0.9561316952439309,94.00195100793599,0.21126158294341718,30642.83514644145,0.833646398007636,40.086739095863365,0.055110964755940774,37.15360741462861,33.478744895437174,4637.572981504117,0.23030778168416272,2.2336277435986287,0.024424124981454225,116.00380565358118,0.00016085800189058404,94.00195100793599,1.0208416848608612,0.9775018206780143,0.9368642004835926
49.11552579667222,70.58757908578073,46.726757103833236,0.05638780018213243,0.9986677671368986,296.48670146577376,358.54444556737246,0.0005572780461404632,107.07759919254104,0.4397,0.9377549963242887,94.96214862268083,0.23132329156105763,25987.528683797253,0.8442239467050682,42.273207560401914,0.05753775247059721,39.06159046074741,34.12247447919914,5752.523792230907,0.21828370637560207,2.077515726104816,0.02906733256389596,77.34569207777928,0.0001252702496526388,94.96214862268083,1.0926226996422672,0.9501980269624998,0.9351666616824924
44.047267295904604,67.19792925487388,44.29669897668153,0.05625929610129628,0.9987381308004536,448.32220095800614,544.8830519586994,0.0004296886103697955,99.60285544607166,0.4397,0.9356103853134169,89.64975198821465,0.19042302329328584,30654.24205463016,0.8551694293140443,42.147150389151435,0.05642884688242858,57.02092101278471,34.366428880067055,6719.261837572413,0.15611993633998383,2.0237753288657667,0.019505037431993683,70.85049770981445,0.00016926429580395807,89.64975198821465,1.0494370736350123,0.9788459983352922,0.9370438273002729
46.11913248301305,69.64376028650963,47.87987123934095,0.0553583453077861,0.9909210813349616,431.24308454971776,519.9823775261532,0.0004358740784125408,108.17549881260929,0.4397,0.9767932932810952,98.66302556948804,0.23594973550806875,18255.76922958778,0.8536527592216213,43.671634650897396,0.05644910509463345,74.09343322179028,27.91665758535874,4912.138657988863,0.2077661938008168,2.0645472326976853,0.029531300255216553,118.68496922020977,0.0001669839918865859,98.66302556948804,1.0482618497234397,0.9685928177376257,0.9207220669724282
51.58439137883792,76.35292050259923,47.30117901854224,0.05529025869508329,0.992332778627919,350.0946843258411,494.2120452583597,0.0005504213865476721,123.26063772677,0.4397,0.9636653167311927,109.77107364820864,0.2298518849638182,23148.46341542287,0.8305489495831171,40.835584733039305,0.059635692885963265,47.36260867285172,27.6657369624973,6251.29459748724,0.2352711463534773,2.2610403196040276,0.020217107859477973,42.95576318960557,0.00015770843599234734,109.77107364820864,1.0525272435106396,0.981699324258732,0.9046289413083526
43.535455658784635,68.27095590535262,43.807922145975695,0.05569819644002856,0.985837888030505,430.35721269014334,512.755167365325,0.00042990095048232505,101.79711185453982,0.4397,0.9276119670681103,90.91809860019559,0.1501724644256319,33383.38574155946,0.8262878919888119,43.157472285627556,0.05576484446026605,59.189029174974294,26.049301335545874,5096.998729357753,0.05467251792142685,2.2526436335268056,0.022428441817255448,59.79369100588197,0.00014613674876817802,90.91809860019559,1.0748226244247148,0.965721358906637,0.933971464513333
57.132285681847506,81.42727267336723,46.62115868122713,0.057509922239219635,0.9812794508481655,280.3626806231782,411.85290652837847,0.0004938890254131279,92.07583563887935,0.4397,0.9762624165286258,80.69474316407106,0.1987794134917517,18431.959824943315,0.8333397356551168,41.53347098965076,0.05967116189795277,36.85426782517353,27.151067183033785,5555.064232002599,0.1324196435416384,2.0590549071692403,0.023482548796433807,95.9883561595789,0.00012921943730255975,80.69474316407106,1.050081418883975,0.9640430291008313,0.9135961795100426
55.1703905967042,66.24772270424747,44.02113926299961,0.05543749690220704,0.9947492089038363,376.85189912104033,501.7345991678748,0.0005463296180421864,140.85572573550866,0.4397,0.9549422091090833,127.26804009909519,0.17646165760792262,16230.538076250887,0.840922527333789,41.9095823740485,0.0575190335500537,58.862870996893605,27.242358607663213,6241.320100073653,0.09082509591403898,1.9605704552571992,0.019795429114403493,91.31005812860445,0.00015033553625591324,127.26804009909519,1.0499064849541764,0.9836313950054988,0.8955304856983677
54.38925911901873,66.45616215793581,45.63817704129321,0.055680095955744136,0.9820357197749804,459.5550364363626,576.3474234422163,0.0005302483857565362,147.95828548999947,0.4397,0.9400017420174253,129.011579475363,0.15862329163676955,28069.34767563497,0.8208432212752051,43.59643431185727,0.059191396380304684,41.36979292297019,15.848165370433772,3817.898536715438,0.24935375708490465,1.8834762234502471,0.021255603819378487,116.6700643075882,0.00012955015773248908,129.011579475363,1.0250771903702756,0.9515458679166066,0.9081670732110041
48.641860795502076,63.208858692642565,45.95088461035975,0.05664584217796662,0.9817111528203678,295.39535138495376,437.4353986809597,0.00044212083722261903,112.10086767134244,0.4397,0.943828366783976,105.01078169839643,0.2346196042747775,26890.726812435125,0.8615473492329914,40.35774024286788,0.056417937857209555,57.59794233710988,16.777425718668418,5237.818280430089,0.23591320192663484,1.800821816625139,0.014466141294029799,85.43003408030842,0.00015629872710533604,105.01078169839643,1.0533313331541543,0.9574865994750567,0.9120401788896244
52.54617681404886,70.83965062501579,46.97757245451423,0.05564539365423483,0.9862244621840844,345.064994729223,435.8574541673572,0.0004607920517372171,102.891379864121,0.4397,0.9635242706211571,95.14743579697338,0.15079496843011223,34040.61011715466,0.8348636461442495,41.71391444465581,0.058169603320423674,33.98975436376242,27.38833143528499,3942.76865757343,0.21043719021519736,1.8679545498439738,0.017247261162658165,51.309497324868595,0.00013859788381938415,95.14743579697338,1.0319582781635004,0.9664851547555035,0.9153741606954189
51.68195937825471,63.1366277088369,42.14670504529209,0.05548962005415336,0.9802493131967577,485.31345625186685,574.2805748501535,0.0005937949806482082,83.32374544447606,0.4397,0.942576359101165,74.24378182698871,0.223016350205536,33129.36842109752,0.8410842661929017,41.95661615069826,0.05778294197861708,53.62360597673981,21.284328600769705,6210.019960099536,0.10917596102523314,1.8987931591151388,0.02403986490184496,59.76519670546749,0.0001348383757382278,74.24378182698871,1.0884471403247824,0.9738535264556576,0.9428294502786149
52.9969320310964,75.68388639812854,43.3209473469138,0.05668994872509389,0.9886807123151263,439.46355259152097,505.5582949496719,0.0004897341240309768,82.57960784270372,0.4397,0.9547246879471164,76.3632449240102,0.2488192120997186,29988.60780441142,0.8400941014350339,43.57874655925834,0.05962083044708917,40.683224760295815,21.028509700198015,5788.1025546665005,0.24042045290902614,2.213962674588653,0.010779779200358686,28.971292401678987,0.00014646308279729818,76.3632449240102,1.046760886655783,0.9502045005246815,0.9087815508803387
41.68888642279778,60.94022910895741,46.27150686353147,0.05610427981298985,0.9941536182016015,466.1117060991658,543.6879136486727,0.00040889149528727613,107.50173969517814,0.4397,0.9626299697989043,91.45168633243281,0.19820197667062356,15383.144757565044,0.8507097880527112,40.996122075353504,0.055896492134212106,60.6768916498236,18.868812786299397,4776.946777401402,0.055850088012428856,2.2907495261572537,0.024008262399345497,112.37202583220797,0.0001548427680155199,91.45168633243281,1.0968693918449337,0.9730059077866949,0.8999367571928714
48.31614804341219,66.45161407794527,45.381139421817224,0.05687847785752141,0.9960269786284388,315.57411826713394,453.55176387322103,0.00044391697989326655,145.1169412810676,0.4397,0.9317224998383579,128.34852231832318,0.18712405299414347,24607.739368131202,0.8715879833256767,44.737064968452316,0.0560228494487124,63.64514041807419,31.021399388681775,3874.613448214208,0.08760794130351512,2.2421673997387255,0.01607551289084977,32.86680227461924,0.00014204784393428277,128.34852231832318,1.0747622402053587,0.965139701585352,0.9473643570383911
40.83228347723785,53.31195332774722,44.97363046920686,0.05773661602122603,0.9920861460759784,498.9515778903677,596.3897911815045,0.0004684870179323675,131.1495980381095,0.4397,0.976654489174553,117.25169019191001,0.21058329544747134,32922.03873074078,0.8289633972103324,44.98880976397079,0.05974482199726772,68.16641387517288,34.286570074412595,6932.888863307704,0.17337475084618528,2.233939660321413,0.015436716727484442,74.57037240764475,0.00017781620406829727,117.25169019191001,1.080492122786186,0.9752000817479985,0.8969363733651764
49.879816384890376,63.67864850089333,42.33125974024788,0.055452979394305206,0.9969374840622782,245.7696814051439,329.9050136242149,0.0005998978808589171,104.44885932095426,0.4397,0.9413703662861246,93.68852224519459,0.2304697827647672,23673.021762289543,0.8404436267938762,44.09455070410028,0.055489823103930525,74.6577916013587,27.555160063932718,4734.013393971583,0.20860134241166167,2.3965923688344715,0.023869769287052214,60.1395124617468,0.00012035385815550182,93.68852224519459,1.0958200945122198,0.9862789535835692,0.8807781403519465
46.597224246655706,59.00190462138958,44.08965530076874,0.05774030097943919,0.9881300440753422,355.6311749648927,427.2423804731098,0.0004605383094953837,147.76324976274427,0.4397,0.9451624854246149,136.66226193294676,0.1740251993775279,34242.91439225989,0.861521728463907,41.498562507317644,0.05817341234521998,50.67096508439544,33.908397912128436,4591.356398628265,0.22672617062311406,2.3775586435925944,0.014298903254415124,33.422361303273746,0.00017477166110686066,136.66226193294676,1.0391147812653332,0.967634880465064,0.9394874712684858
42.89048377732094,65.66948114424292,47.190601391463886,0.05770746990226876,0.9969754417012096,343.7820146888748,442.27803971323635,0.000405279169756509,110.01305322790115,0.4397,0.9619108620720692,104.10323372137252,0.1750701429153536,28049.75961287965,0.8226538847968261,43.319333270364275,0.055302820566076265,60.176748774329596,32.677683130207754,3963.6178953033013,0.11010172214025177,1.961308317077542,0.02923366871778628,49.29922536247981,0.00012004104296895825,104.10323372137252,1.0653832775753815,0.9721831457319828,0.9468112039537709
42.06805935445103,60.8314772553693,42.185357022216195,0.05748726275000771,0.9901294662099676,439.52965724004036,561.1961942864932,0.0005025843155110672,99.3754920782252,0.4397,0.9565271053632658,88.24540844909812,0.21071780140868468,17189.142550855882,0.8697987181097334,40.41574015848966,0.055384954040603014,30.829067231345476,19.358539568660625,5678.471552747689,0.12816092021391384,1.887060449729014,0.02981358067426143,83.3569015904125,0.00013300271631980543,88.24540844909812,1.023258064359565,0.9685115967397142,0.9277492363231042
51.75289144355424,72.77983285634875,44.37861741218887,0.056893857751918256,0.9844607225599659,472.5853317545036,551.2545343002112,0.0004167210769947954,109.844727130705,0.4397,0.9464071902163508,97.2191725414448,0.24398798208543054,25185.44150373367,0.8777095084298456,44.356396578532554,0.05798574371450861,70.7289164987795,18.070518023537428,4556.352439402608,0.1409654803907493,1.8919789427614129,0.019162008157029172,23.12514911108658,0.00017978107349127373,97.2191725414448,1.0280606950364555,0.9547408801284643,0.9085354757934484
43.41185937073772,57.85235231438811,47.67088972602463,0.05686043997239664,0.9988829129332093,419.34181307241795,545.1134651536834,0.0004548135197391444,94.80802588886829,0.4397,0.9589845224180474,86.37499634625628,0.17984399757587635,28912.34271290295,0.8564582321549195,42.57996435630137,0.057756839810770295,57.708441548786055,19.231735710572266,6634.2710959624,0.05539476370678298,2.3373640024267694,0.018028366716845858,116.59895333512928,0.00016368572254282137,86.37499634625628,1.0493269535975032,0.9817245195098848,0.9180628279636012
58.50240236753594,74.0711919238601,42.305284407270086,0.056917637979809504,0.9854994174767423,388.04487083909083,501.0236483115827,0.0005984766352187877,141.9947139140557,0.4397,0.9741696984543227,124.68915947539008,0.1876754663229013,16307.379444792414,0.8773905022618432,40.88219583159893,0.057865130993767964,48.960524067295665,16.924187677311497,6057.960421056536,0.22279385061042045,1.8614081087734706,0.011580749127974656,110.90956179700505,0.00015866990230284053,124.68915947539008,1.0746001480499954,0.9854078288229516,0.9382401099767659
51.6212227940079,67.69404726040591,46.49823450626782,0.05707148665365344,0.9805240296837558,328.2287572545511,456.98501350852155,0.0005409277037860308,105.28213172923832,0.4397,0.9680170169987251,90.97797841632281,0.24933333014602896,21892.99064141535,0.8447837097659049,41.63708279780851,0.05736826048274971,49.54407342422928,26.657583339739173,3614.093660913864,0.11758968307723633,2.0040865013288522,0.025564373675883618,28.4601446326503,0.00016356557285132384,90.97797841632281,1.086535488192443,0.9824586632513391,0.9419738230962617
46.937396090696744,68.33762066685728,43.54567569709222,0.05504944660178847,0.9848534808591005,353.09777512272024,428.18873801021147,0.00041013332585657406,126.05782751460251,0.4397,0.9694555405972864,119.27012870748675,0.16762221652065157,29341.621261079727,0.8449019038393082,44.003713722439876,0.05871179670290802,64.1098040862178,20.65300085675126,5636.428601997703,0.08985569075107305,2.1182079170526436,0.01325447993092476,106.835354835389,0.00014449777122116248,119.27012870748675,1.0405123361978779,0.987903862974083,0.8871768120697644
51.81830982962833,73.40360464474685,47.19965299292203,0.05787427773748195,0.9873337512251485,352.7900939674465,465.89290844075106,0.0004897373437183592,107.23330391790145,0.4397,0.9355045045140388,99.82916551913098,0.1576968168375304,18141.427246140684,0.8263749345648062,44.35113383713523,0.05996094268182449,67.50615015911524,33.2583338950286,4434.604836551025,0.1318394126199906,2.1680703022099124,0.028660957209521616,52.85712185482469,0.00016705258387957755,99.82916551913098,1.0799261770910087,0.9687211407118753,0.9407597702068702
40.45607742059395,53.558280333304424,46.47640787375619,0.05675681128439674,0.9870269936657853,206.1105421053133,271.4840700541975,0.0004343275025257699,143.12119925747737,0.4397,0.9451642009578582,135.37117992051267,0.20897552388806062,21966.797965410453,0.8221268160999862,42.59856693467212,0.05637890623195178,66.35566543416833,27.268155464544712,3655.3216321000796,0.19211267497980494,2.1574395826889248,0.029811854779104204,26.75044485257742,0.00012929208197509678,135.37117992051267,1.037943292595844,0.9760928702201095,0.9232144871351421
59.17118426482891,83.2942671159004,47.31423102515018,0.05734439751820727,0.9904933501888714,350.9137414483033,437.293439664767,0.00042458893128042424,124.96665262009411,0.4397,0.9532291484992436,108.9438392950528,0.15242669884216328,28798.20644934468,0.834670259088072,42.40155750155336,0.05661719833657474,52.97630938711607,22.192211115374626,5829.721786754805,0.22418311587876216,2.271844633283955,0.01244819560163423,50.61128342918956,0.0001676335432437359,108.9438392950528,1.0204844484893065,0.9567336641995243,0.8822594986495198
49.646068738858006,61.4558988005133,43.2955487425876,0.056131845517184094,0.9976625376407184,456.79124005223747,579.2272495365175,0.0005174130826697603,114.17763231969096,0.4397,0.922651449149689,97.25432887160825,0.16804332312748227,30510.818037282275,0.8486877194260688,43.753673732766295,0.056615247711716075,46.701598690561426,34.69281263928763,4337.691696739536,0.09307529324312452,2.1430159581256603,0.023660117641854148,100.8887494217285,0.00017637160079466568,97.25432887160825,1.0243530419964588,0.9890723248472104,0.8875939991799278
55.65470454500573,79.09653578136019,45.18775652891163,0.05503719164174739,0.985846764542194,412.78220334267445,525.949041900668,0.0005011311779280431,89.25000784269369,0.4397,0.9661875308226394,79.7650665726831,0.2122209180690468,25370.235876508414,0.8504609434517734,44.130948112592776,0.05881634473152926,72.5492712636991,34.06388991783741,6838.688915831625,0.08452259340707916,2.3106279235988563,0.019319839831354543,86.58314521679223,0.0001714612110303935,79.7650665726831,1.0668446898244577,0.9732221619949587,0.8831873949599581
41.654599998448774,53.16053468319591,46.675619661448806,0.056529203979629336,0.9904154121591834,438.71258663750143,507.4986591712536,0.0005485733168631016,143.1341663996543,0.4397,0.9394078054649053,135.02717550581073,0.2159512400691333,34137.150554000196,0.833054522904486,43.824234061979105,0.05674007750561864,58.53897861465944,30.572304706184006,5664.170667432012,0.23875659356406864,1.850778134443311,0.020822917084210395,43.85596006703887,0.0001643796571982036,135.02717550581073,1.0597718036875452,0.9604665243240351,0.9463991000809809
49.73316661676321,63.701263784032875,43.474198457969884,0.05652157035794779,0.9868027790737696,317.1454969305563,452.9797641398092,0.0005784612456463719,118.27718077902396,0.4397,0.9369557646824609,102.17167677337584,0.20104252496476196,33506.61717597993,0.8567683404796856,41.92214025117104,0.05838368533791325,54.46440340473952,30.833673508792696,4353.066394992131,0.16017860383271354,2.315379272136086,0.013591493593095638,91.91764765702419,0.00015908263878970064,102.17167677337584,1.0416340182343546,0.9822149711347553,0.9098562531866679
49.81413988709042,72.51131792810978,43.3844778316033,0.05631096786493436,0.996435461187464,358.69197107388743,414.0270693084056,0.0004493363714863324,99.95370810729924,0.4397,0.9355575205613688,86.13196464558541,0.18837480462293832,24468.741078155705,0.8308723524903032,43.209628808046595,0.05722943778505964,56.92435194127317,34.5454026304898,7124.858782874069,0.1231544037983847,2.154001896466202,0.024470417988898277,90.78211145105391,0.00015126552991929766,86.13196464558541,1.020523828688226,0.9734596446883426,0.9300930941600495
58.75652909949966,71.44891018469097,42.16309280098551,0.05601915116248623,0.9831520302657696,210.04507069913015,319.5666395507951,0.0005845983973310794,141.45488242716928,0.4397,0.9370027559252039,121.21202086194603,0.20761975844218483,18205.488202226446,0.839572668416146,44.28679954135464,0.05803902333511506,58.34399286838272,27.009124452799206,5567.189639800016,0.08986389101282458,1.9337595395102103,0.0133322544193024,94.28613635069439,0.00014371339677217128,121.21202086194603,1.065440827940272,0.987986999278753,0.8801202138943538
51.434561047521505,67.63808001717105,47.75109176385271,0.055749478263429166,0.9820702053662012,314.8993826508031,463.2814326739637,0.0005035983545108191,83.81082991760854,0.4397,0.9402808899294699,77.65088476920695,0.21433857530332387,30458.631277679167,0.8317425709113596,40.7588031702371,0.059145076864024496,62.08827978481068,32.600396986637094,4195.699819654951,0.2490495644396878,2.38664591321872,0.027705999554874752,74.06566676637397,0.00017193921545159037,77.65088476920695,1.0854085309463721,0.9807990951619457,0.9355220376602877
49.469788021139074,66.21767752030097,46.26010128032774,0.05658263462349155,0.990059905064752,342.3248134677932,445.47528665206806,0.00045176698363702343,101.98538421307002,0.4397,0.9562894734845696,94.7028785327355,0.23034820462916505,19862.79150786288,0.8617998159994082,41.94068342557482,0.05757029343777103,54.893311276852465,16.296554445999814,5462.071812608667,0.1938368574183103,2.363840564237298,0.019079492286863214,101.8945652120703,0.00015884751447888462,94.7028785327355,1.0254835902338704,0.9850905929284479,0.9137424771119321
45.33951326183787,59.01839785718602,45.81336212406111,0.056125834419080485,0.9934377517153098,276.56266987972447,406.62985187566653,0.0005691571676205219,117.57798808415033,0.4397,0.9550139193140038,108.117381630208,0.22927508282098474,31856.4261999821,0.8509943504933387,40.283094419376326,0.05737586600423353,69.39099095058654,26.081250389086446,7053.656609603157,0.09357706163543306,2.3074354930042267,0.022697361987350895,84.13622179569134,0.00014609401883488194,108.117381630208,1.0789179565915046,0.9718660003550134,0.9446521868833875
46.63137994685104,67.28505796689083,46.46396833616995,0.05790979564914943,0.9959105040218154,209.37229369719495,318.8903910161051,0.0004071059836058045,103.7870035230305,0.4397,0.9353427052161125,88.772053086322,0.21648007655149476,26742.886823101966,0.864166065944357,42.044386428437,0.05633487291802652,68.68713964231722,25.050326789366494,5127.156831031987,0.06825188896543058,2.3469576813680826,0.028435822140966578,32.53992097443924,0.0001670875030868615,88.772053086322,1.0707634081571256,0.9706923370138179,0.9164628243878633
50.413448049430755,73.18346779046381,45.189677512172636,0.05551878192330079,0.9917924970581063,407.12243263368566,535.4312641259849,0.0005119018754945921,113.37139787652005,0.4397,0.9323854565943924,104.56570916495718,0.23942325832284655,22881.860127954933,0.823434890175499,43.86141041959324,0.057579522909098915,49.901598509377685,15.75447724441698,5131.243842821057,0.08985646879364917,2.029285032627184,0.024758790096050733,101.0255987755335,0.0001232462252423009,104.56570916495718,1.0583483817760908,0.9802930588484269,0.9352160104456835
48.77822920610093,71.8968563039345,44.856802926542464,0.055958996702881264,0.99547699522638,330.526325254653,446.0857387901817,0.0005443243070059933,98.50213766316887,0.4397,0.9695814914042814,88.1459066787692,0.23380252535954188,26127.667171650883,0.8455217248141085,40.98514221712794,0.05631206136454802,37.584125045649145,16.73903970648266,5260.056200009275,0.09954852078151562,1.9366829234697538,0.020816957668999388,52.37681050444665,0.00016878715505597793,88.1459066787692,1.0238673083980843,0.9542005590198142,0.9240626683952221
40.432241597606605,55.52207378365502,44.697193446741124,0.05588188141277371,0.9878542011712185,324.7034579336703,443.81665938742316,0.00045599553743122864,89.1058163653028,0.4397,0.925563400260582,77.14687504712626,0.163324600821794,25656.175369158547,0.8780175147388852,42.70943575562192,0.05921785102858979,55.94950711969953,15.436778480337463,4608.3727841561595,0.0722171298523206,1.9097423169955392,0.018053552956867197,90.50347181972936,0.00016864213036466762,77.14687504712626,1.0938857133113837,0.9521612636593425,0.9164376930847732
56.525838483887156,74.48859439820437,45.84263527262185,0.05662992752870787,0.9806573534053293,274.9960262085527,347.7771413171911,0.0005726983835126435,82.57978970317961,0.4397,0.9507693704720557,72.62996563587835,0.24566794413234833,33494.65691799835,0.8232171708823818,40.18292866710914,0.05694432013430792,57.933278495903195,20.880300089728927,4182.421006957145,0.09593027414274734,2.32425598110655,0.019242702439874082,87.51317060918058,0.0001337117647993392,72.62996563587835,1.0581952791141394,0.9893480898428543,0.9463770932207951
57.92321543679533,71.64931149478011,43.2092098523543,0.056497840770922444,0.9823219861580311,361.34911969940515,485.5312110566969,0.000448056912671597,91.03525954384993,0.4397,0.9512336524513566,81.94217387656018,0.23917423023179205,19287.260995231256,0.8451027213817577,44.48824995365829,0.05564553815917477,53.55208082791809,16.070224590325527,5684.139732126335,0.07335594098658618,2.295978809340652,0.016833461192210783,53.591252103670996,0.0001222602953947138,81.94217387656018,1.0519685568704964,0.986651821148271,0.9146919455487762
42.804981779972216,56.476929303224395,47.32835217008922,0.056931221396272824,0.9807744520245799,331.4080343812194,405.1990230476525,0.0005679748565463478,146.70625598173683,0.4397,0.9544482084086973,129.53651091203153,0.18209271795079598,33563.16905103353,0.8224238931313372,44.10002347450226,0.0561998376396318,70.07600159732849,23.46319369521603,6819.120708183185,0.12554634017731253,2.388563030000962,0.028923676505048103,36.16836584886822,0.0001628224773317878,129.53651091203153,1.0889180321670189,0.9882264376497962,0.9424671855481923
51.08072287078099,63.49953381355985,46.87051422731559,0.05785000531172263,0.9865788730095298,342.1953419087273,490.2593694229861,0.00041570899276649145,120.27821933357168,0.4397,0.9731390069544281,113.9004574527946,0.15201844186070393,15626.82082919711,0.828799199258248,42.62204595893533,0.05767290733733628,34.185911566096465,31.25492822745835,6248.62707084511,0.1472390518339684,2.3089512608724583,0.015057156882952977,89.49580879403577,0.00013199229770578298,113.9004574527946,1.0876462583186992,0.9524945625398558,0.8825254341094408
42.17151482270887,66.2717999848216,44.0973816687122,0.0558556632564816,0.9899098268253737,374.2614045309146,447.0401236270351,0.0004319855183736863,114.22720876945661,0.4397,0.957434836405686,102.5159698581945,0.21039759467582875,30384.065630661535,0.847751587094383,43.52893497985975,0.05958143757914876,42.933832717584025,27.276596168729654,3946.274667495185,0.14105699451618361,2.1794195483558942,0.018186925651939446,104.902335307941,0.00017976130744326395,102.5159698581945,1.078180876240002,0.960772056476402,0.9260193191674383
53.44480186079623,76.76463428987992,45.471655780875146,0.05707831470776499,0.9871263496731387,201.8973941719206,275.56579453168627,0.0004761969167803816,106.9026687513996,0.4397,0.9784180259748814,94.8456567110046,0.1938417576866388,33393.3626142313,0.8294508038610431,40.519580824344295,0.0565028074928739,68.96054308451784,28.475798245932694,5043.056313799541,0.21584201366981293,1.8853690505229301,0.025564478493021514,103.82313169345352,0.00012055094671455976,94.8456567110046,1.0863487986320008,0.9860616951677608,0.9438163105463901
45.624675676780164,67.28505637669555,42.846163799700086,0.05507512060901555,0.9912119895013278,472.3087710615268,608.1760831099132,0.0005708111025596358,129.58941021883697,0.4397,0.9722811850009236,118.87450977797926,0.22495666625861319,22881.043819730592,0.8511253254978306,44.22604748198685,0.056321931020496555,72.27359908599925,15.630133742192719,3619.0651676598072,0.10079907726694229,1.8989085230125382,0.01728683345252128,82.6504841866366,0.00013378751887493945,118.87450977797926,1.0299462784786353,0.9535791830750453,0.9429492730640391
53.18845269383804,70.95337551315397,47.83407748760159,0.055787165418200876,0.9896121829698558,221.3262190835244,295.6248052798063,0.0004289170730253565,89.88816331342653,0.4397,0.9328844155692327,82.25256884775322,0.20245997645086225,16461.343739905344,0.8753639009662042,43.57630765535886,0.05703279917405068,49.16662836161559,31.790527205117346,4708.585389193475,0.22741876477766926,2.0842197160778255,0.027732217928762383,42.74072697347847,0.00012252374383634986,82.25256884775322,1.0808732444064275,0.9680573804843359,0.9139537541353745
54.53989228573765,71.89901101841573,47.4173561257817,0.05639115918398978,0.9935588560372788,335.27742419479836,421.36770354392667,0.0005750876479588482,99.32909073568644,0.4397,0.9344709986135181,84.45395627580393,0.15764904352509468,31093.3506298742,0.8320244534918456,40.5998369836254,0.05983877239146073,38.66897918284221,17.923807587659816,6009.75573341071,0.23162456370576046,2.260677318686619,0.014861452802940978,51.62099673029512,0.00016695934412701318,84.45395627580393,1.0462427266387302,0.963651654124471,0.9130468016178777
55.372949838353136,73.31913483109061,47.531385038995204,0.0550929843654434,0.9933392432712681,262.21186257181444,383.67587868971714,0.00044594630532255876,125.91314837646269,0.4397,0.9406864481549102,114.81357317410139,0.17446874202547757,31857.297113834702,0.8264311905827318,44.903446425593884,0.05922609837230677,48.91482734294706,21.05301752064974,4644.843420567637,0.24195994240072882,1.9039652341066513,0.010626896834188078,95.46276809393765,0.0001547217295304336,114.81357317410139,1.0893995834774624,0.9851940191400241,0.9367359404236267
42.15481891911793,60.20333912277427,43.99297828622071,0.05685300838166092,0.9863612829421736,357.1347108109626,423.0095688304389,0.0004905016797189057,113.53450552096595,0.4397,0.9434908649048079,99.27194869399656,0.23825237561265294,21725.14775976907,0.8695165937189772,40.112652221032235,0.05574833975537346,50.52749004408612,25.33587789866773,6626.0099487426,0.08619664677697697,2.3493105047573115,0.022575022245037372,61.08539297069278,0.00017090607207275485,99.27194869399656,1.0496185172789487,0.9707230452934859,0.9034511119574342
58.32023690275216,74.8386831732175,43.014808244297136,0.057034931825205124,0.9869242891072219,284.06903263914137,349.9762081218916,0.0004705468808520676,133.9064777271362,0.4397,0.9531797072184618,118.84512759504229,0.15376896957150502,25371.86571371812,0.8476161908448253,43.14255431296387,0.058068766435501316,53.380622017314764,33.599868620263166,5318.583168746562,0.09915022924707427,2.2102744382921133,0.020165069154702606,93.24974184681805,0.00017775680224037566,118.84512759504229,1.024344316169606,0.9616149672882761,0.9456012997609581
44.60427981789762,56.58060231127863,43.27063298079786,0.057240195144514144,0.991702956432826,458.0019494187812,556.6377917454431,0.00042362524532290474,142.79768907696572,0.4397,0.9339507579737804,131.46453464332225,0.22366696693982868,31189.38136020299,0.8729566659306482,40.85877498370408,0.05895932101672017,42.3458886082328,34.96298336746925,6009.005386223793,0.17476645547148142,1.9873854542678517,0.028661161597816447,50.94499925931257,0.00015660689162252426,131.46453464332225,1.0531504189416292,0.9709720470315203,0.8975478884387982
40.748251123523595,52.63320891655164,42.54000834627054,0.05654972351452904,0.9919286493578169,318.9079501887261,393.27762561199876,0.000588861947903828,137.63608139594592,0.4397,0.933340710866826,124.66231471495472,0.17919435079514323,18840.85954500239,0.8383673976799232,43.596288246097686,0.058840051706851186,44.06823332025701,30.653213672428198,6781.914803813341,0.07817832664101779,2.33145575529633,0.018462646517919235,20.631824653673196,0.00013390521021708072,124.66231471495472,1.080542162806109,0.9544978482244867,0.8852078479119184
51.09704938782967,75.38079512551492,42.720663780608305,0.05681183399493588,0.9862939982727427,391.6266667305312,465.1924622874346,0.0004876356581504427,92.89453999825125,0.4397,0.9428833974420848,82.38496400194123,0.1952639803042497,27579.515127825398,0.8576519203112254,40.35203126984389,0.057444227458773076,59.50144341057414,29.586284474549384,6058.117111137922,0.0671242660672849,2.1591782209085646,0.012711805159163878,80.34900646563243,0.00012555896644785662,82.38496400194123,1.0600745648783518,0.9792481093022586,0.9340346766828999
47.418445677248776,64.64890707104404,42.427827205109075,0.05618819575383546,0.9866063577155085,274.6639184443637,325.5878105862149,0.0005380662522712389,86.4029164868885,0.4397,0.9603213867927651,74.88895327873759,0.20310054319116086,23612.613190316384,0.8753988132580999,40.40550441421558,0.05865915692837021,57.98073679484877,25.553646614240634,6830.374335427701,0.06473944240628955,2.239895089215076,0.016594910744927,80.09163551054007,0.00017197566269877004,74.88895327873759,1.0810907129447176,0.9747335021783964,0.9083306978858574
56.59579486264826,80.8938777362261,47.938938415229245,0.05512375909751969,0.9938809002637229,205.82184514820526,292.86680426800007,0.0005150535353328062,91.8608420381534,0.4397,0.9612875367857713,82.72511766801699,0.1750081357307201,18488.31504508527,0.8303017479668743,42.33145870281566,0.057917933052964915,59.794613180190055,28.31254675998324,6509.035281331095,0.1712299269332498,2.0312653237533347,0.01786423619920846,82.75546827799965,0.00013470679530111585,82.72511766801699,1.0228218992692886,0.9740283512424374,0.9049044157994338
56.16502944128604,68.61868260693768,42.44434610021444,0.05529985556732354,0.9929482164575214,321.24636068398286,403.07141614582315,0.0005003431833704414,134.84714841201614,0.4397,0.9785670044024174,118.92663590717683,0.21519604429976627,31628.804145019192,0.8680437135583242,44.97004732700957,0.056007224914261015,46.97782424389115,17.888483508567074,5641.431283419806,0.2109356284019973,2.0361303235879964,0.021662636276516094,46.81856357684819,0.00017361109348188464,118.92663590717683,1.0341731362880824,0.9675137741203363,0.902463696834571
46.342777856454305,64.6590261370533,42.79525248570848,0.05696498777260439,0.9827010160935955,360.945946867487,414.0615279501541,0.0005233155247113697,143.96817626448973,0.4397,0.9321449260353089,135.51620498858108,0.21934422180978763,21493.616643998535,0.8578910049907076,41.38258119885326,0.05528026820318254,45.14055773249515,20.383922411496986,4670.039160062908,0.10177713253183773,1.8075705422888824,0.015490009821783519,101.10709503115889,0.0001726972559768565,135.51620498858108,1.0650886344834236,0.9617697661237596,0.9486309563930226
59.057987901394895,72.17374670166798,46.96352757354442,0.05798666589875733,0.9888208375935078,337.8641453785251,449.98746319989147,0.0005796684612404858,144.78142073927,0.4397,0.9435715491114188,130.80055420320994,0.1585059479670775,33688.52231310033,0.8687768046776232,43.062640803782614,0.05684749840025168,45.81924028378225,34.69285726994169,4673.312656744882,0.23670677742515772,2.1227412136530055,0.021006266403476102,68.74668388303652,0.00015766855273621563,130.80055420320994,1.0508251003078106,0.9526152261093808,0.920017365715125
45.818356762802374,59.616125854701394,45.48144130045766,0.055047409717489885,0.9978541215742118,488.60430914565796,601.2698273459933,0.0005398624751388218,100.87510525593119,0.4397,0.9778806498763436,94.4792603735202,0.18739270758514207,26378.67739639604,0.8302416006971864,42.592995371871176,0.0553096950097377,72.80294184703507,34.59230046291077,6751.1919234900815,0.20838710157981016,2.25647808350032,0.02816091731131927,96.23879089848471,0.00015623974923450958,94.4792603735202,1.074414059493616,0.9878813001651221,0.9494340109819153
50.30114258463429,60.75196126605197,46.64650322741599,0.05667275049047915,0.9807261135220895,412.0517521538085,469.13179933117436,0.0005064960158910442,138.82389646094907,0.4397,0.9614005245599331,123.41695706172887,0.22443773012062915,25290.19962769477,0.8460451882202207,44.21059804825219,0.05697506701960446,47.78602964149452,21.45944789325626,3793.9832270586066,0.06549208107301425,2.3812947081519624,0.01847460699597147,81.10934643762647,0.0001770495881116133,123.41695706172887,1.0970043386496338,0.966662156862356,0.9040506691840429
45.11930181135205,56.90360147245522,45.78547204663593,0.05725302625864768,0.9971032789296843,498.7009401876186,580.4050964785639,0.0005290371921331952,117.53648745154676,0.4397,0.9555367114893212,109.63142011566545,0.2221637559841132,23466.118884387182,0.8277302337086171,41.4429480385258,0.059144395007853796,57.275957835206654,19.820971451431184,6989.172653148566,0.13146062570496297,2.3353361020249426,0.023031389878752622,61.60708148023207,0.00016536090610709694,109.63142011566545,1.0727889568560411,0.9698368681579554,0.9089778467062217
58.72087140097926,82.4735975154172,47.29305042197369,0.05748032448404164,0.9832635631412828,288.51802709419155,425.79858029373133,0.0005212788561018043,137.5954293843745,0.4397,0.9523787630840809,117.73403690976129,0.2044603343905239,23013.41779712611,0.8776049264791219,42.774721903557435,0.059221470742017904,53.52794342249423,19.590361496348372,4777.415280691839,0.06360297320685177,1.852194654811653,0.014577971742515919,87.9626846640612,0.00016099690627083445,117.73403690976129,1.053389031590608,0.9650306701917241,0.8948233888676067
43.292156351640365,58.115151223875344,45.83080516658844,0.05663561470366792,0.9901449726492343,436.715983882144,544.9326907066018,0.0004866242414972626,118.38553896660008,0.4397,0.9245306228081754,104.15700627341677,0.22776747798680141,31359.32549674208,0.823761503377608,44.753117575525906,0.05517036960670009,69.42998171975213,24.69728767008399,6259.935815328259,0.23303883155869898,2.388312072214085,0.026026540900920443,77.49773560120556,0.0001461444451211087,104.15700627341677,1.0633891214754674,0.9895150940269472,0.9101254881437653
40.89821238784658,60.02015056656545,45.1327505574189,0.05685974794055232,0.9884867285784602,366.66754026398416,457.8650126651829,0.00052495280202609,90.21252538453827,0.4397,0.9736024285289546,77.38589141128301,0.16076448930398432,28550.01698972252,0.8239290038796633,41.662929041680286,0.055347677337547474,46.61025603507656,19.475331595822112,4788.107109494814,0.19856042889452907,1.8896884134005103,0.01539341260720118,71.07111333978872,0.00014903990674421303,77.38589141128301,1.0930261185356938,0.981846880424748,0.884340374003253
48.70194120006076,65.67715317989985,46.2764981625678,0.05709017483582366,0.9802025867468291,383.5281063345498,480.0382991809594,0.0004887139600328327,85.54536857511683,0.4397,0.9575303129249064,72.9843159263216,0.161821126784453,30473.80262246845,0.8738893715309022,42.19702790655091,0.05834933543795622,49.53649999602767,27.969932651013885,7031.885001239378,0.1873090260709434,1.82466857903525,0.021596055870111132,84.85605259193069,0.0001433352658999001,72.9843159263216,1.0738391397329772,0.9538304089912547,0.8800390496353091
59.84751128111674,75.85427995979592,44.68435651075266,0.05757689874908029,0.9983079387417927,495.7559601326983,566.5839595762789,0.0005515228755743825,147.00534044465377,0.4397,0.9543000444756821,138.4623050975021,0.21574893002963447,23421.683192224173,0.8380457288882605,44.44406657251836,0.057499993474711,67.92574299519947,16.496396227078705,3731.306508564213,0.18654036932283968,2.249357901280935,0.0160049493946537,28.593897636692937,0.0001767792612215958,138.4623050975021,1.0842543598203622,0.9743270025882905,0.9117151433273747
57.83354532509828,75.8118366952893,44.076382937428406,0.05536686861160846,0.9890985045466861,396.1961599253351,527.384309996128,0.000593782496704457,109.80617895021052,0.4397,0.9523700205993105,101.20691387081534,0.21933338678951286,20228.74449405471,0.855821201970829,41.66249428617229,0.055746791963651954,37.24309263134576,17.073544448384535,4871.94795590514,0.10703650037914872,2.3435318701974905,0.011348047001236941,111.02610893554288,0.00015828715279159628,101.20691387081534,1.0441214727281227,0.9693853829460974,0.9322216747214976
54.972160389138985,67.78074455836911,44.805914714701274,0.05777854658882459,0.9990853655352123,469.64506770107533,611.0455382461721,0.0005919730714994458,104.53644514281225,0.4397,0.9435148524392667,95.39065676764322,0.23145268553210702,16737.30437056364,0.8372485317344384,41.903368823169075,0.05902764808866046,56.7432546543885,20.538685498716013,6722.859769298078,0.23670783104014176,2.369869743615114,0.016393254811220614,53.508204608236035,0.00016682181526342667,95.39065676764322,1.079545692547062,0.9817340814087856,0.9105945616523438
57.815849817570495,82.64490829536415,43.01828463059137,0.05507805221065471,0.9857348780195844,417.7250704157741,558.7914746407785,0.0005641471572849961,104.94121593378173,0.4397,0.9352798814816536,94.7880778332818,0.1681036877773257,30533.119799680895,0.8589255025376519,41.52059404438849,0.05608248081353211,47.99586934397118,30.548864667568566,4586.603540893106,0.234555331644079,2.2949856646597273,0.014240613214226984,42.46929635870294,0.00012223198410495303,94.7880778332818,1.031154509547189,0.9898926404862741,0.9162603779414393
57.86893279395726,80.14355082451522,46.77943037881615,0.05750859925287333,0.9973255154683195,238.21583651742503,310.609275686655,0.0005203517794118971,106.52540880328304,0.4397,0.9653193191200691,96.61379513714648,0.20167716594311053,23305.528610354082,0.8315481621562016,44.04765687662537,0.05539074627347856,74.36062015163525,21.465790780840237,4592.230115735792,0.19789776187484615,1.9229437294268283,0.027853475368052577,97.17963576761781,0.00017114557812851057,96.61379513714648,1.0799820493124175,0.9797722696240965,0.9111931126895865
50.37716720772898,71.50138669870171,43.56422268801567,0.055230221279679095,0.9984477914799126,409.8271130966938,490.9011398743395,0.0005498663976141481,146.14977795260367,0.4397,0.9505740510656997,133.5617570017225,0.21608312971355825,25184.47184193366,0.8475321674830881,44.6519348521889,0.05874753569050004,62.46228525602789,24.41633564567703,6835.506537847019,0.1437860414143586,1.8924017486966467,0.015323242292762863,43.12218870925182,0.00014505829784667483,133.5617570017225,1.090524687424194,0.9845971528321997,0.9168762995944904
46.31858103661586,63.34997049182515,42.92118927802228,0.05558388463481477,0.9911366483274157,345.29467660564455,411.35695408659825,0.0004356096590515109,84.38932111822231,0.4397,0.9220363719373532,78.70637372330465,0.1723699573829015,24386.864703940904,0.8520095304868236,43.15549440333453,0.05804062987315982,30.475031826275767,28.13244092018363,6590.096111421308,0.059423146158143036,1.8353810865428717,0.029488463635378437,119.576962320106,0.00016422962248896982,78.70637372330465,1.0920185973642738,0.9701054200942326,0.9342922833424774
55.44024864221976,67.73340547411479,43.47811345069936,0.0550116824391434,0.9840535557573543,475.6393978947027,556.3595112579341,0.0004958036914627846,88.33429011676094,0.4397,0.9439456699863298,80.35671928474846,0.20169278655939907,23622.757127384804,0.8400185734172277,43.11815065629826,0.05697221369365662,67.77632552009896,30.770798439459476,3980.776303067001,0.05566227002740714,2.1491814479364737,0.019846916234497303,62.0492541563443,0.00012240151888924655,80.35671928474846,1.029327204884212,0.9649439196144385,0.9362650403432912
53.23322526335522,77.04321313745874,47.05242091063344,0.056335770116608126,0.9937049486421144,442.05033415713655,525.3308713693966,0.00045146095299827284,135.27560608372943,0.4397,0.97571621829337,125.11073681441454,0.2138445024390596,28677.991541356998,0.8351020366761371,41.95001809856588,0.058463631018917675,61.64308452815902,21.142180424493056,5688.647675529648,0.07762686658477357,2.0923327056978245,0.014421299331352984,49.662440866314334,0.0001736323909971579,125.11073681441454,1.0863905642058989,0.9757311872602146,0.9386640630598729
47.473154577474205,62.59396058820012,43.98120777358639,0.056003077680152176,0.9909795613305892,231.24040628216756,344.55097998863107,0.00040069899622186943,118.45866439380971,0.4397,0.9424336736924518,104.01829320911075,0.17144495114776803,27174.68231517217,0.828412400060273,40.062418747857485,0.05955690344345601,55.24324120121895,29.619388223284442,4404.222678023732,0.16915293873861154,1.865570165061823,0.017826882663313913,26.206507262607353,0.00015959073537595168,104.01829320911075,1.028794921821443,0.9799767365494438,0.8948700935648731
41.88933336123031,52.640933706684315,46.116299217035404,0.055497978734461086,0.9988905933170525,240.17469309606753,309.13933125088,0.0005933475149344151,88.99757305726664,0.4397,0.9447939804755344,84.34087951076306,0.18755634102501414,34441.075972886116,0.8623686601784751,40.86968799411787,0.05517091221383324,40.62578141479427,20.72134808702665,4374.497778353489,0.20961987584093877,2.0788962712029377,0.013668622349951746,24.18041773638201,0.00014745004745227963,84.34087951076306,1.0582717562626212,0.9591013573281612,0.9120491119440741
54.935792226980524,70.07184737913995,47.138457783934435,0.05635327048241172,0.9887854412362098,220.88330053958168,362.82299297635603,0.0005727697123703682,82.41220957448354,0.4397,0.9574376673833022,70.31325008096634,0.1716338810135708,17778.07815298463,0.8300969629596654,40.73719177295117,0.05813839718837668,36.71924926834606,27.889324167332113,5815.454352852825,0.2396931520547238,2.1403941543206924,0.026673665076909076,29.514056114036794,0.00013821348594060697,70.31325008096634,1.0746017223748934,0.9701354991943912,0.93817039873425
45.249210318457294,67.16606577589556,42.466468001550254,0.056207112649516555,0.9853702729527964,347.97346242338523,408.2834094319162,0.0005027397236939854,95.69640437954592,0.4397,0.9681004882289529,85.04134274114664,0.24029429044285988,26470.386264654335,0.8375275834712886,40.57941001406518,0.056090836485077795,58.277980328628814,24.01760281589383,4045.9181909940453,0.08507241585522936,2.233772786106299,0.012399385386129506,20.503282881211188,0.00013866144854692307,85.04134274114664,1.05873992892094,0.9545516394716346,0.9459315313914106
58.736263010675586,78.0768941854987,46.590146431068256,0.05730298309809623,0.9827657400298822,224.2315277622059,274.9193288656392,0.00045083045762380137,98.25675163971897,0.4397,0.9601076670622828,92.18497126536361,0.17367988819299918,16264.80326804628,0.840214525876991,43.270236580266975,0.057370688799706915,49.79731227661938,33.53255638701205,5291.204403610714,0.10510557615923166,2.0485185420200525,0.027470555029908264,52.70899794059403,0.00013820388746858396,92.18497126536361,1.0471927681768118,0.9586541125311694,0.9180088367682879
44.819411500113695,66.08199027128659,43.84599279827418,0.0576793909182101,0.9939726713737336,417.10350097240826,552.5980138354616,0.0005385950420398473,80.99491207022494,0.4397,0.9710032838673768,70.30781940863365,0.1620834625985797,31158.368374163998,0.8472620078187801,40.68174476186899,0.057119905644416845,68.77291405040083,34.64186772442254,4520.958243346368,0.06082005741088301,1.9910114682470639,0.010918340969041764,51.0454400100806,0.00012786155116470914,70.30781940863365,1.0747056925996685,0.9852743556057292,0.9145099984601196
42.45515864822972,64.35968940616539,43.299734185104256,0.056957701755301245,0.9994821923796117,365.7075744351298,486.08455521173477,0.00048696021690998546,95.12633768360354,0.4397,0.9268382352224419,82.20188454665937,0.15351553115271435,27326.226665021863,0.862154121973004,40.428169762683595,0.05694989833917265,41.80681066249521,30.48246215380584,6674.120901278487,0.2478094333761759,2.1994075188924778,0.01599215863058666,63.00917454385892,0.00014782857228174464,82.20188454665937,1.0728703020085515,0.9557892793052291,0.9335216339803222
56.62225344249812,69.80157260870627,46.13340871471783,0.05537323116617957,0.980566875411428,450.7655052659427,536.3014923015426,0.0005606699066845399,131.682325586668,0.4397,0.9754755531991189,116.7420540712978,0.154495347241135,23567.576319850756,0.8456767080792224,41.91290753280929,0.05595178050123731,58.6883991380812,33.309286712868634,5596.179236525275,0.2061830158422146,2.2105341858273273,0.012797734404855536,43.29229232410981,0.0001472091812480441,116.7420540712978,1.0666314124132454,0.9824539300720885,0.9494186019521778
43.06568633248988,66.92243607388758,47.4587797363994,0.05588617238412955,0.9948089070955626,283.9387366013949,393.4887071924067,0.0005999036220361899,139.88035827459026,0.4397,0.9742353159446832,124.8879073453592,0.1691586234966817,31044.71309287892,0.872265617286129,41.24511331483949,0.059013249682224905,41.197936649655794,17.730084840483823,4374.3917925418145,0.14614282583800547,1.9622571340018913,0.023705310918414744,26.274115794411983,0.00014471619955740405,124.8879073453592,1.0622742931821385,0.9649038297301216,0.9098152538845927
43.58536616315478,60.15521020696037,43.77011525227437,0.05773995489049684,0.9985386072511934,355.74223524834224,428.09664533226555,0.000469816521497974,142.87650808388025,0.4397,0.9511489151951353,134.7810402766563,0.21082085113069524,24100.052169831564,0.860787138797211,40.72930272817941,0.0568976029246385,58.63426855919798,28.08927915095829,6935.2763497985,0.1651130710604891,1.811893849342276,0.02024643461986082,27.116252795294876,0.00016218565424907714,134.7810402766563,1.076459191929787,0.9765408550217519,0.8915569774764384
51.98765583041687,71.57286056937934,45.413002832305914,0.05526620347902367,0.9814956306845469,235.2439057731633,302.0828706377009,0.00044888060869560957,107.29398228504803,0.4397,0.957484534267232,100.17094439681391,0.15176498745111225,19555.721906268944,0.8703092029678108,40.73063937779284,0.059435981304682396,32.1755088997071,18.967358831448166,6562.427509464306,0.1624348822666184,2.3674143418455116,0.028786791456957415,38.214637530518296,0.00014518889176070505,100.17094439681391,1.0522429645360922,0.9864130548656962,0.9384014760760861
57.49124081674929,67.52587240555042,43.73900468309695,0.05622056751817248,0.9822034009021227,465.3830007950841,562.4979143089564,0.00045347649775895164,102.35896081324904,0.4397,0.9327687830120841,91.7554899950815,0.1786743924757147,24450.015222206737,0.8629812376798565,41.281028533913826,0.05677334136473245,47.6268342066473,20.539370099448966,4555.052029317289,0.10087215062863007,2.2531718438755033,0.017323615221612982,51.65895268691147,0.00012534022301001723,91.7554899950815,1.025501459819387,0.9812359472033103,0.9297297645935986
43.928693314291465,68.82922079045913,45.32571351435857,0.05782751385770045,0.9938391419689941,252.5014886869515,337.8202716590476,0.0004186692491361344,149.99025937455212,0.4397,0.9468768462788834,142.08539924299055,0.15581668913232993,16416.635932746784,0.8289179079902259,42.684248816880206,0.05919856672339577,37.77085271395881,25.45646482431256,7059.783268094803,0.08707813885868393,1.9206626006780123,0.01081498187000987,34.79920502155123,0.0001711235773388213,142.08539924299055,1.062996360815298,0.9830376447919382,0.8901553040396697
46.206473458001895,60.41991924746422,45.73117218392604,0.05785199452440846,0.9929592675179157,230.7086754051215,342.2316804586507,0.00047880923930003103,133.8538315645112,0.4397,0.9321622016551888,122.37289936261757,0.19036587702991675,32957.222192787754,0.8786756381118455,43.790478000456254,0.05772233165762344,57.26702983005636,29.839745380879982,4563.860101711366,0.1093951433244264,2.139399390596319,0.025233181263902664,56.51178236144293,0.00014550605190883595,122.37289936261757,1.077876444179507,0.9604459628041336,0.9026456507716636
55.548096764823555,66.47904336292588,45.66201233274108,0.05623360953114668,0.9813765483063249,261.515179556955,333.33009801305815,0.0004034850105433819,117.6146456635288,0.4397,0.9213186007364612,110.24795503328929,0.15485767378298576,29619.167494689224,0.867195175946102,44.263883216260695,0.05692812617429896,44.25276239299793,29.429881483909558,4653.515239369115,0.09943070995922998,2.1569685184056415,0.021590012993514346,112.22201533621983,0.0001593171392571558,110.24795503328929,1.0439327926092854,0.9644669841450819,0.9187256374561009
59.436528521219344,76.31045914426706,45.741278217856475,0.0570021906642964,0.9966884550430232,441.86944661689444,558.1622166729563,0.0004228791114802551,97.83400028825776,0.4397,0.9788541840876231,85.56617411500667,0.2107541776620828,30206.315724300555,0.8543633061180407,43.75708924869425,0.058520161072989976,64.71896779545372,32.38918683914086,4989.4680754972,0.16150561797287222,1.8755931791974076,0.026548706104888277,46.16030095296168,0.00017579378128141718,85.56617411500667,1.0312600910508747,0.9793116808215864,0.9312025892228813
50.01482372404685,61.95027458177748,42.81047875330515,0.056370236795062,0.9904684769568979,231.74435830540483,358.43051033568617,0.00045433914945453404,102.49138170195732,0.4397,0.9355487909426123,92.12913480442609,0.2188424265519015,32489.866080368847,0.8299138564442875,43.141066298520855,0.05893327312301711,35.15674621935082,26.185497042531743,4193.2987936364425,0.11164056116797139,1.9149942524037349,0.018522771441472165,36.83993170126469,0.0001660449061719483,92.12913480442609,1.0929472955329695,0.9810893834648514,0.9346452608488545
42.87795005102502,55.162850703388656,46.16124281752032,0.05726038161830903,0.9981439474667323,384.3282484514498,450.99186275429724,0.00043197255518189615,116.07550441805711,0.4397,0.9555864985338701,99.00912280837323,0.22313375496437635,30831.45177630167,0.8303608389147384,44.53812288759742,0.05741345395137241,55.0295880113659,33.52685306779148,6073.258099365965,0.19578895832313525,2.3740239098782725,0.02476362322712901,86.47762530022318,0.00015232793227069224,99.00912280837323,1.0890999731796958,0.9816020907040351,0.890901195888094
40.27872575416403,59.76296794961718,46.048502138281336,0.055094743992079,0.9975598176198541,423.8543901845377,478.2402185263293,0.000546431819900145,117.94580438535255,0.4397,0.9380150230122718,100.35867188134053,0.1724343398646255,23637.051805068797,0.8568598704916085,42.59868401367125,0.057127102141917685,56.715503832374466,32.75777191373986,5606.414372980057,0.16358794657140713,2.1048065160125384,0.013421314122989362,69.08810379606986,0.00015270133543054747,100.35867188134053,1.0694747375433056,0.9796043192561715,0.8951725469397003
44.593120599977105,60.48703147353061,46.0955287333013,0.055432471446764074,0.9962501553810033,425.32434814486135,519.2830856749952,0.00042112095817358006,80.95750509915744,0.4397,0.9422372972126261,74.52505260742619,0.23685001619617432,17372.72803050899,0.8449718279801206,43.16678420426846,0.05788709485186161,30.99468448740297,31.98114978960981,6820.064933586924,0.15645275308280948,1.9148653316360857,0.029990531096636817,24.725401580925713,0.0001709718622254844,74.52505260742619,1.0829285722963262,0.9592649044497018,0.9320885760097531
42.63644435573042,66.46423110805534,42.444423316432236,0.0568425964106308,0.9903179779248884,257.01826598243935,384.42067458168304,0.0005731988210049049,147.15800596900323,0.4397,0.9438656935149365,126.82509043374152,0.21902881673309266,22467.295599619054,0.8605515700309088,42.05810275165934,0.05792581689252859,31.619356988272436,19.590402156086988,4467.15081232752,0.2402587534178493,2.278544852456405,0.013472939497382179,98.78073311663888,0.0001694179375854484,126.82509043374152,1.097504425181954,0.9615634656062371,0.888127866094186
53.55317347225715,68.3405208913782,44.681033054484914,0.05569765678732919,0.9850342128349886,218.4871995132836,333.56518307069786,0.00044422290074219056,120.29243731460944,0.4397,0.9401028038794855,108.83829051972599,0.15566502192998202,33681.694287594444,0.8423456634939821,41.63692100440373,0.05712739607927344,43.870807754760826,25.62895986374393,4212.831191757117,0.11448190707606426,2.0823439815200837,0.02659601255317732,91.53429718537761,0.00013071916392764544,108.83829051972599,1.0655407184581474,0.9876816403025622,0.9148712167247193
42.43665009257062,63.32935201832914,44.45421079227438,0.05699815689780745,0.9901195100782226,334.6419151316653,454.8300871731244,0.00042171812339431356,121.24107710863933,0.4397,0.9582439855603961,111.49338522422492,0.19407667087014271,33981.80982462759,0.8507707102873957,41.658558897306264,0.05878831439221319,57.408394773536045,29.724731940871543,4891.044213646307,0.17705397264798556,2.183047249963616,0.014248763379254523,117.72983617403412,0.00015759006489110623,111.49338522422492,1.0395345347680272,0.972154415269813,0.9182194508074168
50.12659863241266,67.04309008473626,42.5202689018592,0.056053668782383895,0.9820162275560356,260.74560357336384,351.0295375727007,0.00040202132888625175,94.80297936276735,0.4397,0.9776561762293163,80.88812593966182,0.22677564933724811,30357.41731047591,0.8312774822778377,40.74158640856147,0.05699860723876904,73.3183497822993,34.522050156891794,4125.991260629119,0.05001012540548573,1.9785009201831474,0.025650159691883355,113.83066195622956,0.0001719429395061067,80.88812593966182,1.0711049592426098,0.9801780160510949,0.9037548182987931
53.88524871285773,73.78451822979692,43.334207567380865,0.05765993667438347,0.9931769229694685,409.7812427041814,483.2757972294884,0.0005430410008644293,133.54910251608734,0.4397,0.945718079000374,119.50963825044616,0.18108939267202298,19088.61166142775,0.8293120686576295,43.98298825336926,0.05726499171441246,34.08525794948984,15.232945474742206,7006.143701399797,0.19738472945545388,1.8347424589537684,0.02722504834054946,78.4248293625244,0.00016819844562054377,119.50963825044616,1.0931674940880365,0.9739678271823768,0.9357435349888816
51.62233218441805,70.61776253515791,44.64577579078822,0.05745777815667996,0.9826795443845802,307.0078398966263,410.18572422508726,0.00045132334918770837,131.60851640642898,0.4397,0.9783996034432559,120.87126108779373,0.18815587739072648,18888.99716928321,0.8245386858219094,40.27684042166772,0.05802659112139756,61.64232479448626,21.542290678901974,6182.808108729871,0.15050878580335225,1.8989665341384265,0.027532818124195356,88.60212935806126,0.00012748296097873758,120.87126108779373,1.0752118561118784,0.9869800746098727,0.8838791067522054
43.99551303320115,61.08727262458612,46.45743785914849,0.05647851340020635,0.9902234592500144,334.80618230993963,405.2427516848593,0.0005018997210275549,86.66105813833349,0.4397,0.960067834240687,81.37240230418007,0.21296038272965429,32595.43021761441,0.8691783582939131,43.3734262188226,0.059934244509653324,61.172225495524955,21.84700505171697,6466.289956736988,0.09167699145689195,2.383822141887591,0.019514368938263527,60.950682398682716,0.0001461415693402006,81.37240230418007,1.0220992312919523,0.9847512727238527,0.9344211146346557
56.082490523645255,80.33340694301181,43.422372461907976,0.05731868526128458,0.9810876394833363,234.04547993051355,356.6683496290201,0.00042232320933443114,121.64960605819442,0.4397,0.9564281717012606,107.04228753535979,0.15554808801158979,17838.318460222494,0.8533231750947796,44.32230096418518,0.05630343055507051,60.12634095765645,20.770691395637137,6292.957044139517,0.05030211128572344,2.1741530614969293,0.018576259462332517,108.84671865290466,0.00015109398627656417,107.04228753535979,1.0933706083090013,0.9604549916542249,0.9252222923820492
54.30814259231603,69.44884723364036,46.97849946074947,0.05581341365870527,0.9859902498054929,370.2650859644575,439.9617315604052,0.0005970591846472498,126.07356217309159,0.4397,0.9342262311079355,119.44482266964893,0.24669350405079174,26682.749546649786,0.8768284623943997,42.48714173492684,0.056159763999557626,53.22663036894908,31.348485995258905,4474.149029181673,0.19138879280075077,2.298651119144643,0.026675822602614724,75.28088251993479,0.0001354685732731702,119.44482266964893,1.0802940204203175,0.9853883788782355,0.9155052302971378
54.77968007831083,67.43821259704993,45.27478971443678,0.05648277933043559,0.9846416092133957,255.65725688957218,334.7835835610063,0.00042507694781399106,138.4897722201714,0.4397,0.9237752423539629,129.41234237898104,0.16744810106097277,22565.033645581356,0.8649691768815597,40.35100390920775,0.055884436332564916,73.50716777745646,15.901428732868082,4106.363896872852,0.18254014071011476,1.8129117347542916,0.02158978445901628,52.55513263350455,0.0001607699631330249,129.41234237898104,1.052146481071792,0.9620015743512125,0.9410660888235021
42.621155031146266,62.79256594434369,46.562530111107705,0.055592446155589836,0.9924006308542334,403.6956982744811,504.35017610678165,0.00048238518532837564,94.42638252423974,0.4397,0.9711160862175097,86.40613676561253,0.15266719996462602,21040.22015922353,0.8661257896149697,42.14208730818446,0.05844722107154067,52.57988123199066,22.188695000169268,5145.960898834016,0.18308142329591343,2.2592775006926202,0.022425536629770565,20.949149190958252,0.00014857358955367976,86.40613676561253,1.0989993511479255,0.9676392180572264,0.8941572506623529
42.47507607300689,65.16518949262553,44.83533590002114,0.05758265850556298,0.9957357342404501,221.3506467643681,320.0216401787176,0.0005703299004668932,141.43443577644842,0.4397,0.9544388638366561,125.76244670835665,0.15053229820404201,28547.64051353961,0.8505435060518209,41.71613301441175,0.05724547318709204,67.72336856396436,29.233692165520704,6584.468838388133,0.13749096462409222,2.090971239925118,0.014721342424172428,78.64497649769997,0.00013785052251917795,125.76244670835665,1.0777343466268439,0.9840493431247561,0.9360541824587044
58.55125102013015,69.15505711922901,44.99516535253334,0.05746920284970525,0.9811460590908105,492.768377684397,602.8533153251,0.0004489773896960814,112.3036750195317,0.4397,0.944864831745493,103.44415462577447,0.18995543749993957,34191.38153303876,0.868927236191539,44.92769659649716,0.05694303170037137,41.81342712935987,23.13479438213967,4789.855182962767,0.17785946515398976,2.199184726122718,0.018923140284052134,72.54338905148946,0.00014021187153804679,103.44415462577447,1.0860352865468554,0.9629607630135603,0.8931442178533082
47.95156387649881,64.69605420283902,45.718316336277844,0.057706449005227006,0.9970056737031077,405.3580935757435,499.1025536257352,0.00045339435706923467,86.75665335139513,0.4397,0.968718039325309,80.82417499993372,0.23842533654753778,30552.67476480597,0.876523806718829,43.45632600809472,0.056020451870744344,66.28388246880849,17.88127167384499,3634.426592021932,0.16426695802121205,2.0149230242044647,0.017388977761335737,101.18771778631032,0.00017140010130039878,80.82417499993372,1.0954533247399871,0.9616308767274999,0.94933122680561
46.018973835618795,69.4062891809287,47.567823648994946,0.057632430943672784,0.9972153538990921,254.51887034357785,396.46620119458703,0.0005616999031781466,87.39348550576132,0.4397,0.9386348229546392,76.93510600187687,0.2319762079217929,24723.25186203108,0.8633044151401262,43.6067990241446,0.05945569188701669,74.84455802725199,27.21704945518175,5976.218527637294,0.09777900892225373,2.1725212960913343,0.023306431181760682,38.70046263066364,0.00017197198832905533,76.93510600187687,1.0231662771776853,0.9767462739758368,0.8822935338922867
49.77168090703067,71.01596019087368,44.95087548847746,0.057878788786178484,0.9868453814857604,204.22839363855672,338.22180305827555,0.00045466793143840255,93.84631175712187,0.4397,0.9670170353578692,89.08670897286444,0.2412045798249695,23814.230164044326,0.82633533645322,42.57913459481115,0.05721586517611193,70.9538694498192,25.452204727872378,4320.227055071391,0.15375360829368573,1.8213718606726548,0.01392966560038392,101.54012678473413,0.00016874253944477026,89.08670897286444,1.0819535875229345,0.989987054496559,0.9187238081424636
53.25728425527165,78.13440000273607,45.17194522864975,0.05568500869489578,0.9931800813194064,300.33886766156564,438.25021278522945,0.00040057426221896264,99.79254941897159,0.4397,0.9396778301243478,93.8910113420533,0.2033782319328899,33153.28376644774,0.8590611915552103,43.54707127221048,0.058038466557431646,43.683227343837544,34.63677672231738,5554.206584609904,0.15291855892377904,1.8273532275220266,0.018115038534445772,21.528361025556357,0.0001748321292709762,93.8910113420533,1.050907714828624,0.9552422792436579,0.8917611769954916
59.1124651409394,77.08367231489805,45.61198178116518,0.05779547287238595,0.9880522606340689,245.84397921566222,358.79563635600596,0.00048558274409798996,114.74840631218598,0.4397,0.9752528711842499,103.1071970195202,0.19487462338751643,26562.14196947508,0.8272259927344655,43.612854883610844,0.05556264789146264,68.07708641317797,29.970524382424184,3653.568180092228,0.21472457764667474,2.2793018459430887,0.02697464117996315,78.73133776997324,0.00017713839052088754,103.1071970195202,1.0895260010319021,0.978042425860788,0.908558254653136
45.7289245376411,65.62886031965837,46.425090823786356,0.05671363957405599,0.9830838176437926,265.5233999358638,379.02419152194443,0.000402507041935695,132.4125838421192,0.4397,0.9360780124674082,122.12187394842147,0.18858609761067946,24932.780461323906,0.82463334534512,40.33179440373053,0.055539861083424506,34.28657053629239,34.72351975691368,5431.859480237678,0.1366978045341472,1.8746791606802642,0.020928913541770643,59.68524012448811,0.00014950967464679455,122.12187394842147,1.0903116684746588,0.9710782155162088,0.8903562669122193
58.49616858624054,73.03337280330946,42.43110201291741,0.05626748525175446,0.9905732483712621,461.82507753136684,572.7449459029617,0.0005819584567658733,93.07081314136026,0.4397,0.9282532470544743,83.98718456170376,0.15464180757913057,28656.71739062846,0.8615740243069563,41.11303262238635,0.05533677270831998,60.49684018258737,18.727052822320033,5016.990548761954,0.13721708715325542,1.808390360751682,0.027920879546496233,53.15205213423917,0.00012580221734098004,83.98718456170376,1.0862894776402154,0.9664246996123481,0.8935677816253378
40.49718982772512,64.71022382271501,45.094124631131834,0.056681121687903624,0.9817271934900319,380.9613980152549,474.4498134574005,0.0005283626448358441,149.48562561496755,0.4397,0.9618858025009647,138.43759973719395,0.24095212563051535,19743.076342590528,0.8700871259154423,40.06483777714443,0.05683673040419147,45.39658048440089,30.231900185558047,6769.48315313772,0.2468808942549633,2.347473893781992,0.014650548879133612,63.32959671667206,0.00016800426043858734,138.43759973719395,1.0823360468522236,0.9799943499883126,0.8842686356108542
51.103960846536495,66.59899317488454,44.88954953523626,0.056027807069950836,0.9975694431079197,252.93729590866985,335.1478960153961,0.0005166028532442484,91.30653522392188,0.4397,0.9297708351838863,85.16144291312774,0.19961760922847274,16274.709751497594,0.829530489443762,42.54903702964286,0.05736443301095956,59.64015403180191,26.032764393998335,6198.529677998507,0.22889277457178664,1.9593190576461224,0.01879806673196539,42.359148619907266,0.00015800591570439771,85.16144291312774,1.0835426267699948,0.9721934531763844,0.8805602481691696
52.679502233621704,73.75716292392113,47.53010990542542,0.055865659020882856,0.9984857951881921,366.9978202062347,476.1981089511217,0.00044031790217247265,121.95645774055032,0.4397,0.9769617830173392,103.9462031361315,0.195506743105151,32102.22880970688,0.8244489164779626,44.37899927418013,0.056222890747246186,48.55120534107594,29.250189984024352,3729.701357650424,0.09845719800874836,2.149429297977863,0.0200083244639021,38.34256530999752,0.0001428310314137761,103.9462031361315,1.0437242000577287,0.9819124459216558,0.9303514120274666
42.117948075015065,58.165051136801296,44.96103948261805,0.05572394301393259,0.9964322627402281,276.734196027498,329.28737974134305,0.0005399892370857272,145.02583051099379,0.4397,0.959333306743332,124.41957476708045,0.20151674870141173,27145.23401398914,0.8731913736515227,43.04777267347664,0.056748387529386546,30.406491742139508,24.351029250157787,6442.280627899777,0.23205861893373342,2.303350182323103,0.018011348146123728,100.51068840014496,0.00017853198915743324,124.41957476708045,1.0525222564901113,0.9797541577899633,0.9117422372922319
42.806791941278256,61.234075892223245,44.80992320816598,0.055247283968371384,0.9912505624151196,492.86025930742676,543.6059024498071,0.0005354509287356691,138.27551960137788,0.4397,0.9338516396770716,122.18671233709992,0.22941545181142003,18297.542024501377,0.827932560219452,42.50103763903854,0.05503130017011885,40.407444932157794,19.24781639425834,6448.418835752378,0.07759333126920656,2.247544247655257,0.023689871246950607,42.775830023064735,0.0001403211121622182,122.18671233709992,1.029204391256245,0.9894047593573851,0.8831914529624686
48.38228638632607,69.17902441164927,47.77319993120821,0.056489694691441564,0.9911519718225091,209.8271690791086,344.99135170878344,0.000412092714785073,125.35224411642119,0.4397,0.9325291360571257,118.05190030718664,0.1724471085982564,20960.958530014945,0.8221051656246242,44.6298292380532,0.05675544232630697,31.90738047862422,15.91473326930249,5988.274373999213,0.22067821174800012,1.82797669248656,0.012974396231869407,93.6971994496366,0.00017445803871996612,118.05190030718664,1.0864473217489292,0.9824346339412018,0.945727887321871
59.324638242863635,76.95865051913395,44.70345878160529,0.057663285027141666,0.9996921475320186,419.6955266503445,474.33793112810673,0.0005761693061621144,130.0845097753629,0.4397,0.9754325023472252,115.75275569102696,0.22099006789949233,34798.670251790616,0.8632632621259894,40.86109255510877,0.05559585667415424,49.227146525993305,31.7657651465339,6945.468249253183,0.08666467534600347,2.136569220515306,0.02038800780343715,91.13605444426324,0.00015555506688351854,115.75275569102696,1.0716805180659728,0.9526719918971438,0.9265927101823772
51.920851064687454,75.52714596833007,43.08530658193254,0.056890455907823156,0.9849580337966236,431.8991078574282,534.37862289077,0.000515882672585961,89.3943938693755,0.4397,0.9564714747709935,83.91909644193346,0.22107697408540328,27688.472649273106,0.8708629332457206,40.37302154078843,0.05564192239186945,67.80320790276824,31.296166971733186,6491.71269959809,0.1351206697796728,2.125078720257264,0.012775447009520184,23.340041570700247,0.0001221985190445531,83.91909644193346,1.0690173372093295,0.981183171821765,0.8984991192423446
58.660464432004225,74.94997925092139,43.30149673683473,0.05656292689826732,0.9815189673181042,220.14882918731007,331.64760548227457,0.0005584933762077221,80.67641376321738,0.4397,0.9736241604003449,72.30570266609706,0.2349552782258183,27722.24281934245,0.8508684004878535,44.58652868204859,0.055022530487800016,63.209854153878524,18.250794675726727,4388.035192567036,0.24678432625366792,2.0100481069262774,0.022583949775751094,108.10724201875452,0.00017162010648480889,72.30570266609706,1.0396862431285239,0.975988128808318,0.9107086602984069
56.08721831225942,75.7932952844093,42.57112523002184,0.05628577875475275,0.9912388184720236,251.56080926940547,321.377932231649,0.00045258281442576883,110.3904149052261,0.4397,0.9266135122907495,97.02051204142026,0.150868359846387,16443.27326417444,0.8523955146456272,44.513908774594064,0.05848190283032553,65.50104838098295,27.90361799087681,4973.5651860875605,0.06940978731044607,2.252137788821011,0.02660496266548934,98.93551300933804,0.00016573271851531808,97.02051204142026,1.0692028867241272,0.9535916140090778,0.9142486678033943
49.34763203110583,64.48306853060664,42.003408775553666,0.05639320487895158,0.9865757119562021,315.2919977311873,454.8650815577021,0.00042440955995069084,86.26632484368122,0.4397,0.9755235317347506,81.09591111022563,0.1670395543235132,34379.83468487863,0.8402116307636427,43.41486243106475,0.05965641887024692,66.32398419621282,29.754674010643228,4859.723600770943,0.21795756399360106,2.3784033947853116,0.01039994093387128,99.60672494233843,0.00015854925277976353,81.09591111022563,1.0563641380144924,0.9742195691407237,0.9198949470339605
55.69526898504375,71.81761900850894,44.591673966002894,0.055627832042715854,0.9864467754561609,460.44644795872034,529.4560251335579,0.0005404899146373569,105.0426793338977,0.4397,0.9512029587196453,95.1757134129545,0.19710468520447555,32855.65779117441,0.8343077919319739,41.22989581048026,0.05810772780426079,46.7372904619564,26.152499907623813,5417.668139181853,0.14894678990553192,1.8883119923615483,0.019138724434078686,100.91910522190268,0.0001568752284046183,95.1757134129545,1.0996215045332494,0.9800321440227016,0.9400215194368693
40.35673567953975,56.95748730304304,46.615455487789326,0.05746880763157929,0.980141707083399,361.09998152554977,499.55148026221724,0.0005587765372510324,95.66199554988162,0.4397,0.960105314979881,84.76116092009597,0.23505403874614783,25955.64884526441,0.8653139242105352,44.848820123521854,0.05548101025963955,52.771157827202934,21.344578061922107,7033.369032711487,0.07219827315502209,1.8871344022466174,0.019854071836205904,78.25532290750638,0.00013313012955935418,84.76116092009597,1.089045461818995,0.9578877805297755,0.9212930197913907
42.1828799353147,54.06998520999898,46.40079865679901,0.055595148889844584,0.9919247881909586,396.5920550021872,522.8910819354907,0.00047720670672385824,144.14427056665198,0.4397,0.9423725282924769,123.1627314962524,0.2465116861627984,21187.77832901747,0.8709570644872625,43.82673175901913,0.059948247246962516,52.880302653843046,32.61891804371588,5816.154126412122,0.24049827582100058,2.2408416116765215,0.02440508421306274,119.33808668877622,0.00013286916775196068,123.1627314962524,1.0620786305525247,0.967396465918943,0.9485108304331404
56.58857229765473,67.96442748353982,42.1928945268171,0.05714986827018194,0.9852806740455122,434.90385063705276,508.9781459894722,0.0004047384550632623,141.60391993056402,0.4397,0.9235484193203496,121.93418858146391,0.20948686146794013,28961.104567721835,0.8392746854899118,43.369472917923346,0.05987792585438256,35.09438326212326,27.848812750828614,4726.580613912463,0.1598462736278452,2.072649846099767,0.011494398639500716,37.91521404774551,0.00012175034570380757,121.93418858146391,1.0846764453838942,0.9716994515297563,0.9308766362507708
55.93634176650323,75.9486906137046,45.4198974215642,0.05727995503448846,0.9837571709638536,448.436836501256,513.5112531288653,0.0005636508049307728,137.3259993971706,0.4397,0.9774783464805097,118.64019248456705,0.17121339754230203,31667.487889437383,0.836429151092539,41.11455662007724,0.05734117267828744,56.916395495772335,29.404350240277008,6989.463858187579,0.22612820438486708,2.2771313583478294,0.01812041562540192,27.233593094167478,0.00012924824778322148,118.64019248456705,1.0331604000686672,0.9665261087438336,0.9491962038789565
44.65281483932867,64.48558091447445,42.925698752480855,0.0567246071260832,0.98080863862786,342.88536292510435,424.5086339437279,0.0004412187812660881,129.97610088897912,0.4397,0.9796758997465089,115.22168560466923,0.16845846958246455,30722.428196465073,0.836067503172703,42.565445858165575,0.05553934609203148,62.408090055015094,28.04229059004664,6120.97730218691,0.22382138839735016,1.8846465657882423,0.025709624623451117,90.4167472379422,0.00014018887585779018,115.22168560466923,1.0281120399301282,0.9850401921180509,0.9185524405893536
50.61539181198107,70.5590375251325,47.64645770858819,0.057588779124864486,0.9872872315295123,352.63794163204443,442.4329982590719,0.00046780638837949764,90.78503503728189,0.4397,0.9418728109256266,82.68095414834423,0.21394439539862675,34540.94744095758,0.8230357250813414,44.112881206485,0.05860369654823602,57.493551860098236,29.425773431701757,4557.889884535212,0.052926916588139576,1.823914526485326,0.020642891230217484,49.39372373956862,0.0001524434937805098,82.68095414834423,1.0704520639740291,0.9567561282169424,0.9274914431924163
52.120316414000214,62.41681309414059,43.004189997865076,0.05587315105735195,0.9975793774477292,415.4017571263338,489.9802247762261,0.000525646201555426,83.38571983394061,0.4397,0.9766320757851188,73.4427241693372,0.17100691470594045,27737.10797333885,0.8368645014904228,44.30130112366143,0.059807341022417186,63.56846706192852,17.90134289868888,6863.445967688026,0.10296814071316718,2.2187604449109846,0.024996923762265224,80.82332239300527,0.00012784851344986331,73.4427241693372,1.0781428662351116,0.9808622221022741,0.9316529000445253
57.35477907552023,72.25298171559693,45.75983530618489,0.05764485166372859,0.9867334161519474,279.00270762068794,428.8918624961303,0.00041999094384226056,125.77215004982847,0.4397,0.9300635774576939,107.73048268098186,0.20530874239208863,21424.508631177305,0.8215390550181403,42.80715057900634,0.05889349802069346,35.35010706561855,33.451887966226266,4839.166432089956,0.1173843159226305,2.3968266317724662,0.01728019560543316,59.17016129388426,0.00015345433081640208,107.73048268098186,1.0242445151455575,0.9811236477015226,0.9328322924198298
52.06214314677452,65.02929085566247,43.95743017298434,0.057188231378797916,0.9935814842023919,456.34692090965734,529.3121545336154,0.00041439915322769266,124.95806960225696,0.4397,0.9292810669795145,109.52335802481693,0.2334811929143902,24958.55226137067,0.8673044573481024,42.613969218596324,0.058121014272854904,64.26340258503797,20.716215959170032,5458.3605921041435,0.15697280910830103,1.8568789261774203,0.028401753637717096,53.35241585010035,0.0001357992072727077,109.52335802481693,1.0360770680958256,0.9679211984357063,0.8817100739835404
48.25143138547361,69.9237027236338,45.849367955786114,0.05739624948328528,0.9951309392680382,206.23604734275247,339.29953004103817,0.0004051407543150549,105.85969993281367,0.4397,0.9243867104005503,94.30703663611959,0.188981964846209,31326.34335901233,0.8353556097418575,43.4884191415382,0.058054159511855385,39.36630465158144,31.73102446059916,5325.202244483102,0.06437320196821615,2.3186027336702817,0.011546905164390298,109.32486245948724,0.00013523766749654173,94.30703663611959,1.0629814381537979,0.9715791196760392,0.8889232024514611
47.48368086814365,70.39313688908561,44.47355157878445,0.056993739128581945,0.986562016183804,258.7314806629174,324.6432553719647,0.000583327972047891,113.0880666504918,0.4397,0.9434761644550491,107.34624543581553,0.18784721897419293,20306.851744307547,0.8614093113610818,42.64124422156237,0.05988959057102814,69.45720702777898,32.86768408193828,6925.071143877073,0.12779337966593798,2.031173844464049,0.01182328811605595,34.20434586119319,0.00017687665244438277,107.34624543581553,1.025025327967106,0.956142497972518,0.8959405670220363
48.5176417274702,62.21784738586241,46.557858313838366,0.057539029050969914,0.9964328147002408,440.05998291095096,588.0844454385457,0.00046227654885373114,114.24045717665925,0.4397,0.923138135010896,101.5938889664791,0.15361403368910737,19628.16509887983,0.8525913031324334,42.0884051903283,0.05536559668409885,41.0219090557858,28.024472133200824,4556.388093843544,0.21292762472461935,1.8100737271758642,0.020569718098180926,38.898565439364916,0.00017954067263030804,101.5938889664791,1.053924226902696,0.9578063028848262,0.8990046143613493
53.03862051159948,73.05635789431928,43.38407475196715,0.05797929658815291,0.993837593193339,302.07746356780166,374.62980939611015,0.0005321317630234264,96.79496929225544,0.4397,0.9436794313767738,83.139090680284,0.17540845784245548,29496.691606529414,0.8702478177986319,40.427095057121946,0.05574778009795313,52.139657266069804,26.966015241774905,4799.904288718726,0.08463822300145332,2.1060130757827267,0.019416476980713047,86.78408528700807,0.00016868631579605565,83.139090680284,1.0585663823566642,0.9712665924840846,0.9433757732506726
57.3498126350465,69.29025468692062,47.43475111748556,0.056260488563573914,0.991184844574019,244.9498498076918,337.11870528605107,0.0005978470498035484,101.99166283353101,0.4397,0.9283034257189802,92.61980003104088,0.21981914596192742,23888.548530308217,0.8776227236534213,40.6302483785779,0.0591540572236984,51.926983349548536,17.18096422343162,5976.576660014316,0.19025529491527654,1.967312524274892,0.02276935054929803,98.26010127651298,0.0001232635188440041,92.61980003104088,1.0937447785710674,0.9589872313173397,0.9305822256430705
49.07793764152599,63.20522552555169,45.001257895880116,0.057441747051128714,0.9800198492810126,256.026426713421,361.88283339021166,0.0005338901587123887,109.28726882644511,0.4397,0.9638316677343775,102.94467368654642,0.18603912451321963,31331.407903794454,0.8420374968477499,43.80137734100334,0.055725565401598794,42.09826441764061,23.724424521592567,6791.816530489274,0.14206588187745475,2.216041884912108,0.01458112269478436,103.22144919849215,0.00016371790263262372,102.94467368654642,1.0452541197116705,0.9822586153851436,0.8900297127374058
44.95679125902716,57.036608702528454,46.53655888627712,0.0572337392785541,0.9807018153184561,359.2269205808209,421.2554920964302,0.000505018959171236,122.22253209381128,0.4397,0.9700017589601845,113.50434630995895,0.16582989172899218,17873.671723179777,0.8253004491933782,40.12332032312134,0.05691648243464515,46.27693129888175,27.232887692962834,4013.5827264078725,0.06414102377929697,1.9726983734610553,0.014520565819537512,43.114971634225185,0.00013070554390789906,113.50434630995895,1.0334934778748028,0.974648723335281,0.9098448523156756
44.733247259951625,58.98605875894006,47.09838114840736,0.05635861049713606,0.9998173168821213,453.8544588034963,585.5364655514064,0.0005041839867034477,146.9073444212175,0.4397,0.9612689256677773,137.15590387394462,0.1605767733760327,21713.929262988135,0.8649787458631554,40.26152512898804,0.05640749628027375,38.35185370840164,16.637385449655454,4355.580668059636,0.08547481312579094,2.0890200740598277,0.024982191355394073,108.2113418289454,0.00015415327882325344,137.15590387394462,1.020600660697518,0.9522631471361761,0.8970185081590357
54.92028560486893,75.04133381510809,47.99297166572883,0.05778084699919754,0.9956456784700711,221.19521473133318,298.66376799941617,0.00047538342969111034,117.6939226663328,0.4397,0.9320296491461694,110.96455838907276,0.1595053378150709,20361.99813180202,0.821278139571951,44.523217890432086,0.056217223582201964,55.654531385634726,17.22924022955088,7012.924136943226,0.07820614634677092,1.9203391508065135,0.015835304014093464,80.95506564245554,0.0001736228177525453,110.96455838907276,1.029728648483492,0.9643150667335323,0.9380904552599566
56.33137526847821,79.986278921257,43.34367399356375,0.05618327778871778,0.998751305175459,209.14427273739483,314.0712628975612,0.000519955931191017,131.18147366802413,0.4397,0.9660108915744774,119.85452410061268,0.21591334331178952,28957.36296132547,0.8333778000691747,43.51998556727342,0.05512860975554213,71.0862611400066,34.86962510214418,6398.269575855949,0.17394356926375065,2.2968610548261363,0.024545834703200042,102.32184189140432,0.0001428117379046488,119.85452410061268,1.0800692799056928,0.9843370372547298,0.9442457890213689
42.1055615970825,55.143397715945284,43.72135448138073,0.05669639774882872,0.9980460640983605,339.550440751053,444.51382182037764,0.0005917582779091407,136.49007716768872,0.4397,0.9349700118219966,129.59627362081378,0.21126214787935488,30186.58426653299,0.8231950401083883,40.02106360957073,0.05783125631767405,44.24734075627427,21.644683019251893,4845.851162956378,0.06746487977656435,2.355258877120865,0.022814139701591594,26.852194020321967,0.00017573050110403397,129.59627362081378,1.0555937505972919,0.9610977619213448,0.8915003095769513
41.331177139103566,59.46236266336435,43.50259852039133,0.05531782707097289,0.980408859662855,486.85622451609044,597.1202897486689,0.000557608806739662,87.94556849159875,0.4397,0.9655693158181117,75.04642987619481,0.2018521005602085,24120.053917731126,0.873888902297189,41.560216871774365,0.0570061976041673,52.8628174397156,21.994649745823278,4887.485309086662,0.2146093561554986,2.0420014525298784,0.011666543066583473,55.68943359854215,0.00016250233304035877,75.04642987619481,1.0358980034189254,0.9787887155499669,0.9091599547384257
51.88867327512904,72.40953979378052,43.5772279929587,0.0556773255821988,0.9958369457958215,283.70294102423793,339.2515396766694,0.0004848453234066475,125.71872672877586,0.4397,0.9540438544937835,117.35641583020269,0.20003264481591393,24560.587527978714,0.8203178249020943,43.816592302977725,0.057757951063185056,68.78462753588923,20.03058301199784,5290.321934398808,0.2113318261873794,2.0693280195407895,0.024222592794721477,72.48639844906688,0.00013806070880146003,117.35641583020269,1.0946422155457654,0.9537520055198414,0.9466985889677214
42.92346488385397,67.21730191113745,45.494668449236265,0.05752208851160129,0.9890229148802231,487.7511617201145,554.6130379032713,0.00046648896580650664,113.74775041780971,0.4397,0.9420027509774727,106.43389142936007,0.16531368526878715,17640.63765578259,0.8495645299009139,42.088003999886276,0.056522541032487515,50.36245711254627,27.92039538988554,6025.678199109698,0.06601239942415649,2.389610203926919,0.027590307492118507,77.69570325822859,0.0001256950319327664,106.43389142936007,1.083003065475098,0.987221346157975,0.9259962609884113
56.49328380912682,75.64419105243442,47.96113513887506,0.05618965816848654,0.9957911640800131,466.3043529770004,532.4235772693369,0.0005767063059246242,120.07016595735246,0.4397,0.9250095426809635,113.06647786894548,0.20006042247600872,29036.561876261047,0.8454399476295388,42.34398911429056,0.05970730427527131,67.40671478060638,24.461517736135935,5619.747976744918,0.22763943954603671,1.8852692860347982,0.026332925146952443,29.907155407370617,0.00016892107708610144,113.06647786894548,1.0291491753079878,0.9679738272533517,0.9407667807840053
46.20669347848149,60.0332974438922,47.941668522556526,0.056182252268245775,0.9801343156832677,284.94052291625337,365.1456488578385,0.00042715716512531875,82.68918550383312,0.4397,0.9696505705884215,74.23975197672995,0.155993777660038,34846.35267198495,0.8591646798728884,42.293995305230276,0.05795673596120764,50.08757993264413,30.808619147470083,6394.031828994436,0.24183216513523975,2.285171708754023,0.010177237317795502,73.86582446021754,0.00014748356450957972,74.23975197672995,1.041516588391468,0.96966262542367,0.9050385611702908
42.87743865942285,62.259611013131895,45.16063938817385,0.05573794305457186,0.9857639860240113,445.084419276844,509.575834962678,0.0005699170513928603,143.43510155831697,0.4397,0.9763791752478935,133.2190214153381,0.2425858458602688,30558.43681663619,0.8373846453141549,41.0106720162952,0.059806035232661335,49.8109110019893,25.249896637115736,3795.0004504085096,0.05869361963624902,2.140367163510145,0.020794278122772472,86.54864330930246,0.00012436160928959805,133.2190214153381,1.0879553186021038,0.9727932052491668,0.8946791656365599
58.419409449749004,73.22677687491924,45.834163261588046,0.05647483100289236,0.995026475515826,405.76019077064564,547.9523228480746,0.0004510153522684665,146.6948904702815,0.4397,0.9599550668000383,127.5523866779373,0.15580275540026067,19462.246463752563,0.8724217240281675,43.606957189491304,0.056750029771293294,37.07579829807039,15.308319605674313,6548.546673054611,0.24006591362736635,2.328440652542513,0.028266744235468433,56.15950857646727,0.00012618734142810312,127.5523866779373,1.0753945334237938,0.964537293584005,0.9283912610285323
43.310634454705564,67.95256031508117,47.159823262209635,0.05741745088405187,0.9958604157720318,353.54671667142713,454.8421617225572,0.0005431258471551836,80.24373465792283,0.4397,0.9778724940016064,73.04691663457179,0.19235301948939185,27462.45479188471,0.8640607444948836,40.51503165260685,0.055011447686731614,35.62404709919763,24.65374780653591,3808.9848663088765,0.10589243387793718,1.9754571268961472,0.021974513483983327,70.07392442806308,0.0001780176829137288,73.04691663457179,1.0956436171409898,0.9790114120480704,0.8896198434414229
45.69440164675871,61.68954367421327,47.59760075072103,0.057685492353321224,0.9923942920242925,326.8748429128624,439.23235768313083,0.000561244116154966,94.89541144290575,0.4397,0.9760466851425794,84.06447765602331,0.1500571056403172,20899.13621328506,0.845937665559534,42.53625552773335,0.0589063278248122,57.517353493251946,16.103745811895493,6771.506130078371,0.18295238816063814,1.977694779732206,0.01580652141306203,49.25664216440599,0.00013458011726973396,84.06447765602331,1.0260999550455712,0.9505833426282524,0.9387931327708382
43.07226790384117,63.35368371525639,43.22316376397726,0.05521034329613255,0.9860251237889253,444.650826777637,530.3996443174491,0.0004953993034526945,92.61359215962649,0.4397,0.9316765040482252,84.24293166955489,0.22861504387832446,15603.53105832566,0.8414815749707525,40.84977913729681,0.059136894272803206,67.23000861054243,31.535727609628545,3755.715967250996,0.08496314924739334,1.9954919688332442,0.013890892839995946,107.05002718719854,0.00017799547067144279,84.24293166955489,1.0820328978334985,0.9564881707057951,0.9328386009798788
42.3098012733071,52.65821500850848,45.171250373654715,0.05672446219372035,0.9862072518257572,437.9238298085064,515.5484439118976,0.00043845679522845485,134.69131620958962,0.4397,0.9638727409158928,123.5868321669881,0.166617018853563,18596.45711311667,0.8689532948498551,40.23266404788578,0.05529351698600168,36.09329190825871,17.273161699694015,4060.1967529636895,0.21349116992092065,1.8099786493937733,0.023698950587099237,79.92066066900264,0.00016086957478187423,123.5868321669881,1.026112913267485,0.957552836704405,0.9013434644518762
40.4229603267288,56.42388201875013,46.99702232796908,0.056401820103677,0.9993352792728406,427.08090078276774,527.398617805989,0.000568953548692475,121.86560413782742,0.4397,0.9409582891662617,107.81533679218664,0.2424916017821678,17051.871445276825,0.8654236179121463,40.71621942223584,0.058126846142311596,70.95422757481444,19.339080299316315,4248.663738541372,0.2183826683120848,1.901935739446835,0.025425078694257457,75.12738961358957,0.00013802946610972017,107.81533679218664,1.0469329548553747,0.9754136073573119,0.9149098063803277
41.107908183285204,64.23452238312288,43.81921245980755,0.056842845551414736,0.9887842435846841,499.47678536458875,578.9090828480721,0.00047350166901066293,92.41335643077122,0.4397,0.9492510416339376,80.54968366890154,0.15439777478605646,18918.65107136388,0.8439400034814428,44.34667468155871,0.0583050893352006,46.14959108389514,24.199304855896578,4402.982815702736,0.24566828103929905,2.396751984671895,0.028251695298348006,114.43574258777102,0.00014302367245460872,80.54968366890154,1.0800535014540262,0.9856240325830185,0.9359435729733562
43.49282941871705,62.646241085215735,44.6388542548828,0.05634182706072481,0.9889425110048767,343.55373828241517,427.91833085539156,0.00046413605209650384,136.97796687232022,0.4397,0.9294179258689308,120.83768741376818,0.2320787334564427,30912.088428980067,0.8404823117566076,40.88073832390231,0.055728669335237825,49.13657429343698,18.90368110800829,5046.343461324913,0.24850669243416657,1.9493691442703596,0.0281143316706621,86.49315236601092,0.00016662230664648008,120.83768741376818,1.0768807979402104,0.9525455896592533,0.9454437223840697
41.06763865254351,57.72678194848315,47.91372660907205,0.05619593446256025,0.991046655004814,442.0768933459748,537.3519807730605,0.0005020032364706879,104.74324102640239,0.4397,0.9784867656834592,95.98625824799353,0.21566378128155883,20856.642680608635,0.8223332793797525,41.391846045061754,0.0577626227642629,70.25040309081581,25.78439920394063,5959.735224758202,0.06517154155520562,1.8119502586563836,0.016785603322314317,47.982344153942805,0.00014612489873552375,95.98625824799353,1.0201694258512195,0.9840983439988981,0.904651234712106
51.82287632221943,75.86193881375532,47.91028018032522,0.05641564213728847,0.9881900467372877,458.7435100950435,559.3168788134791,0.0004870172482207835,112.25998134051716,0.4397,0.9635682429845845,103.01957302363824,0.17497357188858906,30140.79901890224,0.8249024347264087,40.690473941102034,0.056215994403399715,70.33334026446329,24.213968488934107,6813.372174868001,0.1815927202556149,1.9671241884230974,0.02207753863011568,84.17530811939493,0.00012448504665985718,103.01957302363824,1.0361554346280484,0.9827805438301012,0.9352994272869685
53.61429053599013,76.42405617819857,47.43664086459109,0.056745997386269245,0.9910534312919482,263.4807744361052,411.9121756142891,0.0005366104434077448,107.11146237244517,0.4397,0.9360144985778581,98.98509712647856,0.1702419609230595,33977.25109685541,0.823235107333254,43.677725508288795,0.05508225851602258,53.61864946102074,34.050452218345775,5488.210116491311,0.10460923543045848,2.045034100790752,0.012030383717179875,116.16234566532215,0.00013378884777418123,98.98509712647856,1.082285894124285,0.9530650264864792,0.8936126956765998
47.87260913664056,62.705844243984636,46.790690068968345,0.05650294963309533,0.9886467084553512,212.6199326159183,284.95219143211233,0.0004274395616745331,116.49661445088606,0.4397,0.942288301410082,100.49623093353486,0.18576779333770224,26485.462301355496,0.8214649291808815,42.227245836282506,0.059334555451880586,42.45442250040034,16.767471266492272,5516.963067049949,0.07511555712622904,2.12867236756943,0.011889251003275949,22.355825592729854,0.00017162069837983347,100.49623093353486,1.0300918010091777,0.9557291369511567,0.9432478097430594
46.35982193904099,64.52804796966109,43.614783004336836,0.05641643335306194,0.9965342983920438,321.4245206565739,420.2221371448386,0.0004871379308095746,113.60997281801077,0.4397,0.9453489756097271,105.86765074109701,0.2328402883175355,24708.178840201093,0.8291723429284468,44.718175193225356,0.05745847585613232,37.737276255217914,26.534640965371008,4749.4983526188635,0.07975908374301961,1.8411396119192558,0.011429371336010932,82.65910070109942,0.0001617704482186892,105.86765074109701,1.0461103124767681,0.9640018129692194,0.9280375007139969
50.0905247404446,67.43788858183154,43.92510044440313,0.05745350592987424,0.9981810203959657,457.02100533103277,521.9721792799667,0.0005783403622450407,99.22088018637098,0.4397,0.9648520234486304,91.16561121513631,0.23619565483354554,30002.543511805277,0.8714285090608345,43.321622911239515,0.05890849550455356,42.22110213437459,29.407992192879675,6482.449527501056,0.23728744778568106,2.2742573518228597,0.028542884921758237,35.68349608864493,0.000150060966670486,91.16561121513631,1.0347111605517059,0.9545867845742038,0.8906917524049104
57.500098844692175,76.98313634641511,45.283697047229246,0.057236943973713574,0.9986422051963072,286.73098435835306,371.73090762915035,0.0004072125418879451,109.71892262456882,0.4397,0.9755418360061751,93.59578264579118,0.16752853795243258,16941.8027978618,0.8678895586453519,42.65694610243386,0.05861446516114554,65.12823289313062,17.552540181117127,3997.7504212255108,0.18672984766906903,2.2953007609182343,0.01304864852454987,101.64595110663893,0.000134729740116937,93.59578264579118,1.0289163628328517,0.9803314454040193,0.9317880245126952
57.02263253644412,72.03430154082545,45.364664247372076,0.05602413548254358,0.9912859241165877,410.00304622022725,531.7341180908677,0.0004914676666306653,143.583600489801,0.4397,0.9392864079790744,126.86469517018273,0.18534480396843306,23564.241749697703,0.8707344308696918,43.28315465814084,0.05996852630507264,44.60658609961423,27.72924255514803,4683.971450369474,0.06009219019380823,1.9278963473230208,0.01964652396977257,84.0684529641257,0.00014847543690539982,126.86469517018273,1.0869300596258409,0.9701627725505795,0.9306840369887797
40.869501240255836,54.53257625174416,45.0330169161424,0.05740173135254596,0.9888429711492899,202.2044417192788,269.6506560953363,0.000532106393277042,115.20258955354716,0.4397,0.9483500052968252,103.29883564593652,0.17374913839022538,24976.491898641216,0.8574280216855283,40.20212691604832,0.05718976701950597,61.25526574648539,32.284781083396524,3949.1330894609155,0.24684601562921854,2.279050912940987,0.018661447295888145,113.69894929695664,0.00016733094346665087,103.29883564593652,1.0249073395881467,0.9664305843314608,0.9319608219841962
43.62996819193048,67.32004572076352,45.820021679497835,0.0575609520070135,0.9941048011758368,306.6093296960713,414.7444604510756,0.000577542217408397,144.14704872956628,0.4397,0.9555924543700821,127.72318611608354,0.1622642847637898,31621.026207967552,0.8574437860744402,44.75330130064345,0.05713775303378589,38.78403700258187,30.751112868563123,4371.05094777437,0.21156244727214296,2.016856144464754,0.01649542219253309,86.95778620974299,0.0001248925918285303,127.72318611608354,1.062883995865834,0.9789979050103916,0.9041414192197277
44.73489742208792,68.59301491456552,44.449938135797936,0.05546047661612257,0.9967664718259182,384.65500842744535,476.3251107842461,0.0005187572453866352,118.50889334725753,0.4397,0.943600639544019,102.12405389335466,0.2146449387528928,31284.353204625986,0.827435904793181,44.78214805208624,0.05640877783525585,51.53266347100048,33.70341380858116,5711.752481600823,0.11183586113014501,2.0538661067295805,0.020754613047028726,21.721889315764468,0.0001796860691241133,102.12405389335466,1.0754136409367394,0.9617158149225706,0.9317860174948784
44.98775151664424,67.63759480307392,46.4950449438932,0.05674804738519228,0.9912596448413276,238.92715702170108,294.08511146214835,0.0005648968542478656,133.8172105284911,0.4397,0.9502508794019411,116.51927908980812,0.18458710232355352,31965.307196999624,0.8619379212185432,41.380699342777646,0.05812573606701607,45.844779722647,29.4117139348189,4053.457396731284,0.14417333872114013,2.3618329525884096,0.010055817809471772,71.03538444008343,0.00017158575263153615,116.51927908980812,1.024607217492351,0.9848612566045865,0.9378599039767039
51.42465303485545,76.09771949632388,44.00129955887013,0.05585593598079764,0.9939996204364452,468.9820736442302,612.2895977920746,0.00044453820379185727,100.5513916761799,0.4397,0.9263424577412062,85.71565116872512,0.1725384044776334,28957.45855735404,0.8368015846522283,43.14147741371567,0.05743056250277642,52.66255454941038,22.87973659344635,3962.224062948678,0.19531519584040846,2.3351426345760102,0.017602986766391947,110.36680636161553,0.00013907794697089377,85.71565116872512,1.0706741416518493,0.9761586695472323,0.9042990236678757
48.325248514063844,69.50012140075917,43.98406198167812,0.05721751696578017,0.994994587014425,246.88219313512377,338.2425071644124,0.0004705618872455719,135.32894430310856,0.4397,0.93006046326321,116.28920605609952,0.23659977735019763,25611.116143696752,0.851155199787172,41.00957622069937,0.058643805610708345,55.647538091407945,33.40902769181622,6573.278921182548,0.18520641716788927,2.0250664279142936,0.01958688120939308,43.23030041713291,0.00017223460283293302,116.28920605609952,1.0467252412192907,0.963860212481809,0.8945570366606731
40.98508239855188,62.45509082698187,42.763355771350966,0.055716355988076054,0.9935278755343457,472.9380635011984,601.3307170763151,0.0005884264547856084,98.50251290894899,0.4397,0.9440660754332088,86.3502590509883,0.22483179309035664,31557.58642686764,0.8772833562280514,42.737358973002294,0.05678255849220713,74.59207340855004,19.507135352296014,4025.8768611388946,0.14261617976284716,2.0928661834335616,0.026066087724106006,28.289640417988487,0.0001609028717941978,86.3502590509883,1.0866836179019277,0.9715949076128612,0.9421515945045043
47.47228276919143,68.91113414863105,43.13227326017351,0.0570142105725191,0.9949226711145862,264.9167926048924,356.54814147807247,0.0005771950226185372,81.36849801500811,0.4397,0.9748963407062331,75.83519820593155,0.22737611486963424,32465.64830510539,0.8722369236591057,43.853946195621965,0.05565422370804663,70.4952771235141,26.674045570500283,5788.992059683751,0.1524779801398134,1.9719142728197956,0.024019268586032906,91.98878692218418,0.00015998126562595974,75.83519820593155,1.0838127697774325,0.9603779390437757,0.9234485845486817
50.47505897435275,67.68417343848735,47.10312527352815,0.0557653739681729,0.98417290665112,498.2836021747522,642.0196343326306,0.0005115905965377409,91.25102602243851,0.4397,0.9409614827446781,82.3689934314399,0.153919589118328,24609.691853176275,0.8339916104377475,44.69910862402696,0.05931217726059727,61.313991488588584,30.313158901893388,4867.240258419013,0.05864153608328651,2.109260555009197,0.026995236080359142,70.250856693912,0.0001283825861366538,82.3689934314399,1.0835124029773318,0.9893992296304667,0.9122271018331465
42.03343805807432,58.88022097578839,44.67769403148265,0.05653343129028983,0.9899674909404359,381.42461398867727,460.471647431567,0.000495097667558969,81.51570125224258,0.4397,0.9349875685163008,72.74867038838453,0.24151304492310663,34713.23815777543,0.8641990369420176,41.696084616328356,0.05914023470982342,36.91845617386884,32.44562333990958,6826.921638394486,0.15012664889738972,2.2091447417009658,0.017525964705302422,24.75952613947016,0.00017435367844230833,72.74867038838453,1.0518930787329648,0.9674241730656951,0.941582073415799
56.669171075771196,70.27256521800624,43.367206719317004,0.05784593940374858,0.9917653710921017,225.30346833149338,316.52653330026305,0.0004902134782908917,146.29438493240002,0.4397,0.9645717332509566,134.03729925368432,0.2074738377974235,32496.362499583574,0.8262454449975526,43.46752631521381,0.05675500093557872,71.35628503526482,33.330842621878205,6147.180132509587,0.11804937834480729,1.855600618365379,0.012818110555947771,47.99152324394241,0.0001470205078152825,134.03729925368432,1.085803855180033,0.985870966107415,0.8895203950504703
41.03923732930208,60.711525244691444,46.55604660013432,0.0561439226153693,0.9800495586171405,219.58317034359794,345.4695943695266,0.00041175793231340325,149.9983914292386,0.4397,0.9769478099645965,135.62120401392247,0.20038028046845188,25209.39330842816,0.8216045491446419,43.5821355717359,0.05845175858755999,70.16637318186,16.699512989647264,3813.9488334470175,0.10701024009499127,2.3519046757054136,0.01802112927866106,52.67486476430953,0.000168193665500389,135.62120401392247,1.070398560320882,0.989120818290987,0.9367409224102682
58.49683738036124,72.83663942189627,45.32388675490115,0.057627215457889625,0.9971192501762737,222.47650887784062,306.8432404059263,0.0005784754207913133,133.35611845336643,0.4397,0.9475474170238128,115.10651936483053,0.1510585346027781,16385.75190694213,0.8216904564869115,41.10574400582371,0.05746201453137806,69.90165435334075,29.5211833890839,6823.685197833533,0.10392448495363721,2.2313243808868077,0.02926119267850015,86.78614779875019,0.00013797142742156458,115.10651936483053,1.050294685224122,0.9714316983989559,0.9143574893118313
41.98226283159751,55.849388977132826,42.12693606853976,0.05796083374361169,0.9922004901688982,376.9678241872856,463.40353132080355,0.000563629901683067,87.56897146261113,0.4397,0.9205162973340311,76.38311564258255,0.23976622104341047,19489.841017437924,0.8302147890530807,43.14516065746696,0.0588048604856555,51.555758895887514,19.082085868820307,5090.036020329729,0.1797893794712897,1.8580516098969433,0.01428655188114537,67.16002207107661,0.00013848021993614987,76.38311564258255,1.0264535964364334,0.9791998228038806,0.8829766983062622
56.871499031955054,75.66091964339587,43.89816874402029,0.05762455254641549,0.9825827266339641,442.87376069821556,592.3560780396379,0.0004912502289455734,142.92618222328548,0.4397,0.961288959888537,124.6676820413626,0.20438904704860006,30527.971587525695,0.8616969041256276,43.277106445938884,0.056950661843322564,37.681801997747556,30.582388829737006,4673.618816342754,0.1358515241442637,2.3213933951873056,0.013495107259481266,68.71903265610851,0.00017788135079891475,124.6676820413626,1.025345513014299,0.9728898714776483,0.9480828879974976
58.05306287855234,74.20279870192799,43.062008466728045,0.05549759808917003,0.9963271414515166,320.88882253115173,426.4502751001869,0.0004558879945438947,132.0643328286273,0.4397,0.9449036480969687,120.17791573503395,0.23251534623405354,17223.085139973697,0.8417983536074811,43.82038053173017,0.057678196176956145,63.94814467360147,29.013794638672177,6022.015277626317,0.13516048168558492,2.2462097197456994,0.02888674552318151,100.66036995945774,0.00014979959547980597,120.17791573503395,1.0401121307550707,0.9536627053112289,0.9344646719924189
59.59141361173185,72.87426274365134,45.93523716589704,0.05745897465860549,0.9943411393288109,333.4507277845586,452.3887731515734,0.0004685841212853061,103.25711607814615,0.4397,0.9604187321969729,92.53514874283562,0.21555109607382938,24396.001326385263,0.8209565463380014,44.99973628727267,0.05528908052032373,47.48317675456906,18.627047172006208,6184.706116437821,0.08183739827029575,1.9878760900996493,0.02899846169620425,47.841709850146316,0.00012359344280298015,92.53514874283562,1.0439667715603735,0.9880967221046941,0.8950329076698204
56.04051760547187,78.28135785676434,43.65018624378152,0.05509644818530168,0.9951659908692727,376.7863110993884,491.1325345147494,0.0004246321171745779,115.15945382662525,0.4397,0.9366629909497522,102.34894416421808,0.22966936135108804,27097.04384209455,0.8792813578826105,40.201161847132404,0.055874549907940406,45.50557303615057,31.65660344839057,4691.702796735099,0.24237271364872343,2.1128598529787266,0.012984737088598312,87.2572741575309,0.00017014239882192302,102.34894416421808,1.0942022633157715,0.9682654580406106,0.9446586906000887
55.58955081542658,78.49809960484222,42.38968067525966,0.05617990565109793,0.9878408492372371,359.91218143590675,492.704596151564,0.0005443579482611445,126.32315388833783,0.4397,0.9201444886290178,114.40632239470946,0.21929317485578023,32566.936567410306,0.8520027041939195,41.01152521838779,0.05890882803887551,47.58519056516748,24.23577608037123,4865.9635655893635,0.09478524049011028,2.3160783955137996,0.025389057231023977,56.755730482872494,0.00013363380134098432,114.40632239470946,1.0999950443095208,0.9857625249424612,0.9454741891059045
52.84966551991096,65.36515831507768,42.329609935186014,0.05761220011995359,0.9970840501338999,406.4185199303811,542.6010298745554,0.0005113339713109715,81.68353329712899,0.4397,0.9406697731247362,77.35525181156363,0.24209639023358268,31942.2772578696,0.843632812906679,40.725392159598705,0.056907827410864385,55.15817508596156,25.877123038020873,4162.789834224086,0.13122184132015693,2.3808753738541673,0.018594850083715406,61.837004754660434,0.0001727252251685415,77.35525181156363,1.0314939077960144,0.9762242138375424,0.9360325920067563
55.57992709156258,65.69253258356258,45.49036378775229,0.05706625663827976,0.9882805516426473,341.53571604890794,447.8613292959389,0.000446820684564979,115.10786384699266,0.4397,0.9622875405567765,101.45829802607335,0.17254841863395498,30285.558421194655,0.8511309937029299,40.772170262103515,0.05517552712114795,45.008347383487155,34.42807507086933,5736.396833313027,0.0880409528359478,1.9686464375685795,0.019844314320098432,75.59024131707608,0.00017498639267842948,101.45829802607335,1.0954214591970177,0.9542076356413647,0.8889019303199452
42.69104416826294,57.73299369620355,42.13034073422454,0.05659822128201364,0.9914101830589118,414.15820551922025,493.61381301586016,0.0005246011144155379,131.26768032784895,0.4397,0.9435867969805514,118.40601306769273,0.1702100104732907,23153.88485222398,0.851198254591513,42.27124330310983,0.05583818142855973,61.04642749491533,28.13251175038598,7044.872591993839,0.1906285704778296,2.1903349093963946,0.019973762929162923,89.56468048022921,0.0001243659607942802,118.40601306769273,1.07652320093482,0.9666821188386525,0.8930466933263361
50.721360718952745,72.68402325416403,47.09275267881653,0.05616359207524786,0.9800128460739974,499.1932227639902,551.4732475214871,0.0005958460428509949,93.1757760327433,0.4397,0.9331504483791936,83.67529452688196,0.2212541561945122,17844.98508684594,0.8482141946255796,44.392682783064686,0.05705799016042807,59.14757080846482,26.771262900495547,5099.848064436216,0.13722574929217085,2.3161481543956564,0.029367431222366867,114.51952608993744,0.00015494575365446308,83.67529452688196,1.059888653469322,0.9578339261878328,0.9327823054432974
50.28445740380829,72.87206539732315,42.93238271554365,0.05743689083941086,0.9928974622935572,305.0893526746295,416.5296777810615,0.00042447902709523584,111.06534014355331,0.4397,0.9478404118480461,102.36495933025627,0.2001394800583469,28392.986191156957,0.8567769342678982,42.24361634533877,0.058589565535083855,52.898817622210515,15.335255447275353,7186.342253739964,0.13272998780362033,2.392900109305767,0.01369322228500177,46.9011162558273,0.0001788914463346108,102.36495933025627,1.0963749311479125,0.9567943945795023,0.9439664039324094
57.15144288245115,69.22637893419189,45.63939801117258,0.057128675211844664,0.9943635158425588,203.66463887460523,336.2115222011672,0.0004916970021250656,117.27710904294533,0.4397,0.9651409113979031,108.25017582562694,0.209916117033487,18625.772449769454,0.8731375971920984,43.34240198917207,0.056817425209036154,32.42879542584729,18.98429670187879,4235.092576185021,0.22501897707781343,1.8424310931877874,0.025461274705056363,30.37452196420754,0.00017585517687875192,108.25017582562694,1.077095454585704,0.9786035497473358,0.8950512696526094
49.255987311870314,70.87102582961609,44.66812816806448,0.056405215958847024,0.9913421873097759,237.68751366549643,332.7414942166624,0.0004988317641844253,131.48957603714626,0.4397,0.9271659852075383,121.35265963754402,0.2208542469191227,26226.289668172314,0.8381028215246251,41.88249571265109,0.058725928771894344,72.14442070670276,15.531308420998755,6465.958052550425,0.2018959699586907,2.102173179492497,0.010113482167192168,62.87919226726037,0.000151514597163454,121.35265963754402,1.0674923617695262,0.9512007994928584,0.912257948465652
47.701789922007066,59.437352431648506,44.657109127391415,0.05767745301162898,0.9899311763408724,366.05425549608617,432.5248695451726,0.0004333594427647605,147.51175975551752,0.4397,0.9615051220187989,128.35764657838558,0.20474281970000024,34613.563649266885,0.8492181173707577,41.598316576555575,0.059290302936475414,48.52633274041756,21.66624851432299,6941.189713011325,0.1539750105778362,2.3241994571036892,0.022572202138176112,74.67159988176729,0.00016082959171615413,128.35764657838558,1.0367621411215802,0.9886456227557592,0.8908355771777717
52.7912654247422,68.64220427709014,42.43078285416028,0.055689844053455895,0.9961987294742342,303.2773361433956,382.0855434369597,0.0005063160421994629,139.3792883603004,0.4397,0.9600406414282369,124.73182328160709,0.22876934476661961,26006.19551614549,0.8202186397718061,44.17117592414521,0.056705683071028565,50.225393742864924,21.890167060546478,6076.995669587703,0.1437180808082274,1.801894874579717,0.02305355953398119,42.80036040392231,0.00015625572210954447,124.73182328160709,1.0395555161496632,0.9679969350378433,0.9134605489981485
45.32926635001692,70.30840907519567,46.81651350127329,0.05551117452747588,0.9936274543433048,481.99477811149774,582.9936710626841,0.000521195451709618,123.50628941609651,0.4397,0.9422442727811043,114.99886361940776,0.18188673559358526,27911.13734520895,0.8715888568790922,43.2777375505921,0.059001877854272126,50.52146305094246,25.60660140783688,3993.5746415191165,0.24198027955941115,2.062341131763266,0.025074124189013752,109.0495773964752,0.0001321952007743822,114.99886361940776,1.0929201388852998,0.9695903072423493,0.9249770391024307
42.79536821907914,55.684230567542784,47.35831490851952,0.05692841129300075,0.9855614807944004,388.2338270322149,521.9019489299815,0.00043146890776369907,120.85484723843665,0.4397,0.9782201714827696,107.33759720042556,0.23589904435996922,28551.509438323475,0.838354233334787,41.75447644041268,0.055634403329650944,46.426258120731106,28.795368939850345,4775.548873818439,0.24129243293824737,2.1505192344717794,0.028519247256122503,99.8847015879557,0.0001591798544712943,107.33759720042556,1.0372031024955668,0.9619771558388461,0.8812988421886552
49.557545480474914,61.86699921913931,42.06610000430537,0.057915983028105314,0.9991814667615997,356.10655578964037,423.2818703964824,0.0004309447798017753,122.22306851508695,0.4397,0.9736823179688211,115.91947630150909,0.16076763529256008,31607.767153510096,0.8362778138997021,44.57080130623582,0.0570764176253583,60.35645597781044,18.586903437926264,3908.39692743825,0.19095417358197753,2.1158941851339685,0.025076702113112782,69.36639134421938,0.0001399884710100488,115.91947630150909,1.0225844811435727,0.9534246429124971,0.9250049034186008
48.337787371897704,64.67979236009961,43.071625054182704,0.055741769719920314,0.9941453438839069,439.41185038160563,550.626837952557,0.0005712697431267512,118.16250498618416,0.4397,0.9389696888481243,104.74854075784799,0.21340039769611868,23699.613562140978,0.8798522301526621,42.49255782558822,0.05548781198140796,30.62629631207322,27.03308841619485,5766.293235296882,0.2020295852972866,2.239663611800549,0.024642879716790175,65.00639330355887,0.0001402783157517495,104.74854075784799,1.0412981678307638,0.9735297071344602,0.9247824949380014
44.651398810577476,63.9464267001254,47.42342513277288,0.05574901113680148,0.9997587785782485,277.5769613147286,402.9138227097831,0.00046227748733400895,84.15540161812464,0.4397,0.9218654656036306,75.72022654810407,0.23901325075267976,24950.198021049953,0.8550635763247113,40.941373736496445,0.05526263994397388,69.30787481898054,33.33952549057814,7193.335712972153,0.22981858163076319,1.8393132521723887,0.015075750326419498,24.07412567046125,0.00014519928965643132,75.72022654810407,1.0584444575689786,0.9637901799402171,0.9118505940805945
47.35023620230256,71.34374793850137,45.29696167680035,0.05541849654388657,0.9994252263253773,445.92156208470794,589.5263141181903,0.0005260666774157261,128.88074762117435,0.4397,0.9384982884047046,115.66435682035167,0.17526941279017047,18519.4402784918,0.8273825947684593,42.416109312338406,0.05532263688742724,34.60975613713021,18.70015712318416,4949.116607646933,0.24286175117414754,2.271250034151506,0.029856794183429583,73.68897327762764,0.00017113061300026315,115.66435682035167,1.0505571808585727,0.9749629046417767,0.9426781583815949
47.32784899652495,72.04016617952047,42.90023746948926,0.057581690665820896,0.9983781944562018,200.9183314592279,262.58870062711384,0.0005253546151350427,130.1435760090722,0.4397,0.9322833165524627,116.26589541161529,0.18268346749239128,27293.59775475004,0.8359314981936142,43.373497189667376,0.05552376013540818,74.98711537971678,28.18176060530728,4186.602153094541,0.06645495325416467,1.96990232168009,0.019368176218478514,79.57470954238872,0.00013430074954571446,116.26589541161529,1.0948642398888047,0.9722307923122941,0.8894373312264038
46.54991128825091,57.594520837121834,43.21674271565495,0.055679192621234004,0.9951074308245061,385.9032086407153,528.5423720571711,0.000567834175116527,115.87362535869192,0.4397,0.9528351148428555,108.29121879131071,0.1805441778492739,20915.160126487783,0.8411935952959787,41.83556294628081,0.05917862961708199,58.26371831295245,15.911782825038149,4567.10470080129,0.24946776649411634,2.2945376319143733,0.018349002045584463,109.16317814524498,0.00013504750000472603,108.29121879131071,1.05348592355524,0.9586764338723758,0.8835918281317606
47.589281594538576,59.659244354757156,45.959917465422684,0.056509535580174665,0.9921885873699393,480.42714531373366,590.5738988311816,0.0005479789262463047,140.92713237817802,0.4397,0.9751246652709292,121.9763119171495,0.20642637117750337,25152.49497777399,0.8791636028722393,44.218923681376964,0.05771838561816845,32.98109133471078,25.622952685822483,5654.88708915668,0.19060444299387974,2.0516927560675553,0.02003755146554187,70.10980657464822,0.00012044039481639314,121.9763119171495,1.0911242150131852,0.9684661568963051,0.9147081811982258
53.71486690911891,75.57593651755882,46.34890093348124,0.05797261743400662,0.9834434132736585,436.357985610161,563.0281443533896,0.0005681152866876555,127.0705761929675,0.4397,0.9722202506022513,115.22333789686601,0.19128718155651486,30331.143870197957,0.8458373006748915,42.66571990303051,0.059736940938885055,55.309667674207844,29.830785142115595,5648.262432603371,0.16854897083832554,1.825751155081798,0.01788112911507367,35.737742267812926,0.00012930041213513618,115.22333789686601,1.0675730347191417,0.9623225203755834,0.9173124164057477
45.93752949142571,59.997011775488616,45.59656085147961,0.05503642270276613,0.9908670283484752,456.0902576442078,511.4677286010633,0.0005250429579301331,105.38652604999119,0.4397,0.9383497493398896,96.09777426714581,0.16079592849949023,15351.398093639733,0.8338080392975685,42.338823899672335,0.05769000150656257,44.908850660952666,15.68083562380286,4427.354998570701,0.13263342506537956,2.378348859402829,0.02187275142451909,38.0056901223349,0.0001787207572442962,96.09777426714581,1.0619299737929482,0.9595889632490465,0.898668243037058
58.97715853430681,82.24989442690222,47.718890279475154,0.056669458271532386,0.9953075304478866,319.0864085514502,419.7012241155097,0.0004898914321027987,81.37860475190439,0.4397,0.9457158520133382,76.09893427769637,0.239128722175646,26278.310531687464,0.854183858044769,44.293557116318595,0.05814355666155193,72.88694504068052,21.67330782285069,6302.537065936171,0.1172779787372075,2.268329574298228,0.016992491795700528,35.98674185234309,0.00014603219673038856,76.09893427769637,1.0328156506123514,0.980788174371876,0.947313939465758
58.32696039076356,78.27875924919987,44.96438162197066,0.056536867128114836,0.9904171431741113,447.2716838300379,559.5346512381172,0.0004787133042626149,84.14131525483761,0.4397,0.922192531944774,76.64600823757598,0.1704676629158674,18468.900346213795,0.8442855794834206,42.314589032330765,0.055922419805702464,63.99619521518481,32.55913970783979,3916.8442493760977,0.21084204170479548,2.0086896193694095,0.014798896978891918,113.85348740555611,0.00013170988153885071,76.64600823757598,1.0416825531024179,0.9504762636799683,0.8977609067988205
49.61820856600157,61.29588060171173,43.80163147285516,0.05742234212923047,0.9973647825681131,365.24949950908,445.932883496364,0.0004758059533322872,104.62587831492505,0.4397,0.9526498104589489,98.97629377643591,0.20340800109885296,20587.666795677073,0.8232976232885122,42.072050709254086,0.05770290510316854,52.81566008917964,19.509595916000773,5842.94501795048,0.1808870113093225,1.9620164209310178,0.028559898035914785,99.33892573604072,0.00017794090864541658,98.97629377643591,1.0893733421455223,0.9607553143450049,0.8989113280113189
46.567224100093775,69.05516337395389,44.86339745985478,0.05606584461865833,0.9821931179838339,385.56207095095965,478.7270917610849,0.00048367861958183156,112.3473727639078,0.4397,0.9238020788030438,105.29384195752395,0.20948048959372614,15694.265601739959,0.8716551767472596,40.51858197666748,0.05692651274401663,49.33998297783636,29.45749108791393,5132.516216221375,0.09014103376429881,2.1533782370700325,0.028556569599416236,102.47661263200537,0.00012162707208221656,105.29384195752395,1.082396576918622,0.9712434273468795,0.9367690518374845
50.70869579660006,63.354041496721194,44.15799776199967,0.056231024076697125,0.9876188069609727,217.67460180074104,323.10441532870084,0.00042586185043075406,91.68097836558975,0.4397,0.9763163699737459,81.12611357676565,0.15407518436475418,18389.255203718043,0.8209412516369982,41.81245939428483,0.05965717671070185,74.81409896052914,27.244765478549894,4057.8300714356883,0.1719822074268012,2.3923767616943468,0.01992490825561377,104.0433518810454,0.0001490499831984038,81.12611357676565,1.0557938691559265,0.9690458395372182,0.9445976573080135
56.97120977547249,73.3236406956673,43.346495356048116,0.05550381394179659,0.9901192883718731,260.4655091523176,365.7203031296156,0.0004847916742006334,93.25298144958424,0.4397,0.9720160300911364,87.28391821125501,0.15957123276543372,34732.58786574304,0.8739090181447287,41.985241502815406,0.059669606078908956,60.03228382323424,18.273753319189897,5883.785107544355,0.07823322034429309,1.9741000945078486,0.029242946878886067,29.563464258992525,0.000168276128137651,87.28391821125501,1.0927217723414633,0.9876066130767824,0.9175297822203401
53.05174681120204,71.334520739592,42.27577949604084,0.057222445694907365,0.9886465059173821,365.2893246540658,419.4754771947496,0.0004778889814405242,96.11479511455354,0.4397,0.9328512575862502,90.90996571971428,0.24716897104295515,34970.45522398624,0.8675115222161082,40.90311159612245,0.0559924930625112,53.126838407605845,29.834150279636624,6022.977905501746,0.14937496530122574,2.368962670047692,0.01831434319688715,90.21768561816121,0.0001663695122768183,90.90996571971428,1.0855342962469483,0.9837462992502898,0.8813337790862595
56.08783655894155,73.59932879514572,44.113274961390744,0.057354126727564445,0.9821717309564311,217.6403173470493,311.5884940049385,0.00040691433266364633,134.63593377033908,0.4397,0.9619621207917227,117.90334196647628,0.21645123401493824,29396.95839779295,0.8245493926085447,42.93911600856584,0.05810065431969183,47.90748528391329,25.641619860643953,5184.073064272289,0.16669152756692968,1.9982322717711534,0.01774757736933237,90.43367125220252,0.00013135303592974918,117.90334196647628,1.0289667466503205,0.9800641050875303,0.9048804417789102
50.654445521314805,70.94688925554206,46.26845608625845,0.05540998996233649,0.9830705658808926,422.434041976314,493.81585745553707,0.000455026151065268,133.990148866624,0.4397,0.954081222946,122.0678234210993,0.15335651770464268,27237.137095423874,0.8634166646687832,40.71921035275174,0.05819087901485489,44.60622858482528,17.240516014525664,6472.774150075494,0.1771368141488065,2.2224586591546798,0.028338122714283487,42.482170793074495,0.0001624673804026659,122.0678234210993,1.0684744395041843,0.9705631253308143,0.8956757880031078
52.65835258535242,72.44865360839125,42.110626817251166,0.05618037122196497,0.9967523458571097,452.0171025565705,593.6866103651055,0.0005503813949480433,106.80572897896451,0.4397,0.968081462750971,93.79469686080243,0.22941992206529987,30540.1390619853,0.8662565009283592,41.11844894301945,0.05781267539729009,61.74387407107332,33.987428065305394,5433.539703877748,0.07905243794468704,2.029040614675224,0.022658340060463474,69.06657702392374,0.000157337316518751,93.79469686080243,1.0839074565392648,0.9671562692953652,0.9157712633134258
45.763112283649235,70.64374236657005,44.63507107923561,0.05767871498608805,0.989687685184029,476.10870838844147,623.7667074007749,0.0005155891142819251,92.06550671090771,0.4397,0.9485391264050912,84.23595477342455,0.20085428092774854,32931.08544370324,0.8561384244057211,42.8054599286257,0.05562164853997575,56.45484817077123,24.839240582870683,4628.716027554752,0.06911970573015408,1.8510313344051892,0.025250347399937645,86.24308841184848,0.000160516572968956,84.23595477342455,1.084667530234734,0.9514627827431518,0.9277800252488145
54.69786324620581,79.68919188456863,45.86405640869921,0.055008121821027364,0.9809744485350546,230.5305377539418,310.4952273891487,0.000561233499351206,87.76358695444284,0.4397,0.9315063182399467,75.42089175322846,0.15751995720784756,25386.101191308164,0.8546602480093674,41.34491782362369,0.05827007659420431,68.16831758867696,29.901616696060064,7032.964600577366,0.10174163319507157,2.3617136193679733,0.018254876631280427,109.73364369126305,0.00013596628893766422,75.42089175322846,1.02730729423281,0.9828667299855527,0.9074705399785609
44.04809186251437,61.794982902048986,45.66242465504584,0.0558962772118679,0.980329825179553,481.91607440684004,549.4346141319459,0.0005085376088761529,86.09905184330212,0.4397,0.9583906040073699,79.50548332257034,0.21807520980477912,15705.679988354024,0.8229812215748784,43.198341550641764,0.058995426424621,54.91023254865185,19.354005310514708,6998.558535899535,0.1714059664309227,1.8983567968299575,0.018140033289520303,31.04255109299835,0.00016864406328190716,79.50548332257034,1.037968893562429,0.9672285161664844,0.9176151986508146
53.89596257636997,65.32394888078292,46.659890615332294,0.05666512685515764,0.9894695080398865,220.2860022887885,292.2364173836228,0.0005708167530950535,107.38954756295604,0.4397,0.9248168196197567,95.7895415735938,0.19993518058684684,29187.916411601054,0.823569782309367,43.452565664603526,0.05672613016926565,56.20491255593147,17.743664188087042,3944.237020986042,0.23633656279418458,2.366814880798559,0.011666074097562009,109.2193154006635,0.0001535542505585241,95.7895415735938,1.0530431453447135,0.9628386956689062,0.9331902220088562
57.214381366517884,78.13203085104865,46.863118293958784,0.05600228157897986,0.9832875745184888,342.2168647783446,439.99209031363995,0.0005592134199203433,83.18797033247836,0.4397,0.9550752794701053,75.5954639981853,0.17049198011109232,34692.05004144845,0.8636373189901418,41.50645205303325,0.05757275850972079,51.481042267943124,29.826135522598374,7005.8926171741805,0.2058247061800707,1.861984095557313,0.02933487769227546,112.24149665938393,0.0001635046828503201,75.5954639981853,1.0401304875552955,0.9742653751977712,0.8972302905931216
42.64205674603088,67.29201791927971,46.27023492551633,0.05581613556753301,0.9941025189199845,452.0753061883435,589.5258660996614,0.0004196569140284494,103.35445259884345,0.4397,0.9327622883278675,88.11858415458764,0.23777022720888197,20161.059119439225,0.8263339107351345,40.4369384074836,0.05558163973174639,64.31794258309799,28.47648357116764,6391.736570657939,0.19914210503448548,1.9601684669738992,0.01455917933684212,112.36098348240473,0.00017637441059318188,88.11858415458764,1.0287150517358397,0.9801655127559897,0.8937177528784632
52.2875948108384,67.06249062527371,42.616786176868494,0.05638011245470964,0.995906469250555,221.09334156933662,321.0969630631006,0.0005954012736031984,147.3073269778796,0.4397,0.9610961862274137,135.45559011486168,0.1791379858300254,24269.311309222,0.8345106460423887,42.447259169144594,0.05965344355743514,48.674647924433316,20.48215375407785,3983.9189852060445,0.11604646891154319,2.352554099216733,0.019885341272678617,20.483489210517828,0.00017132983637343173,135.45559011486168,1.070304034372877,0.9709220528213094,0.9363944462779027
41.90191496459869,58.820048252162294,44.850134664026164,0.05554456932432908,0.9845659341691421,205.46932189669508,261.00852806822485,0.0004029494893802658,115.5253230927027,0.4397,0.9696825897036865,103.92648077256341,0.17845566354533077,22225.488021025623,0.8499301956294015,40.46449210045908,0.0555476892658616,68.33728221284616,29.925668710314312,5469.570978667973,0.07234147595503171,2.195124517744544,0.012292205436921411,42.09987727548189,0.0001669402482316164,103.92648077256341,1.0605978761230184,0.9559833270190157,0.8825916536688585
54.51431256542854,70.88596643766039,45.62043574492565,0.056588875722878455,0.9918435388976357,207.4843156119952,261.4728758833096,0.0005193676075859237,137.58512597846322,0.4397,0.9265714837569243,125.54988094778301,0.17727735817922788,22809.349884597268,0.8298498204167608,42.57617840761934,0.05604188553334123,44.717014251966,25.09984522037005,3725.8247162793564,0.2283878812240504,1.9136900615050174,0.022939072267087322,89.12452360253712,0.00013737892496587577,125.54988094778301,1.0323991803438843,0.9868658588281618,0.8905417608597396
41.6898643764704,52.461151694824345,43.47339623285671,0.05712008776393968,0.9830888928697077,353.3810718308101,426.1201663930949,0.0005585023018633525,89.04861621267793,0.4397,0.9440161131289155,78.50230339305224,0.22674557770890513,29427.999877507136,0.8673903736330015,43.6310892106448,0.056492392379000174,61.168127087143446,21.971945132948125,5719.885454019157,0.15017070100332575,2.155255986873169,0.01781750900495534,52.17397809882776,0.00012324498675948706,78.50230339305224,1.0669105597021662,0.9545139795970552,0.8808649721823589
58.71879645401252,78.8027629223642,42.25531090588066,0.05672588485788551,0.9860716530318877,443.47902337899893,577.7561511399418,0.0004663788279701807,98.76551476867934,0.4397,0.9640112952665598,85.39088800253985,0.2206118670380532,22568.087795121002,0.8684426814267453,43.101648957354016,0.05912895119591011,70.18369045948435,30.73783634959321,6959.475510725473,0.0701021692408504,1.9082347248213325,0.025353237481848548,26.10832915158628,0.000154478667779365,85.39088800253985,1.0249611962725171,0.9887828652598697,0.9188769355419134
42.74815860075604,58.04822402678306,43.34154192525628,0.055279327992575594,0.9977759098836286,238.22800132177989,350.3760570752943,0.0005197139584594316,146.25825111808064,0.4397,0.9298221836911316,130.68802100462372,0.24031456854703576,33821.682509174534,0.8705285926756535,42.241338206060085,0.058503279602511775,64.60832386632545,27.33565495084416,4925.555054947649,0.15699374602343585,2.3246652406022053,0.020567573089759296,96.29420805492708,0.00012207078319316348,130.68802100462372,1.050643284741865,0.9676990840772265,0.9220060012265158
59.17760491818161,80.98956303765414,44.72936641039583,0.05753322584249672,0.9908819618296462,237.3830762238622,343.67886160249134,0.00047242450616948967,106.84863278538165,0.4397,0.9539914202021428,100.90762571631379,0.17293392195842797,30793.16907527121,0.8229740872464822,44.72929273948774,0.055035072190015515,45.417366413217806,25.14536731943993,5431.050626584169,0.18508204853305127,1.8298971644031137,0.012589586303698753,22.859219246508683,0.00016285138645312275,100.90762571631379,1.083401437083231,0.987864927769051,0.9171721486058653
56.01768352170193,78.49948465093172,44.48358191432761,0.05552493351246247,0.997717773902884,370.5640565149375,452.46101577320167,0.0004121229950015004,125.38842899138257,0.4397,0.9603103389125434,109.43643815624935,0.22863645955428083,15552.940501753903,0.8456723896740175,40.50873616541085,0.055917807735797055,61.78525513278478,30.46214193501926,4419.217173249634,0.1139800059204677,2.117866618666499,0.01021481017189892,64.6021327932144,0.00016420930027777626,109.43643815624935,1.0912039709252164,0.986585990389517,0.9089988320517196
51.87364008932708,74.19210188829476,43.06000188796297,0.057294436001833385,0.9845049560835901,270.2886802435771,413.2312207481958,0.0004016923038178662,148.32887454138125,0.4397,0.941287616434363,136.10418736280886,0.20730455765280958,31370.977640674493,0.8708150603628602,44.400007534559656,0.05875075589595951,39.31431665744881,25.896567196120188,5547.406463744013,0.05184978633672717,1.8380838154976775,0.014248973646006089,114.75760907554891,0.00015377467567431963,136.10418736280886,1.0396187706239646,0.9662506906196106,0.9170320386392925
55.65248209259094,71.90247206318914,46.94649325610096,0.056081695332327555,0.9866004868649733,419.0641205434622,502.18194503967544,0.0004189724060222377,118.55514294315148,0.4397,0.9699189364521561,101.36279235045959,0.18086796096526678,30457.148448773172,0.8417931634184019,44.000644363206014,0.05701917245500406,32.617428575331424,33.77068865867177,6489.26880747611,0.1743213924295524,2.217013650640575,0.02448692989640911,64.02328263640848,0.00013008911475248058,101.36279235045959,1.0887607039191372,0.982001011621016,0.8935756461061174
55.90229677966172,70.72548201327521,47.55412001242035,0.05734828404416831,0.9894190427691363,484.89061645302496,618.3850577183196,0.00041968191882400937,101.37421644601152,0.4397,0.9506394911028029,93.44776428525819,0.15354541324077506,25329.87456762467,0.8617492226993814,42.09869290182292,0.0551310676623363,65.61217828401828,31.361113855749547,4374.929786174027,0.058019103685897,2.3614783411162,0.026570282552017266,111.18872854028065,0.0001725432860741026,93.44776428525819,1.0913406224102078,0.9535909012730706,0.937836990738531
58.92054125634661,80.15285295135243,43.20808991431629,0.05561881871021604,0.9896016015038909,429.8100219801239,569.4003737777123,0.0005221779554787499,117.23639191664435,0.4397,0.9576196903964306,102.4462846770839,0.231894754985111,24936.34793492827,0.8553547542514005,40.764335859503575,0.05981958439160012,66.36041018542494,22.16375145480394,5592.552343072262,0.13655865817423746,2.298639869802992,0.016826700713192286,60.90042459292205,0.00015575527392028632,102.4462846770839,1.0685505843683152,0.953309370770872,0.9486541102594392
45.06766707678374,67.08850858442459,47.57743749340333,0.05555998631108629,0.999952959343674,463.15260991367495,561.4861112352886,0.0005051730461925027,83.82460395316015,0.4397,0.9284523678022868,75.03573723536802,0.17410713715133563,31710.538069339065,0.8408325170024307,40.77933392888821,0.05575616456470281,31.03189225120189,24.29838501092517,4876.715797624492,0.21495504562536943,2.023036695091581,0.020718501424657088,54.66861091019595,0.0001508935170044466,75.03573723536802,1.0985742318099825,0.9642382641488542,0.9178436017852238
51.801517907166186,69.17037960303668,42.107165755051085,0.05649107753865245,0.9822889063794226,355.8758172715011,495.30474421957535,0.0004910926600346283,87.86589118648838,0.4397,0.9213896104719602,77.91730290055054,0.21317430362149192,23495.7057832607,0.8365842897454254,44.60902880371398,0.05755233320023414,72.65077562414882,34.14666137390777,6292.339481065528,0.24976952646849604,1.9421429432878554,0.014800265809171119,30.738280259902346,0.0001540555055725233,77.91730290055054,1.0396940657914246,0.9743914040057267,0.9062048876822872
41.900983951288026,65.29644924433256,47.549774836241674,0.05509880804409508,0.9970393007120318,449.69579126526,527.3761200043648,0.0005383842951204834,80.5019773536589,0.4397,0.9230449142494992,69.33506782684135,0.20488679360598125,18189.24686586597,0.8591645855259644,41.1685233213913,0.05624158048822422,50.065492210732614,32.904087895878334,6127.339183045931,0.1240605827968335,1.8726164954321298,0.027608864818399213,55.80909090271992,0.00012497322520881786,69.33506782684135,1.0255179385681834,0.9503728427927793,0.9354247901591419
52.323314000482426,64.4819444416608,47.71157274048545,0.055675892016347,0.9972736407884374,254.87095519600473,370.7142978143323,0.00040336522740248967,141.8947029095503,0.4397,0.974235208891893,125.5141223213738,0.15044495386467838,21257.976656980652,0.8280174482201738,44.370578539939146,0.058687346601126796,70.73724663459251,18.823710752686228,6115.642762010706,0.05402538530003942,2.3241743924295197,0.02930414291818363,53.698649002180645,0.0001644262232843356,125.5141223213738,1.0874754521506846,0.97060700500039,0.8935150351758937
43.425826081855774,66.61185777674018,42.07231117809555,0.057172036756553045,0.9910639726307557,220.5043671186882,279.30074197112685,0.0004541966962831462,126.9896300229717,0.4397,0.972958543054895,112.38740941107194,0.24943436299397626,20304.048067149786,0.8716073511452656,42.51647609965144,0.05888363049523644,65.46785365402081,20.486076656466977,4960.091281407822,0.14858062038775444,1.8486654774284474,0.025058800474538796,104.6551185976985,0.00012364653503334265,112.38740941107194,1.0592744527359643,0.9890258761499416,0.9024541496267084
51.299012229448834,62.74044072402705,46.57811578066049,0.05751215043491628,0.986880743365183,396.7859330374058,494.1793544466452,0.0005554785462575255,100.88308355929237,0.4397,0.9684554863497106,91.01778370630014,0.23143293558001288,28621.180593029007,0.8545866064648422,42.308673183636834,0.05698610201762447,70.52940875139205,22.28841038723944,5757.405490693721,0.10525507948639845,2.17729751494666,0.011777734411836622,111.99151742159862,0.0001547032895109545,91.01778370630014,1.0477163103281457,0.9843378171440078,0.9457986408404728
51.448610280676995,63.7514931114962,47.821209435419064,0.05524235609181343,0.9903845220857659,215.58575112741678,287.31893134325156,0.0005819954213034237,95.48129934451131,0.4397,0.9319767254740917,90.44324322130835,0.19864712706366822,18577.467000816905,0.8266902103075503,43.0975563379191,0.05829224810729516,67.50190349026809,32.59698072287807,5943.9066612713,0.22855500271783852,2.0203604816980243,0.018742371612378378,22.19300857533299,0.00013015542522422727,90.44324322130835,1.024418626519272,0.9592988247900899,0.8930405920832555
49.319703059624544,67.32730325873395,47.43541331290667,0.057646233128314316,0.9858493540961313,467.74442574190414,524.0207535349645,0.0004876673192475163,127.81536208104458,0.4397,0.9515275191169702,114.65060375130108,0.2180341370242383,27895.44872865614,0.8622116587116018,41.075195414466165,0.05954536792273243,73.82979163140709,33.548346237905285,6050.930300531025,0.19230063006553882,2.3974669910225783,0.02981011363499953,29.825641054700075,0.00013246211633798004,114.65060375130108,1.025169958305684,0.971122750477203,0.8878480904485607
50.45263551026245,61.465412713073675,47.82426096717728,0.05739255161215954,0.9959821489687988,407.4662441322256,457.8387949399877,0.0004162967960276933,144.36724453496976,0.4397,0.9677670260329024,135.91347629666316,0.19765942365907727,24319.338945275238,0.8458667529929451,42.14185337029847,0.05907404559246303,58.3095450574104,31.046804816051985,5670.922874535261,0.1308646537611905,2.105293988111007,0.014587696586265294,84.32284670901832,0.00013399525504247036,135.91347629666316,1.0272573160545515,0.9568563507646671,0.9182447586951166
55.27846780013176,66.0705743211334,45.30194103418584,0.0576090528871209,0.9899655831742066,485.6602176226736,568.1354292667545,0.0005597457478456975,100.93973637364775,0.4397,0.9604801508753464,90.45772675525484,0.22445862712787307,31793.218588235635,0.8322448849217905,44.69242219402465,0.05707448858822457,40.22664811736259,20.514168921205243,6720.49708856361,0.20240564618363394,2.1292745698220465,0.023409433403509573,68.47428880904944,0.00012085833830930753,90.45772675525484,1.0346914016444524,0.9605304058945199,0.921119213567793
55.98489433024133,65.99267549272692,42.46893683931233,0.05709528566373652,0.998516843577549,294.1659968939707,403.11905634764696,0.0005770340866545466,102.50913765707472,0.4397,0.9269312716205563,88.23518411186204,0.16343285458188941,24699.97486434936,0.877664157575492,41.19128464489375,0.05720738026948319,47.53034088298444,32.74129613270463,4495.674885372009,0.1182411737845865,2.3507332710089104,0.02877126962855313,49.6878635047096,0.00017351032986682064,88.23518411186204,1.0976320739378846,0.986920033539091,0.9218005072807643
49.843064311508584,66.38781420692253,47.09873518683022,0.0570224592018819,0.9924538268871209,345.84749276048626,441.37052752560203,0.0004827320541387439,139.7968507635641,0.4397,0.9737324719887455,122.04478814439875,0.19463509952340302,33596.07869138766,0.8631788671008656,44.60791779439876,0.0594343913701351,63.834566187858655,15.65762251881397,3800.9044417009554,0.154352717022758,2.3817821419504934,0.025464067765267745,45.9907059716328,0.00016825411628939145,122.04478814439875,1.042512331364972,0.9899111253904406,0.8915134760328639
51.99186883045225,73.61122704983569,45.68296953485407,0.05657527970003459,0.9902863866622936,422.5071095135357,502.6840393654853,0.0004486710507840554,142.53630711186264,0.4397,0.9296409435666778,126.96446750788911,0.183553717707286,33009.38255771175,0.8555796173996797,44.97104848304589,0.05517186400213171,37.06361754613777,23.456069617810364,7065.01243394568,0.23455705595983406,2.1501818766567236,0.022177203113285575,42.467458951861985,0.00012187718685998594,126.96446750788911,1.0853637840361812,0.9597024395247138,0.9304801309101997
58.62472471380204,69.14729996800077,45.68842046512974,0.05695836167347395,0.994221387079553,272.8336956382462,421.95369871587127,0.0004087943336445891,143.9825596780845,0.4397,0.9303077416048001,127.0699186035283,0.19596552434940348,18705.751582080455,0.8709320308635617,40.25953594037748,0.05511405786156913,71.84290512805589,22.55257264663475,3818.641415845927,0.0900314532474059,2.27770924484541,0.02013410317791125,72.5450869258137,0.000123419165279968,127.0699186035283,1.0215531024319553,0.9584827149203147,0.8969596789552916
42.394671770022455,62.17853586701028,44.50352165915211,0.05775732899369982,0.9900786592886047,362.55464603350003,506.5071500314678,0.0005182165643789711,100.52079456046863,0.4397,0.9740605177502425,94.14606017004738,0.19504726528603641,28723.327047037674,0.8526321873929291,42.65689561295686,0.05602897670782511,39.23755111330192,25.704792118091476,6850.640360851037,0.11261160038134121,2.1808600494650676,0.02857628724674066,21.747993648716005,0.00016697261084860167,94.14606017004738,1.0457452048878562,0.9653543729736629,0.9463671785662829
42.34207131800221,64.68898107924501,45.431051859126654,0.055301566004250124,0.998090127008389,397.8401825016434,460.4055131853931,0.0005819738981124998,88.42187973174443,0.4397,0.949077016345671,81.15930975377283,0.16430939497791944,19292.494982415505,0.8464882367399742,40.859096498468446,0.059138108223426716,69.41886321808246,26.212811144696577,5804.225773035205,0.2271186825053919,2.0564402783961713,0.017894667342153905,93.8884376468958,0.00012040819725418207,81.15930975377283,1.0924953946388836,0.9678342568940818,0.8959570024144098
41.75418023821537,54.27419296688343,42.921478674516685,0.05594729343353828,0.9836889192177368,493.6425963341124,585.1533390009619,0.0005355776051040651,110.79983003989794,0.4397,0.9423735095573881,100.5875033522358,0.2476488570709029,31466.086124609155,0.8313668115916425,43.10857127978338,0.055766065938086,51.767577517736456,19.50808973686918,6907.465387132558,0.14237567206208235,1.8343892143648182,0.028025379997691058,50.03880078907311,0.0001481399348224889,100.5875033522358,1.034803262630519,0.9535699467052355,0.8812118035370642
53.157265700810555,65.36022172313162,46.438620159396905,0.05521736492078762,0.9994669736749181,423.41098827271543,538.2956816720765,0.0004634497195789469,100.70354055988267,0.4397,0.9532194045378835,90.54486497961797,0.1515492142788128,27714.463090731384,0.8292034255070907,44.947713216074376,0.05642639642474176,67.82790667671034,19.091114055715124,5633.8341500255,0.11357776573471577,2.23064632412507,0.018621058580151416,62.683145123557054,0.0001264378352576585,90.54486497961797,1.042721881633078,0.9559083465574957,0.9197491635322191
48.37216601580759,71.28418062011563,42.45010384410925,0.05783441551583212,0.9962438110370239,235.4392550837222,358.7883348367159,0.0005285776648579933,141.8706666768285,0.4397,0.9788838399699267,126.2261714220828,0.15100729448173988,20882.353885633023,0.8459181589823108,44.48440447709103,0.058145343450700875,73.12330638650005,31.071331835843104,6555.631411774106,0.057459734036788106,2.2201576634163893,0.025130900475176556,72.70521978420587,0.00015549793362111352,126.2261714220828,1.086121190537044,0.9669930906969444,0.8941993511174698
55.486428322836865,77.83329747208829,46.37868460226275,0.05633579639799816,0.9972146672372973,342.6000354149931,429.2372509059421,0.0005664136814896051,82.56444592624814,0.4397,0.9271778273144626,75.23431199680772,0.1873441318533658,19982.472567670127,0.8473584747416509,44.62424230803177,0.0559212140503069,48.99663534340762,16.523935956796873,6196.644947644321,0.1337906075173802,1.8700213840132351,0.02831427798534953,41.1359602727649,0.00017990042507306446,75.23431199680772,1.0297113349161657,0.9594168227226593,0.9240001677743189
53.42462826617185,71.50875476013465,47.093870535749126,0.05702603341202857,0.9896581566474214,376.63123489687166,501.25941617040644,0.0004951660118698916,124.37163287453906,0.4397,0.9654169309275239,107.26564760677675,0.21203763493468175,23591.5531009086,0.8639987503138437,41.0667490665605,0.056515581706217864,61.34720434130566,24.86572087724091,5490.403681178414,0.15012022227376182,1.9380413249738195,0.02101285817256439,108.37026474237021,0.0001303212909324889,107.26564760677675,1.0242546552617908,0.9837973907791359,0.8960449352399663
46.67275516656476,68.96075335597448,44.83481206538693,0.057523360193512965,0.9967440309867519,243.98694285930583,306.40194415037365,0.0005639496979995677,143.43269560236797,0.4397,0.9400595517346477,124.24904859309255,0.1679653226814928,31014.45942922262,0.8465251006022125,42.71159799444651,0.05733456363561596,40.20229215342083,18.83292813195358,4907.964923833029,0.13126657346421747,2.239276912124823,0.016197596966685157,88.20932551782673,0.00017740103084156372,124.24904859309255,1.0972781403989795,0.9800618624857125,0.9099659054932862
57.967330947230714,69.35867210859814,45.0589821963423,0.057973000744229466,0.9861354816715441,329.5898170943235,412.771079620094,0.0004783819353332708,148.36692567642461,0.4397,0.9270229562508575,130.60913097253263,0.2033194003904161,30923.232180789033,0.8555895520339251,41.17415508197475,0.05614054641883969,66.03535725053423,21.391344502419553,3610.2924744780325,0.10549184675411177,1.889827186556724,0.011019734393173487,107.02963420696663,0.00017192871263615672,130.60913097253263,1.052383340694974,0.9714535372352291,0.8925660080551608
55.25064294141305,71.16786571049437,43.87328563753247,0.0554853473733768,0.9952389635712835,285.2017449007469,406.84506247633743,0.0004697011357191541,125.50914195086303,0.4397,0.9453160013211763,108.83129409095527,0.2222771967963479,15667.524511098709,0.8699511114445747,44.49712353788826,0.059962068419889665,66.89665421773984,20.545888383440165,4503.258988449757,0.12382603471077323,2.2145610206596418,0.0261851992700955,67.54506052642347,0.00017915129808862687,108.83129409095527,1.0726297015822492,0.967305172762736,0.910016794995419
45.410698818203514,66.47766215979911,47.816751502353526,0.05739853781715469,0.9828090031677804,235.6482626786078,348.21654170464535,0.0005165977251757108,146.4946069915666,0.4397,0.9529251726635163,134.43954701663498,0.1594060609040151,21045.744309418,0.8796000817306325,40.95576996537123,0.05581723008660634,43.28605668147582,29.17044451894408,7026.360510506196,0.17848895971074397,2.2307863147229265,0.02244019841386834,63.24604579894097,0.00016597131801615112,134.43954701663498,1.0301692729121081,0.9832395121285596,0.8895564237106377
47.28384035544108,61.14561974530053,46.39874684735727,0.05766226869441021,0.9861410383192502,353.61258003903635,487.33360152520186,0.0004929372835388963,85.2961623837547,0.4397,0.9323576982636889,72.71300230265551,0.24844224080159333,23457.019269394354,0.8393515189090769,40.769794562046,0.05924968552460126,31.086334311181044,24.12041206589099,4591.6626523139685,0.22825594399260052,2.0120063135639557,0.015260912956509914,43.71425685091416,0.0001714196550871875,72.71300230265551,1.037614191829349,0.9566398137429583,0.9036581140408091
46.288799604085256,67.57373332058854,44.21393131980207,0.05514662613055263,0.9889146532671946,249.68992430370363,304.3756265704192,0.0005954223840922165,105.14948421973679,0.4397,0.9443161675457962,91.06131965001326,0.18367006477392944,26711.640268884865,0.8741172678237021,40.06081315857009,0.057350499157493594,49.404236330092104,20.988836688922074,6306.668793583921,0.1799351645155004,1.9549091098676563,0.027548233063231793,74.48403612074593,0.00015567585837451955,91.06131965001326,1.056798460652794,0.9854955143546973,0.8939252131772462
43.152232972499995,60.7149120383622,43.04884431739803,0.057262271680556726,0.9864463943628684,377.16122257571703,444.6003943580219,0.0005032778847056349,80.61002881287136,0.4397,0.9581405615283374,75.79445106228364,0.2142415413787249,17990.54017629398,0.8683630523112159,40.90973930043311,0.055645618398600945,37.65002404103454,31.6270399596041,5430.59141231281,0.1792324871947532,2.023823646662168,0.028406055275516026,79.31635733179066,0.00017203704487047075,75.79445106228364,1.0740122573943023,0.9519630953347425,0.9371271310948175
42.95566745084383,64.20965727006734,43.31747755321255,0.05606417596358965,0.9877403423124836,250.90907967255964,305.7585378997563,0.0004770344057832043,148.6828640533573,0.4397,0.9545868811832133,141.21219167479995,0.16107198581865756,21705.660410578494,0.8240804014191732,40.94881423427267,0.055592430785812906,66.83479861209929,16.71590282581604,4710.651784757278,0.2133749723961756,2.0155179728357364,0.027743321590257518,61.992337704183726,0.00012669073535276476,141.21219167479995,1.0434598328901274,0.9869357784715531,0.9310547858516157
58.72254926751488,75.69274383537481,44.7835337166603,0.0569457903744113,0.996402094895674,417.0784770808463,486.28989950576744,0.00047898670862570725,143.19085351366894,0.4397,0.963389635643291,128.69407515515283,0.22094863887213262,32711.940411359174,0.8400495358512334,40.38745093762806,0.05750148028025428,41.74937751077203,30.327212909472806,7167.93641626457,0.08302855554665328,2.1642118834227495,0.022030357967123666,34.5382560312639,0.00016449925826210555,128.69407515515283,1.0907707000832034,0.9555524020945795,0.8916773578714725
48.758080743975064,64.27664584730233,47.65541040188603,0.05654214458811659,0.9851335178428433,258.5724869089011,309.00076797219464,0.0005095879901226234,81.9636789373741,0.4397,0.970184271976244,73.72936245880187,0.2340456347062486,24530.95026827299,0.8331425775900629,44.3387055170658,0.05676760085734605,72.46617566459372,19.966255158005957,3769.107759089259,0.1102195258916277,2.246308979831318,0.029531632143385868,47.31044622956031,0.00015772341522006945,73.72936245880187,1.0824915202898604,0.9824839617614868,0.8858033186769374
47.666396455548195,60.95423470272768,46.40487807456551,0.05577922675625991,0.9949056234430914,468.88553023284487,569.3065604007315,0.00047098240760163907,81.26928553218362,0.4397,0.9445484199061625,75.36424918620725,0.16052851423306222,29882.86452086879,0.8598630563453799,43.89998904348062,0.056173011495564966,73.73140324846001,33.360384452535655,5695.477583306485,0.060118196594974194,2.3170515809102183,0.02749611262403536,21.425150951736676,0.0001235907889642719,75.36424918620725,1.0641246312686832,0.9507218031357711,0.881802122420912
54.59371417354756,67.71940429507279,43.2914624890749,0.05540566408601196,0.981474241382233,207.86280696464266,310.6942465214682,0.0005445813203929871,105.68786458744563,0.4397,0.9453780365277337,90.2171648172328,0.1625863154370066,24695.570129926797,0.8533179481730613,41.272407486736284,0.05979469568582874,70.89761658317076,15.111181707390976,5261.465577634961,0.11992755937464812,1.8179953704012686,0.012085208098913187,51.913876781791416,0.00013749542228091906,90.2171648172328,1.0567368946751718,0.9826031268163369,0.8958670257294108
51.059861305058,72.33222346362894,47.15736680051339,0.05535084169926763,0.9953147821503012,356.5992161137208,472.38839425432025,0.0004761325855403282,98.09765767536312,0.4397,0.9498015280673092,87.57198973921349,0.17810474143872276,24299.65152800927,0.8496910631553732,43.916288516556016,0.057316898703165954,56.98265149677784,26.133266747186788,3875.4950749274217,0.24976475645330115,2.2359309344216216,0.029622119519186883,78.07589766242067,0.0001329664080223512,87.57198973921349,1.0695634034194008,0.9733628309255954,0.9136124156197698
58.72279973676925,70.50645495727865,44.26920313805809,0.05530996857312548,0.9958404648565955,296.03142976596405,384.5226744860684,0.0004768288773050486,139.28525940697514,0.4397,0.9539812027028782,119.78292573739343,0.15119358153753293,27438.510501670084,0.8658138258284547,42.110822733983994,0.059644054906861636,42.034260179366214,27.445299680551877,4370.746340935279,0.11586247907311518,1.9885116109734962,0.02097612745339701,115.5711097837005,0.00014431052704793102,119.78292573739343,1.0785330533157638,0.9507613700370198,0.907991823780494
55.60602987818784,66.89576512985201,47.11033309651511,0.05691337012040373,0.9880339755100497,267.5229577323772,317.84372680089564,0.0005233946498753609,91.23390822903036,0.4397,0.9264993604542735,81.2066300748637,0.24860512943372298,20187.29024379235,0.8399985217487189,43.87760154674092,0.055819998630324094,66.3266286674866,26.546006652938008,6099.271105240408,0.2219545992051814,2.303185206426283,0.02840071807115943,37.78967963894286,0.0001319012004914239,81.2066300748637,1.0307960236232576,0.9809683903809698,0.9480049322233791
49.587391282490806,62.23176175782276,43.450197587886784,0.05605423255419861,0.9944495564633494,341.48083374954444,458.86994919030815,0.000412169374539202,135.34546238906,0.4397,0.9387581212516865,128.35922523030538,0.20983840749526497,19996.041986124997,0.8429651377331959,41.61503825917587,0.05591733033615006,61.57179215436065,31.30030584398025,3989.9830672563608,0.06715554278608649,1.8454301758446068,0.025206828696653635,25.546453052747967,0.00013648977864911911,128.35922523030538,1.0882113090048708,0.9540622920418994,0.9354571951634366
47.52718946961652,60.15738714142535,45.71196367161791,0.05564990031461762,0.9983027680749019,452.60586089727826,508.0349696720695,0.0005310709836230292,118.81217899934643,0.4397,0.9303135077226214,109.94443337531182,0.21075894499635456,34787.07709783218,0.871938036893527,42.82327113243939,0.057980138454712254,73.97257561726181,17.243280161676225,6483.690397978964,0.1419424726671999,2.13070470610384,0.022951333507108373,49.63112878714621,0.00013776180811457078,109.94443337531182,1.0591522226926198,0.9715962170361159,0.8854730677923505
59.73263089848644,82.07924524058994,47.56002292848769,0.05707565527811771,0.9960142594710906,474.5831616579946,611.200204739769,0.0005009944434317374,106.41742399834915,0.4397,0.943151165740648,100.93741485965867,0.24589621696516362,32379.840186384445,0.8783325105556004,41.90805270977084,0.05634937821308411,46.97634032923073,23.311120085851684,5850.2195782276085,0.12029257307632733,2.129204153852408,0.016533447633127273,35.679769816860315,0.00015598865370747183,100.93741485965867,1.0948275191847643,0.9632801576174863,0.8911252667773308
54.35520472007287,70.33280407218605,43.54736405488676,0.0570605486972994,0.9878089302079391,290.9745854443537,343.23998421514744,0.0004906052228573284,90.20038332133652,0.4397,0.9784012443544422,83.39971302432049,0.2332029254319427,29755.09792899289,0.8665814404460699,40.93837908511735,0.0559246892780563,32.644559962547405,32.27473546039947,3963.0873415809847,0.09031657264628312,1.995906877305137,0.010540600471686683,89.55189968940562,0.00012809242560420821,83.39971302432049,1.0964433916891294,0.9803667304519196,0.88186193363124
59.02389320007683,83.87972006048406,46.15755954351513,0.056617504877071,0.9896842702856012,246.27308662852138,349.3205989541846,0.0005438505981415902,149.83839141717698,0.4397,0.9549638574008588,136.47445620100873,0.23142429309683493,17742.890781110666,0.8330242584866335,42.928164420010006,0.055473426927066555,74.92738479775258,32.77470577057982,4632.53266354769,0.1245012514113728,2.382183958412019,0.01553472504884167,20.574916452666564,0.0001344660740833265,136.47445620100873,1.0224573456814467,0.984128862866906,0.889675845300678
42.36957154434083,54.42774041120001,47.92387571974287,0.05780487345059755,0.9955871508957161,416.04213426989213,555.5339225084442,0.0005516511564009722,123.25902846450757,0.4397,0.9457628911952328,114.06662690626179,0.18395023699016255,15604.494223695334,0.8267590979298308,43.754153999889255,0.05538135335153582,67.7218637747494,24.96688806477531,4093.8403044487122,0.1802556222827894,1.8641538907012125,0.02371640645747191,118.08670922728795,0.00013902888365880593,114.06662690626179,1.0507584780615118,0.9685710680401155,0.9170592004178403
57.01067358381565,76.8137709692203,42.90358972345802,0.05615624269432427,0.9858518917969824,374.5996176367965,481.8485752156745,0.0005692521726824918,110.7567562797596,0.4397,0.9539562137134225,101.4431284167223,0.18348633934646455,18508.25008394186,0.8325523088659481,43.765535622970745,0.05876584192706713,39.96703597343471,26.159337877401597,6471.364664007961,0.14806161497781858,1.8818383401209533,0.027262298137431598,105.56666752623508,0.00014694407629656437,101.4431284167223,1.0620978730597013,0.9803176085422783,0.8853716624727647
52.74147767982415,69.47242028784291,42.53041374420405,0.05750758891380788,0.9960776548061775,260.30484460326795,371.14651925766094,0.0004749606241634894,105.97892895869121,0.4397,0.9601445933256307,95.00021169639915,0.17917379598126468,33754.6192901504,0.8453656819013737,41.78144709159622,0.056410815731849084,62.653253965484424,30.27816880979801,5518.654650452401,0.21886680624169236,2.186555758912965,0.010046931942309592,69.06705920753787,0.00012228531796979898,95.00021169639915,1.0631676390501896,0.986664997297482,0.8841907563117088
42.43843356670225,58.33220621715836,46.0451711546689,0.05522541822379659,0.9865614228512188,428.088736426231,546.2498212599716,0.00046540753845067623,143.40097614415987,0.4397,0.9460972077974241,126.08597270891015,0.184669576177632,31325.795404979755,0.8342018216648582,42.59355884202914,0.05989209576653817,30.031057877915018,30.592207885972833,3610.1877721797114,0.2309893213696675,2.108579534786192,0.014159475475736445,112.09422198069069,0.0001799526871243657,126.08597270891015,1.0857914693477608,0.9775680214989726,0.8882713053007154
51.765159999384416,74.89142298519565,44.03841568649418,0.057219493282115515,0.9961198116477108,355.6791305726423,417.92001534568897,0.0005428684202989039,137.48342657335326,0.4397,0.9468625882551732,124.01249878990669,0.18695087613598504,25461.52024977153,0.8740624688843207,43.818892992925434,0.05591560563739562,55.10140760476112,32.76162599011722,5554.453130021349,0.14637856623388895,1.9586802771312282,0.023461354308041735,82.8059332657277,0.00013802352015312153,124.01249878990669,1.0312883189943014,0.962879619443766,0.926858955155125
53.72192730210898,78.35586198953497,42.427466864199545,0.05796534224149579,0.9817360088670144,396.01855985222227,513.5112699332782,0.0005163609718280891,136.78300518577566,0.4397,0.9620840677629026,119.80130582602416,0.16400036889805933,34375.611827367546,0.8602433741060465,40.27248797261296,0.056772233250119236,46.32772084507328,31.877147983660862,5338.093263353823,0.24634526283022395,1.9825630778744652,0.015672702086408124,119.37648766891695,0.00013724069164413677,119.80130582602416,1.0697986151755938,0.9685324831822281,0.8813550687435677
40.24605371777206,63.338938099384734,44.85183370730162,0.057539794648863454,0.9808879459382118,307.8017101890166,445.8371983902981,0.0005263603092703632,123.1338931073675,0.4397,0.9236517549923421,110.6564444633315,0.18559478627020937,17931.642058046018,0.8450037546869809,40.3594416665043,0.05687454309741167,47.15998685569321,23.288466257285886,5915.075050773019,0.0644041527073168,1.8942139852252917,0.01283405708107231,47.830620140946735,0.00015329223519547125,110.6564444633315,1.095407759027621,0.9591999096053586,0.9478738270135844
49.08635923683493,61.97086942236193,46.52262407786373,0.05673899415793018,0.9999535089473964,331.72926839071283,479.1513516742445,0.000511104581421167,142.15696078870613,0.4397,0.9524048340973007,122.91083318733676,0.19467470352447275,26183.008800120737,0.8364287039716937,41.881113699860386,0.05750076396368415,41.00339127774341,27.99506652943313,3725.438599753186,0.10526784426724962,2.320658483347124,0.011638721964470465,119.69061426175135,0.000171241930759327,122.91083318733676,1.0997352955043431,0.9683363335843683,0.9066550384460187
56.50799022392643,69.81995904206043,43.710734402491134,0.05688029819298148,0.9973891424646938,254.10262951248265,348.40782944831733,0.0005545386046407709,100.94948604854493,0.4397,0.9528396687330621,91.51469760680237,0.18093473387466585,18664.442527974195,0.8428396603084578,41.11735800514484,0.05935317934489726,42.368034703500484,24.664705157234682,3727.5328509589704,0.13334225408171518,2.1417113238838144,0.022757579936491117,38.02472921220722,0.00014740856208364785,91.51469760680237,1.0208068432783794,0.9598356191622999,0.9035611152716604
45.9071805068818,65.74828869330776,44.010281265030805,0.05605986864831084,0.9976569500693241,426.95476029360225,511.4052454613569,0.00043800817769843066,129.25942946143024,0.4397,0.9654051356677028,113.04103803527235,0.16653469681575478,21128.572096086118,0.8485630357220038,41.873230097751104,0.05917385104982093,50.4600898735268,17.359229328402634,4857.725178343284,0.16654030207166548,1.9469007456922989,0.021897196340566895,55.341836763904034,0.00013493035205038476,113.04103803527235,1.0978053826318754,0.9822899889942983,0.9132368983777504
49.170961635971025,63.5072153605439,47.074196403881835,0.05703845565477431,0.9990255989521324,247.10339724553756,372.43435880516927,0.0005111424265482794,108.31134196743247,0.4397,0.9789586851401995,95.24474944736008,0.18734103981784977,33802.70037926451,0.8628293411305437,40.46876539929812,0.05504978165431898,41.1665265964999,31.433618400101253,6078.737146181355,0.15918594826264212,2.036052454625606,0.027172271442993383,113.53240803400945,0.00015395253019172126,95.24474944736008,1.0297768022224236,0.9743966970905523,0.9162503256231641
48.846282541357866,69.86715950306656,45.12043147356893,0.05731118614954398,0.9887663261882897,433.4907784253184,537.7782072348499,0.00043162035778872596,121.99991659917845,0.4397,0.9677452872072085,109.78806827711111,0.1980907773216436,32365.57033097367,0.8253604934937326,42.96004015337644,0.05704627533479131,50.98979760912471,27.035270594010136,5999.609133319304,0.16359535275641474,2.3440110325829298,0.016296753344905296,57.05422852537185,0.0001489765530015438,109.78806827711111,1.062956043017549,0.9753298394287786,0.9094009372274684
46.03854782884983,64.5348575909945,47.05639181283883,0.057994685443353566,0.9857367110936031,439.4023564653758,515.1328219108789,0.0004814503878581984,149.8707100428885,0.4397,0.950227316759028,129.82589603055067,0.22207283866671285,17035.975712611722,0.8709299763873367,43.35870252997177,0.059139683655202904,55.9806474256705,16.16010407611825,4601.748885156917,0.22925014452172626,2.3321046969918378,0.012734372366711055,40.983637706986656,0.00014538448962133775,129.82589603055067,1.0397095847426752,0.9544105315388338,0.9140428116570017
58.368837910311086,76.63246943766713,44.67833695286226,0.0564773887510013,0.982600499900358,423.9802892165365,491.19607771350684,0.0005327987646832149,148.91673464727228,0.4397,0.9301671907764307,140.91067142630973,0.22112377614746703,19990.87611121877,0.8276536018678108,43.95920253946953,0.05500098903913355,62.000014028362955,28.53736558017945,4377.843160426425,0.1055130383906612,1.8414640146679246,0.02598310177380369,25.94871054732291,0.0001790329770470534,140.91067142630973,1.0685112829915226,0.950058412301946,0.90378137305245
55.62588070863032,78.05408458121211,47.71785096936062,0.05518391219732033,0.9900241826707693,205.82683641762213,272.8498664768965,0.000498614321662834,115.88333115272138,0.4397,0.9552956582979902,103.68017109056308,0.17026950310833242,26890.14939164101,0.8357470049183462,43.25261469037663,0.05766819786109122,60.47155428072681,20.662020717942035,6059.252150571826,0.21337074911772574,2.1924600829678216,0.029763718497046655,34.89582097221069,0.0001797570158681139,103.68017109056308,1.0229621273360319,0.9815674653959021,0.9025405194506403
42.21176821992221,62.86975979606238,45.90476753830642,0.056787573852192956,0.9844009664095321,281.93996378200205,377.85766744261724,0.00047591830733443625,120.17044165153771,0.4397,0.9700579332027611,106.37823046469806,0.1536655395168237,16227.055746816488,0.879615393746355,41.98190697503038,0.05629737810666601,40.88951728970355,16.385304174333616,3697.6058500816894,0.16160011082553186,1.8917827025818343,0.017207790812364374,55.52234403211858,0.00015371662970745564,106.37823046469806,1.0390666144538236,0.9716922566291311,0.8819120685580683
59.940693156751465,70.33935963171083,42.6953931919155,0.055357072449946504,0.9987110171347864,340.5013228375441,407.5137633991091,0.0005769940002831211,142.81252383961106,0.4397,0.9759448438187199,121.80760934975139,0.18037995218070693,26001.692947028747,0.831412518042655,44.67464112408929,0.0570638427462105,31.76353156926509,27.131778293672895,5604.419994100037,0.14809809658453826,1.9265300193289543,0.027306992284798604,62.12320524687089,0.00012408023562430866,121.80760934975139,1.044046050655918,0.9872621349936593,0.9270260373853934
57.584000486154906,68.32588754334515,47.310557929360805,0.05573429513066833,0.9800800632488555,378.66331361503876,430.63520801618733,0.0005545651428994956,148.99449987596984,0.4397,0.9695186227696461,139.20935110458802,0.16571363048589507,26689.828715880212,0.8260685312671807,43.63166008013995,0.05710152349939404,67.47068397419088,29.64417308258487,5126.755111358858,0.10988268512509383,2.3185245553478495,0.025250909415217244,74.24511344202396,0.00015401505482897358,139.20935110458802,1.0932485745663747,0.9714895695595843,0.9232090385695666
45.67816875728078,64.70154554412102,44.935591144984784,0.055986339733917215,0.9828639347548624,475.7666298107151,530.9755073076841,0.000505258157000075,134.5025461838256,0.4397,0.9313381163817538,122.74478976594187,0.1895788479215694,20819.34362660919,0.8583043181151279,42.63840622913388,0.05695877220358757,69.25407793340669,25.34568588642984,4460.712544566756,0.11081376055200057,2.3371141904855746,0.028231705895174958,101.35879945271807,0.00017714832890297313,122.74478976594187,1.066690363747877,0.9585871409725855,0.926817426416054
56.73793159321876,74.0308127275529,42.84983380783743,0.057193089619445234,0.9849295170616685,312.68179163861066,455.67024603390723,0.0005900106311350975,84.56291205710414,0.4397,0.9627545518609599,75.39971849743546,0.24793461191526042,20862.459602502466,0.8435877447910735,41.03425204167796,0.059459750611056315,74.05002838799722,15.11296547140185,5473.0731215968735,0.12769597428897742,1.849615149536369,0.018487449531618586,21.341484981838413,0.00017554155184168113,75.39971849743546,1.0766567777887779,0.9779390634102535,0.945873853784548
42.12839063742766,56.031160467572526,42.91614080304853,0.0555514243716355,0.9839791342318639,462.50699563218626,519.8031297481998,0.0004848730578869988,102.58478140407047,0.4397,0.9728092968491506,89.7158570482266,0.16810713709052208,19581.585375401417,0.8255101260561105,43.244874933681075,0.05768231804484767,73.18702007562845,26.53765473885207,4381.803563842091,0.2027020976199383,2.3243539976872163,0.012026030096476485,104.11161312305768,0.00013293005096587937,89.7158570482266,1.0740812146653658,0.9780393192125102,0.913115931776816
59.982094609484776,76.26193591920679,46.12520361065923,0.05549725884052706,0.9845155687315942,249.02878644105095,306.3468554991469,0.0005576145855176212,142.75936379442155,0.4397,0.9608610179976185,131.98299360820985,0.1818873943422969,33713.52740392086,0.8202245457009426,42.95860262542978,0.059518733619139924,58.52163120118428,15.1321815063592,5631.557779977272,0.1453465775184542,2.237096131705935,0.012367124127298575,77.72493430231091,0.00013140716892181707,131.98299360820985,1.0513830669279347,0.952621304166422,0.9417239304011569
53.313694722130734,74.68234950312365,42.28423504037694,0.055134892727496485,0.9931209521012235,311.3841462525881,406.50299080594135,0.0004335872479602836,133.78467540953363,0.4397,0.961145122455693,126.36597502046013,0.22251143163195725,22777.42281398155,0.8247496945828886,43.41664999468773,0.05863371203660675,70.24222667737102,33.528166025942355,4136.305810414837,0.08076673705125,2.2654262179600195,0.025263968409160842,95.6478058284502,0.0001291353513006942,126.36597502046013,1.021121685484967,0.9777460358928418,0.9110760272800493
53.002500311175936,75.40167258104489,43.71956258948288,0.057619719809061644,0.9865502415662629,215.6846032463969,290.1946314799002,0.0004571584954221194,131.9563149717099,0.4397,0.9500097371750648,117.18789227228362,0.20091827828619216,26705.381262277806,0.8513641347263143,43.90562382654151,0.056755600354870026,50.16037886946249,20.34610315450104,5060.4944835288825,0.20197263546855998,2.275089196587486,0.027266636789967352,95.69792207075243,0.00016918706096474086,117.18789227228362,1.0285616610612962,0.9585011289009767,0.9134329819223093
41.80881453968266,60.22716055803332,42.83872554281921,0.057080516273068184,0.9923004876380674,422.74678731668666,569.0161725339365,0.00046761711626679093,126.75462613276987,0.4397,0.9582185733275304,109.45104877502114,0.15439281435733848,21031.49148507029,0.8338535767078565,44.57524809489112,0.05746781840774477,65.43010378762693,32.42013206994048,5437.5348070973,0.1826759975831737,2.104339963042797,0.01914033481874102,110.32026793072856,0.00014940330341936843,109.45104877502114,1.056704678752296,0.9601808246314343,0.9243066762400423
57.940667977932506,73.72121019078905,44.6464645777037,0.05511983939685288,0.9978051586729259,245.19582722987388,386.2944111796543,0.0004211641505409047,109.06846947426685,0.4397,0.9376628431533813,93.8991694490935,0.16616900181613217,29053.28008829809,0.866653128059137,44.74528295679073,0.05694929269102646,72.9900544015523,15.242185772337411,3714.123700957779,0.23984775368023342,2.368144585792921,0.011191417784742919,29.338020883434815,0.00014028279423955475,93.8991694490935,1.0953035823094321,0.9512565878502312,0.8951130979569933
40.57999006408939,54.640441486515996,44.48612263196617,0.05508487691691434,0.992051135310514,277.1060046945373,367.58032956166403,0.0005003609630152136,108.22689242412912,0.4397,0.9253286052071448,92.06171221004823,0.2435249554773196,17028.82542117285,0.8714505179843046,43.15092751062798,0.059142871391001606,65.83253507434489,16.944330209843407,5798.582065690611,0.15588282032390866,1.9202157623883571,0.011334120807195792,77.15152883564048,0.00013948843013038203,92.06171221004823,1.0399006245946834,0.9750948889109147,0.8952149285789972
44.81656116082294,62.645338222361744,45.13125860813314,0.05667602288942517,0.9938906558257277,432.56997565796445,527.4431275995904,0.0004384520268252991,136.62527413135606,0.4397,0.9696628942847241,126.29579461534769,0.16031649927390285,16432.83086189328,0.8286899810629176,44.82978017876672,0.055937989059854816,48.70944146783101,24.02816609205314,6301.1350565910125,0.18088442849156083,2.1029790645105257,0.021972007001248475,110.90295283948207,0.00013652479457726326,126.29579461534769,1.0758654975694764,0.9792691757386203,0.915688229095373
42.8604375033327,57.58168178179841,43.67781797461518,0.05584760320386013,0.9873100659644272,360.415015226813,447.92638053437,0.0005268371778899317,100.56462042355497,0.4397,0.976588658443491,95.34929280688469,0.21350927872097059,29885.675211637725,0.8402211922440682,44.557111995002835,0.05968206141130775,46.999166118004425,30.17214758105338,7041.864826119741,0.14586605455224227,1.9911315479330427,0.028372487004299403,91.92063140382191,0.00017295718644686452,95.34929280688469,1.0861276674481086,0.9592196665260201,0.8848026872404205
55.53535881384437,73.99678586955271,42.192261536269065,0.05679017905129579,0.9831947693524542,204.19181582553878,257.9784274898516,0.0004380184719146037,127.93823108906814,0.4397,0.9714093401226166,121.44943113381944,0.22923256488409116,29533.359166306996,0.8287944475280918,40.01307178507611,0.05790212247125958,43.119423938429506,33.85123401001273,4331.254868871875,0.1861560416555929,2.2934587456815043,0.017991670274118327,29.65849114965379,0.00014458079356482632,121.44943113381944,1.0925428227346208,0.9817015572861231,0.8965660634596796
43.96408454425796,64.11387028190252,45.686316639211114,0.0563038125270429,0.9864116812489981,200.67056142421913,279.95524534969,0.0004247012514678551,130.83459663967696,0.4397,0.9400348132268482,121.4694202895153,0.1765439062724924,20300.026722813243,0.8372015622149168,43.18808733123004,0.05805878976984042,46.51785859412224,25.421896303368598,4351.3033220984835,0.13722341264003668,1.8496204272772665,0.023012396303983114,81.39643108797569,0.00013464106413851285,121.4694202895153,1.0434789129606161,0.9804812514456263,0.9355388507506659
58.212764542617705,69.20395270640863,44.24230801729411,0.05776993768693077,0.9992856529740821,353.1981895219691,415.4655364831675,0.0005938173455197848,139.11891925530702,0.4397,0.9256118090784757,120.50736456273975,0.22250780031386902,22100.934254493768,0.8343522651250342,40.89234704917032,0.05758400700125985,66.92594978064913,22.109214273331922,4697.390967223814,0.07757129574716488,2.0602070921545605,0.02084015537913543,99.98809092009445,0.00016262428836391672,120.50736456273975,1.0945026539648604,0.966390648326778,0.9124613399128367
53.125380786549805,63.14139276189101,45.90800999244028,0.055863427044884104,0.9924362276890627,291.48665412475845,351.7236871262707,0.0005316480611622212,102.3919913494911,0.4397,0.9368083032578844,97.04415446228462,0.16698951790301803,34145.210026656445,0.8672118940562312,41.47596327229249,0.05777248238522459,61.56751445483596,15.89109079834362,6806.750534844859,0.24733664725982618,2.2640865937471975,0.02779515688904123,47.48617863056988,0.0001581272734135079,97.04415446228462,1.0686385808430545,0.9527290064882246,0.8818635353484382
40.72325420989392,53.90741129250507,42.65200182482561,0.05703743610531668,0.9855502223886803,254.09343379855312,360.1795910921919,0.0005872901829416977,131.93224867867414,0.4397,0.970570122548594,116.46732784510759,0.17847502748337904,17086.605899906288,0.8407287806808439,41.487500998677945,0.05833837708211413,41.2445630793776,26.674189434774235,5064.68578929434,0.19407274055917106,1.9874045469346437,0.026647752232844706,83.24932350167138,0.00016292193327564574,116.46732784510759,1.060672542729422,0.9612074130989071,0.8842518992853603
40.10859668257401,63.52626914835572,42.082664131764304,0.0551621629348558,0.9890183053432421,384.0781813148333,443.9546670861895,0.0004979775583986464,87.45429283050808,0.4397,0.959348870457993,77.25379560818793,0.18118220308842076,18662.94133093342,0.8497338879246505,42.415648198185536,0.0582751762755043,62.01908078622375,22.600875289970674,4686.457727073437,0.1717251650459703,1.9442857705622694,0.013986971203388075,104.04122213941442,0.00016931736687179192,77.25379560818793,1.0822714105488709,0.9566171659571638,0.9443660765000842
41.033158340287976,60.727519788716364,43.48976548731176,0.057867581602566776,0.9967102607486199,268.5309415152281,328.82407389475446,0.00040668049261267486,89.66432102663333,0.4397,0.9780016546461762,82.3776329923999,0.24964349905642236,23600.767299464664,0.8604337063283789,40.054330889966835,0.056070735444349824,47.07279597179964,33.18266969350081,6268.250814765754,0.14628415003710388,1.9575294928769378,0.023550861971194367,72.38669559081546,0.00012607402287413518,82.3776329923999,1.0390970090689173,0.9883527294850872,0.9469702913838205
52.11850355295455,64.69790883200989,44.739283937964316,0.057942272403725056,0.9933688714141155,377.6621449054844,475.7135163874193,0.0005148742340862888,109.21352281213811,0.4397,0.9405608611062263,93.36717784146464,0.17145722952179573,20641.978121110504,0.8693353989491311,41.17898204012328,0.05791220080436537,55.09976281664905,24.601184456800013,3736.7646392795127,0.19228580043773308,2.228154064443927,0.026950063716190763,39.418720084542564,0.00012011932448700868,93.36717784146464,1.0850064185232773,0.9827097705671844,0.9248772686475109
56.029636217188305,79.3835956445426,44.364431845010806,0.05721722388704924,0.9912130568145834,313.7797851758819,408.0080216881458,0.0005116657773671417,83.86580434486731,0.4397,0.9530883272174986,78.21131795337135,0.1629207464633585,27980.17097264414,0.8380725454193471,40.14560478479918,0.05677313220344221,46.66661727462058,30.308939662595517,5575.732240709903,0.0753549844270362,1.9720696055032985,0.02860498763625078,74.96821221167443,0.00012303397446936925,78.21131795337135,1.0719970155553389,0.9531350588569684,0.8929461575979223
44.77105641254777,61.82039551685787,46.8618153316408,0.05639563741469072,0.9977032575326769,256.0238653009369,319.7873438141738,0.0004029951211873188,146.33888250257368,0.4397,0.9674022932982936,138.9823870235953,0.24256914374814104,28812.03445893369,0.8325532400622411,43.25279282859619,0.05818515152901439,53.473320879862804,31.964210564297915,5220.683967874538,0.11522267962833883,2.041610127277788,0.02179854281050444,78.80039331549484,0.0001624075955489287,138.9823870235953,1.083949290307628,0.9705384011697102,0.9057660345216766
56.98817685846146,74.12955320864137,44.267025865156945,0.055659980317981785,0.9934487914443358,241.4314213606246,291.8763238415109,0.0005722484088803662,143.13270673565523,0.4397,0.9340395165639088,132.7565842500083,0.16619306938203526,25527.761677801904,0.878707202425352,44.446437893464164,0.05773917290133959,62.84117527916451,16.965552233555087,5849.489558673561,0.07493987015257718,2.1274008524635066,0.013518224703210333,60.28527722340598,0.0001760697924149828,132.7565842500083,1.0884577756039568,0.9606754531830292,0.9013826939564913
41.144638803065206,65.17776796070504,45.182647077618476,0.0574375490207439,0.9928545946158219,271.0581809381864,340.3556251149708,0.0005239941361232849,83.42535868680902,0.4397,0.97784539847958,77.43271904938946,0.23792799196294054,27223.946028055398,0.8392088526788498,44.98894329915966,0.055898399668562464,62.900879277922456,23.816926155124897,6231.958824565485,0.07520501921964083,2.364456047368015,0.02116464168168891,87.96166245275973,0.00013986632292098202,77.43271904938946,1.0693877954419027,0.9512847190602883,0.9349609424575006
56.019277072833525,66.91157745558363,45.561093554653155,0.05720906229144107,0.9837953627442153,208.94963240389552,282.5388578220996,0.0005489382338752292,138.6818205324595,0.4397,0.9555438603495089,123.29248849387818,0.215045662764669,23668.416640406896,0.8602640859508526,42.242784458910485,0.05867366958769518,63.89321606854927,32.87434862024624,4769.958187962977,0.05426950897544017,2.2766085359321573,0.02331638023316701,63.33328946883943,0.00016687164998366663,123.29248849387818,1.0229388086406777,0.9628920508355667,0.9175962779588035
58.55590860344561,71.78358272287639,42.13098834987487,0.055665862118682845,0.9821277736602482,292.4380886108805,422.46293297176726,0.0004987842212315029,115.62119218630178,0.4397,0.9204738537991792,99.04020431721324,0.20768614980705188,30207.74507450332,0.8606704624406682,41.30070555147076,0.05728506723739745,47.59674579705882,23.48910596639383,5891.101869683673,0.2011786830283101,1.9111689985344105,0.015449781230401348,107.7405087654474,0.00016375107065212018,99.04020431721324,1.0438198128105334,0.9551034117525596,0.9345759584030288
55.44216798208761,74.22873785940845,45.090800261077135,0.0563536458824718,0.999302842341148,470.58640705453826,612.1302421072597,0.0005236804875816526,129.1374021861485,0.4397,0.9215091965376808,120.00309318368554,0.2251338711546577,15841.969956925395,0.8508417667359724,44.26551798365346,0.05775720776143069,61.07229493110093,26.30308553934771,5487.5833306595805,0.09546172492503585,2.3298505395206615,0.02946002964251379,99.16254675121819,0.0001786836947571552,120.00309318368554,1.090241579596927,0.9589092808391986,0.9052357427150499
53.96241567957274,66.89471332330281,44.068987556393026,0.056388396813450356,0.991977167402007,449.40863776490846,540.0030775137054,0.00045149397864570486,142.0851818508731,0.4397,0.9729329609840957,129.25713611040095,0.22259989571480499,21257.826733117618,0.8337068467290734,40.56579258770236,0.05836321432462406,40.742023415118716,32.462078945976955,4082.284117404996,0.21640154381393745,2.306860459911122,0.014586525026161479,100.477186584915,0.00014824758488938213,129.25713611040095,1.0701565208768558,0.9630616184771408,0.9408658024433694
56.75960437310766,76.95250951124203,44.52768076609953,0.05747923164991813,0.9883136681829285,311.60112701589765,402.10379966599544,0.0005947515535537294,120.38821409543891,0.4397,0.9587168916656647,113.2773480602526,0.16105261894183137,28688.60082789788,0.8284874452572505,44.8711949052807,0.05826435886958568,51.48427891889395,19.651871733795854,6774.214348834778,0.23088690283274643,2.2471347117329215,0.028227050434620767,72.60767052732854,0.00012996437803721364,113.2773480602526,1.0912045090096463,0.9663556180059134,0.9100413662310634
40.80302599094133,54.014410330992135,42.601724390971505,0.05705153405300223,0.9917804164182044,372.7500855745411,493.99821395052777,0.000480144001509533,88.14289701992406,0.4397,0.9657843511438318,75.94359306368914,0.2499466110406689,21592.902157507648,0.8492209686948659,43.57418727359101,0.05874464410045022,56.23981125614745,32.89163325646927,6316.524604191078,0.08371321193037853,2.1101435848631667,0.018503615150492852,39.63478205906706,0.00016591388403526454,75.94359306368914,1.0507622801639431,0.9687376981277325,0.9092161847866871
44.035642214381106,55.52299677336332,46.69692339389187,0.05692950263062017,0.9812362392214343,370.20816770421754,482.90036927468645,0.00043246532426752585,80.18050273406104,0.4397,0.9670409600574145,70.59991938341611,0.24418897264487285,16570.70560885899,0.8506557722026826,42.51967332683707,0.05603375864321559,60.891698427241145,22.940568423792307,6917.954883224504,0.1917728084671882,1.8418889731543868,0.010011083296658079,92.44218191083316,0.00016912913184128638,70.59991938341611,1.060378196464586,0.9708078908546556,0.9142368906615741
42.49847358611286,55.603250980725456,47.65442550485113,0.05694948226768984,0.9964425454780821,448.6212617581137,517.0352804274546,0.00041118308367492546,114.78450725760126,0.4397,0.9452275865750466,101.70660505841714,0.23965919628619162,21900.268569335505,0.8664020054064878,40.483252686621164,0.055551956168686786,71.03981962894127,26.8606665731813,6193.456529270398,0.1420611456980122,2.2269031448334995,0.02086578146699957,26.89213515794316,0.00016243800454229492,101.70660505841714,1.0890073953736732,0.9648000305777324,0.9214264027593089
50.09061980385973,66.43163031794066,42.1336129237776,0.05581141023814744,0.9843329107112867,270.8870304550897,331.65594268467584,0.0005272343866170742,146.44624924870521,0.4397,0.9679166747685382,134.48568691181129,0.2122289133942407,29229.895435773265,0.8625900066371316,40.090979678548855,0.05834589787337172,43.71458864429059,21.560789641317065,4481.303617695875,0.2337922314812102,2.111005302253696,0.02256571731834693,71.75749361529873,0.00017179090039678676,134.48568691181129,1.0809625086206691,0.969933983638369,0.9425878297210689
54.90376256657689,67.54583705417309,45.60823657686809,0.0561151337794886,0.9960909201263589,288.9162466379037,382.67743570340883,0.000596675970235291,120.08353101292371,0.4397,0.9762519466887523,111.53052343336299,0.20227913313323143,17439.697305066355,0.874722476730152,42.7226609874097,0.05617992473332841,68.03786615902318,25.5423810751918,5149.894410489562,0.1468834387603305,1.9858649554907735,0.02738726706416595,25.29790814815174,0.00014227095499919429,111.53052343336299,1.0502000905029816,0.9667143383767448,0.9120428881358171
52.60023689152797,64.62061726537817,46.58306440373015,0.05513698685631012,0.9906875688652722,290.53563012368346,397.01846643995975,0.0005791588993692563,106.10573966617605,0.4397,0.9303302664661773,100.3868568449637,0.20362785838816683,29492.62728423309,0.8782516337132579,42.06925253720011,0.05557302434274913,44.00059134041988,15.98571606045005,4992.726331601529,0.1257747772885554,1.8059628000109644,0.020811264769405268,72.84186873570117,0.00016141890019341295,100.3868568449637,1.0218104228833165,0.9885775591038781,0.9451095366049787
57.0226219952387,79.92685028852281,43.708845531899335,0.057360823407436375,0.985531440273138,212.2609969315023,276.13175724738323,0.0005404209134972827,82.16454119566393,0.4397,0.9658481839725213,72.26705937927623,0.15149369442282323,30509.11432715151,0.8636710795719724,44.21332247181019,0.05565618746404704,54.835923856589716,16.305199504775267,3728.958957475762,0.10891302380603202,1.9386293884658092,0.011882587643054632,88.59221691289052,0.00013583091834978373,72.26705937927623,1.0904271650526165,0.9527056348238214,0.9075567834756816
43.10425984882182,57.91021790278144,46.7253335091793,0.05629899464550944,0.9806041989648414,294.40635898675765,373.73370832760213,0.0005981195857985721,144.04855920947404,0.4397,0.9384675204569339,129.55203667075483,0.19994695019454428,27706.014888453978,0.8245906749298152,43.21152739846718,0.05656400061949757,67.26449313411597,23.29445523875171,5077.973350723993,0.2307242880456315,2.163414106547635,0.028536271186125554,61.91982464192985,0.00014678640875639027,129.55203667075483,1.0829085477186255,0.973438053617942,0.9027200886179201
54.69242183870323,70.10380213647704,45.79413030459781,0.05631471507126272,0.9963166671065321,463.3741329764021,543.9684326194596,0.0005445656524084212,102.90096626006294,0.4397,0.9392895801832313,87.76383208996907,0.212376956765992,19884.680971162885,0.8443070985530261,42.159481732478476,0.059958935240246224,62.54173223713607,21.69903846867157,4844.050034392019,0.09523586068170564,1.8673839517991737,0.021307095818509463,61.690316655432056,0.0001345495301493371,87.76383208996907,1.055932866457317,0.9577458868552231,0.9006531925123151
43.86082981737808,54.6898859598965,47.57497579362642,0.05573606879480088,0.9835292028293862,473.5962942714443,549.7261143738607,0.00046785022468027917,129.33441809205672,0.4397,0.9447652910621832,113.20625937820392,0.21587062087749484,31105.907143901226,0.8565281421904409,41.130035300505966,0.055786301633435426,68.82913509947983,27.315836205502166,3614.1256303231676,0.21554295832189735,2.193251223967027,0.01543062383944358,32.27938502741603,0.00012927202035888872,113.20625937820392,1.063699238971215,0.9650175141301844,0.8814806403289905
45.415175026356,60.77571937888682,47.88602886812264,0.055628281844378284,0.9810361023127975,232.89060373056512,328.96673035974425,0.0005202436266120346,128.59660414780254,0.4397,0.9718231711944851,114.11667163398724,0.1832139465051313,19288.850035569307,0.8554117042869974,42.40211104406003,0.05649268281149234,66.6696536632368,15.758203340876126,6649.643732728651,0.08883748951558752,2.291803253293207,0.027977172329769873,50.18496052983596,0.00012215719488011933,114.11667163398724,1.0363449613707245,0.9718586323954765,0.93944007584297
54.19809394562608,68.17020160544978,42.25407668399223,0.05676346578870709,0.9951175546165176,337.4175624855294,452.7239209175033,0.0004159533284971123,97.77182129581234,0.4397,0.921323364038603,88.91179953231553,0.19712823502935495,33116.41904342701,0.8308866271498359,40.81497139393078,0.05960367075941071,42.43562678705417,18.353373394737826,4117.947930028271,0.1786793708506983,1.990907004441751,0.012418269447340686,64.42737205850065,0.00016028545549154005,88.91179953231553,1.0529680871868696,0.9803923778969075,0.8855463616433844
59.604095697973634,78.76137170810046,44.66962656616204,0.055697659045611025,0.9870008644474596,314.40467047629176,415.343658837891,0.0004443364980445082,84.46442545225078,0.4397,0.9460355724086158,75.77173104377673,0.21363106066625742,29132.91398284164,0.8549766837670523,43.335063312365925,0.05981654031570401,74.6821502270315,19.19183788251584,5403.427802586951,0.14021312794483926,1.8491913236729787,0.011949656780267232,106.35621386302259,0.000172516385296645,75.77173104377673,1.0330556341609163,0.989109244471547,0.9034031946811089
52.23087211954139,65.3117265846275,45.28192672546931,0.055192626554696395,0.987786680111833,346.80775898701637,416.9534152117508,0.00048350804718569844,106.95002650702905,0.4397,0.9608028589741562,94.80558426140477,0.19283055102751817,16094.398532941193,0.8409808304728866,43.0286453623288,0.05614421680575759,72.16492944931827,23.80983537059601,6424.840163282563,0.07092173500333587,1.8838192742557311,0.020700181876011633,109.79799023390764,0.00013886516605867612,94.80558426140477,1.0368455658872668,0.9697448665261614,0.8975319750471061
41.09000629982591,64.41548809576852,42.880459399245915,0.057302522247942696,0.9849413517456144,366.41585721760316,426.70976192234315,0.0004403636987126091,102.199170968604,0.4397,0.9266249274969514,93.24732040322048,0.24621351989835252,30985.74237323326,0.8403356106906229,44.05035684063101,0.059402263485253286,49.357857955723034,19.936695247579053,5776.132928759313,0.07518660086341047,2.014745359520943,0.02249768455612419,115.35801020075854,0.00014575412300686365,93.24732040322048,1.0877095594658743,0.9602791646388411,0.9321105713935255
52.32617939855066,76.27117871234398,44.01771498256417,0.0561294083032191,0.997183569573938,206.07762800532382,338.26467429519386,0.0005907002029656341,129.0179479210628,0.4397,0.967535215821045,120.35588516058912,0.22054421098520002,25128.67080719815,0.8700404203180742,42.24764636121138,0.05569458972261507,32.12442640599943,17.753253716154614,4209.664411377544,0.10630182998313394,2.2880605516550565,0.02021918334782946,30.026369712668036,0.00012021281689815442,120.35588516058912,1.0489977902222536,0.9816630087253471,0.9452811022969628
40.847011031603344,52.3444768892552,47.92588468653877,0.05614070675169792,0.9859465905221306,452.67267437634825,550.6031426481268,0.0005991195053489299,137.38477469618874,0.4397,0.9765141558738412,120.09738929210391,0.15012737462508904,24052.97792626103,0.8453159895200931,41.39324266513764,0.05880768205650257,43.65735029351085,26.951473475648758,5825.560052394401,0.20333033699081404,2.180567231827653,0.028579840942248642,49.62108112688876,0.00014477128635188695,120.09738929210391,1.085177865834109,0.9588628979938949,0.9371696848750191
57.68291422733634,69.293958571665,42.097382738054826,0.05629395484454738,0.9842038513950204,492.0992219520015,548.3131403653892,0.0004741871840243331,95.57117921741722,0.4397,0.9254560892646188,84.51240754541728,0.15232794814822528,23410.223853969736,0.8516437572438671,44.18197679617878,0.055065040803236855,67.62686387683921,29.877439556064438,6327.34882001545,0.19578800045313038,2.320732588857711,0.015256416694521949,66.29129187533479,0.00013687932690492507,84.51240754541728,1.0579119891238222,0.9703136268887107,0.9023998830830077
54.19156570201241,65.92146227367724,44.7150475891463,0.057445134470224285,0.9861849945267231,396.0214436010927,471.83359356604853,0.0005418457972154397,116.97617488435097,0.4397,0.9291768882698527,107.6756758642887,0.21903002034683744,27132.60132881834,0.8537723716620687,43.454985407299425,0.0570330981462048,72.78916887744751,28.705361335944435,6677.1522581190475,0.09102405028147348,2.396656267578675,0.02980470151752123,84.17438243900523,0.0001544520018074761,107.6756758642887,1.0256622220724618,0.9838684519059825,0.911903014047165
43.46255692845006,62.75609577310475,47.05592773030918,0.055962510687819454,0.984062991503348,398.13567154801075,528.5390493864262,0.0004815541461326481,82.84258431717132,0.4397,0.9784458334967722,76.86085763423604,0.19126450975455028,29491.570015659225,0.853779806791097,43.53354582029675,0.05623667603358694,67.42523794169472,20.523601904550425,4747.153535055112,0.14524043891337995,1.9215397217394956,0.010386986688919748,90.27984895994935,0.00017451103097106374,76.86085763423604,1.048922175088496,0.9661519403584308,0.8972925827504226
41.83442011648396,53.6639545796283,43.94340757631573,0.05727410863377351,0.9863531044161041,358.39395734921254,483.56658982656757,0.00042790184087724127,94.99790760534233,0.4397,0.9318713384471445,88.58931904041964,0.23394709492122662,32919.53231449121,0.8327872908270023,42.64042285703173,0.058520040070795615,47.853445647206826,32.088896727339275,3722.1170419296695,0.06939739253539906,2.216892861742076,0.012370679893203054,98.60162886189165,0.00015036915414729077,88.58931904041964,1.0326618763688813,0.972279110665339,0.9446786133924958
43.67066457760638,66.45639934656037,44.87879101653092,0.05781863452233863,0.9816587244573635,300.2820235143145,437.8636868040523,0.0004673853695404217,133.32331237254581,0.4397,0.9247363805421923,116.11568866529737,0.1673015409486262,20458.896258944507,0.8559672017889404,44.379893074434364,0.05508028065677592,32.544142485884905,27.236443588548045,5788.613543194466,0.19318925723664054,2.079910020037762,0.01371352612054824,69.58738100601539,0.0001605319595941717,116.11568866529737,1.0754861131701074,0.9547820007629497,0.8883121202212916
59.60054359108385,80.91461631515224,47.86827447472788,0.0569826045877744,0.9831706005823891,244.69334725385633,354.90212985402553,0.00044667433974313265,135.5378824342351,0.4397,0.977131552183754,122.5163102684811,0.15138269140522917,27615.525458208474,0.8400774165366471,41.13891753735768,0.05732450853025767,53.291227980429326,27.293334020148478,4412.766636518064,0.20866040700348015,2.0960868365680922,0.011591514541090532,75.6584266626895,0.0001623289703883372,122.5163102684811,1.0929115237453977,0.9522387109389171,0.9466368118951294
49.1712128491698,71.46834572274017,44.84926101885422,0.05629504324353107,0.9883410576679229,375.21900280881516,467.50959624462064,0.00046561564408148395,134.34831244162623,0.4397,0.9735573625885681,126.28756280194291,0.18880823501137123,28726.852229362597,0.8593012176757702,42.008460126764604,0.05848364512372468,46.937212898842084,19.256969034329146,6411.22226620053,0.22870240000740544,1.9953488421364827,0.01876435732858029,116.05706890515448,0.0001291459147304848,126.28756280194291,1.0810460451290675,0.9894512988293288,0.9369559779191203
55.68161896682816,73.57252687011848,42.785527872878994,0.05724336916944,0.9975893371117975,213.4824210527621,306.14592080820717,0.0004430043376795433,89.96715474917892,0.4397,0.9593435283639878,79.99834826152481,0.2236064104307449,28495.94279573785,0.8287418559379436,43.98116285832412,0.05523352436625092,35.53375742301382,19.84425774672307,6047.5741537180475,0.2271491932780348,2.0055073289996463,0.027307443514242392,44.00282797896959,0.00014079423646870957,79.99834826152481,1.0822750086916837,0.9571558276843177,0.9298104398768416
52.72816684215554,77.67832501494284,42.31032894999834,0.05637369210925416,0.9811458149344457,447.3507703075622,516.7507747568566,0.0004224690238116493,118.57243092278921,0.4397,0.9530858556372532,105.88379458638788,0.24717277333775686,24860.012955659397,0.8796469356780202,40.66480450984341,0.05948700091064986,34.76340058750975,24.495004348762095,6383.47267683334,0.1175784614292012,2.2057691690386605,0.02641518653760261,100.37597428841747,0.00012678873307589975,105.88379458638788,1.0889493237355015,0.9634219614782099,0.9341795559655024
51.44826299917275,62.11088954333517,47.67249943463969,0.05624328181332442,0.9842534941352006,326.27350984118465,441.35340599297285,0.0004434856858724826,109.58958901103681,0.4397,0.9751539617781662,103.94378482645284,0.23836538793510553,22820.45096407402,0.8663225974872037,44.040547465081076,0.056805987036982246,36.88665976452431,19.75642062081169,7083.112321157046,0.10090676668800456,2.17248175031761,0.02489513712095234,91.18180343574544,0.00014644479622731544,103.94378482645284,1.0821331720625533,0.9701873954869673,0.9037542764831433
42.90260509330099,58.921579556092695,43.594856479650396,0.056575849490718054,0.998166913510832,324.42626724859247,432.9331428578779,0.0005811514063659685,149.4040407756563,0.4397,0.9593312045066854,128.6824868730715,0.19840746119371389,30247.57634134183,0.8450350860090584,41.7629761036542,0.05582632916121121,39.262065302308784,28.76155472970753,5704.370622534749,0.22931787494927375,1.9911021423764597,0.010148188038709155,34.008983672810615,0.00017323714089658462,128.6824868730715,1.0654858601925354,0.9649788643278963,0.9007120555184979
58.9204890711619,73.77953910522645,45.02438343938731,0.05595316700442788,0.9978002934831984,298.15125754277176,363.6376986856553,0.00041704433515530573,125.78489083408353,0.4397,0.9595037995589042,115.7925641306454,0.23128172831963667,21000.19608081603,0.8380811110518569,40.62751849515183,0.05612732248015231,63.92038842144623,21.171090245115167,6855.528781476396,0.07920139496390198,1.8711485512914514,0.02731412053512456,112.64916927181045,0.00014885606104424483,115.7925641306454,1.0771421031568003,0.9538935624009667,0.9066994605897356
46.02685265029436,70.25653513098398,42.54421059653981,0.05531275064884,0.9935890166659188,490.80616660957594,629.3724586141134,0.0004649513287510469,145.46414639770103,0.4397,0.9706211338521171,136.01165527013367,0.1570330457867614,19161.063247964863,0.8432681220890708,40.39574742767614,0.056694529643902314,47.17665617253185,18.038323079226984,5910.816176906559,0.06186881433852534,2.1469447723849213,0.017929981839104298,105.53561561264485,0.00014736917899313559,136.01165527013367,1.0532763803116794,0.9578765649559321,0.8927129273894528
51.56034431615085,70.21325869361473,44.54193072330363,0.0562445560165785,0.9848094710819048,252.47508583121567,339.32190616227535,0.0005056899789005271,90.17452135059064,0.4397,0.9591947406375453,78.00811646652652,0.20722723475848834,25916.58387520248,0.8632724963664324,44.21514359376867,0.05599187550911146,49.66221585878304,18.032277075469448,4254.279646315263,0.11284859560495492,2.2436378069789313,0.024632755090477576,97.95046528967262,0.0001325594127477151,78.00811646652652,1.0256630380719034,0.9697379067161324,0.9322452059637272
53.99551889178132,76.0883833734522,47.580633115500746,0.05537157064338791,0.9883962112211157,245.39234644256334,300.3662229946702,0.0004709025312356714,111.56112911701604,0.4397,0.9502206132222607,102.79748072049097,0.242429841301447,20352.21715324354,0.8593244679750739,43.893077728128176,0.057552893769576015,56.927160074240305,17.544555574223214,6477.509446232252,0.20206000878293257,2.135173074128706,0.02453837368927457,32.67735837535593,0.00013861303680522336,102.79748072049097,1.076446383627583,0.9675520630324835,0.9132530685904213
52.984663104906176,65.53978100978395,45.01447796178563,0.05623132442066634,0.9842244198887593,249.65945046350905,332.44754254148745,0.0005035214190037775,134.0125320074108,0.4397,0.9433832898739068,120.20573305752704,0.189638514749074,15664.663255290781,0.8621255507200353,41.44020672694758,0.058164658682496775,73.20600648444073,23.79500157932749,6097.315047169375,0.1888399584310927,1.802190404073985,0.013550420544370723,33.96705310928505,0.0001761959743520945,120.20573305752704,1.0777328771272114,0.9819277537510231,0.9420066970823802
58.81188819391037,83.49140035241695,47.82681091081397,0.05667080116364035,0.9825717701825041,397.5582448552292,534.5439163263868,0.0004086840120468708,105.75004096212818,0.4397,0.9501880335674745,98.90685941686587,0.24601006296631156,16031.514867646109,0.8733399517270923,40.58181094618739,0.05716715054441662,64.04110720051523,15.06080072695245,7120.583199629698,0.24741105580537132,1.9693893074842816,0.02030789695168652,88.31984581985743,0.0001381797194557225,98.90685941686587,1.0378978072343206,0.9624715182901318,0.9414867056493796
42.96877979840116,60.44837300154589,43.5530138234244,0.057792133543616946,0.9875999678902778,497.5685956188795,639.264254205058,0.0005297139266728755,124.27559473075527,0.4397,0.9513487189452317,116.91167315760038,0.17206850967291054,28900.210527737494,0.8473777135786246,41.23617213018859,0.05713516074947561,59.057067624654046,25.847445766050615,4476.355160186678,0.12190671422158712,2.267147603781007,0.028523619178921482,30.727001517909873,0.000163883195133001,116.91167315760038,1.0963153251060245,0.9876126048090721,0.8909097715007781
50.16705476893884,67.57213591299853,45.02727143822362,0.055108666993135914,0.9915164321014069,270.6425511205264,369.68239284648973,0.0005126957603112121,115.81915206615625,0.4397,0.9416499128670951,108.55132542362132,0.16056338095333936,34462.91691984146,0.8601712689068599,41.06493817846838,0.05890849759684351,63.47244601235181,20.966058458391007,4799.251858622157,0.10516946297137589,2.245528923166043,0.015260972601637599,31.33156059028291,0.00012252849989486856,108.55132542362132,1.0242009146111595,0.9613124142860069,0.895317278807165
48.08068781481532,72.64395874300139,47.157184750855954,0.05686437521950583,0.9871986535092961,471.68521912024636,617.3192131275882,0.0005361932531709383,149.43505864525946,0.4397,0.9468871045388207,127.98193952947082,0.2024762336081701,24093.7676725215,0.8464904772975921,43.665278258460994,0.05650508356478943,62.36816345033644,26.049576619204295,6557.367695768538,0.1256415218489853,1.8062461515248958,0.024300556960030695,60.02794669541091,0.0001276988376056699,127.98193952947082,1.0788767238622308,0.9632519463108522,0.9087448157962789
49.483374589652364,65.19436000790954,44.68951412732246,0.056373205559950235,0.9922164910093194,283.5849677624517,421.1091486836493,0.0005134515631654474,92.1710778045844,0.4397,0.9681123159718112,85.32143279450906,0.24072468719812243,17941.222511694683,0.8582858846871926,41.077815421784585,0.05811384416953621,61.06121674474245,33.708508268831665,3826.4025529208893,0.20645125228609085,2.082177739656107,0.029161020785877415,20.537788877562186,0.0001386886749782939,85.32143279450906,1.097478271090186,0.9879725331699867,0.8883170121732343
42.38435052395489,58.34722589227979,43.67692424142114,0.05506078338461242,0.985925094707586,394.36997603759005,526.8930477475126,0.0004875807164851326,145.47440867310894,0.4397,0.9449908021205533,137.05911527684535,0.1811279218744744,31361.664210587063,0.8484894182177768,41.08049260883813,0.059464607925217364,52.33832037749355,32.38095220366967,5879.519152613787,0.09285999022422763,2.062390903590204,0.017212623512587847,92.14834028159947,0.00017408525168161352,137.05911527684535,1.0447319822159984,0.9836193351064587,0.9282603719332267
42.681892197455305,61.45318273952935,47.13285218050729,0.05574864452781616,0.9869170105552157,212.14968558001033,348.1206920482309,0.0004700283084588165,108.10996676623077,0.4397,0.9215335859981258,98.61086767841452,0.23001603193989523,20228.717939474394,0.8665998176402736,40.161340662494275,0.05610757182548006,55.508118606299035,26.52859679876911,5527.713789838351,0.23954959684929056,2.191368825774565,0.017752673453833044,74.02069931748267,0.00013315749929274315,98.61086767841452,1.0929972334486706,0.962678718635332,0.9316316958735553
45.56151091562515,57.482300073841955,44.339336813235654,0.0553554557570644,0.9958134718328921,348.6961923728567,436.883733589739,0.00044528703801995523,112.75950764641061,0.4397,0.936981159306431,102.62103037305596,0.1669197265880281,34912.529232077606,0.8203156073970239,42.984298441547594,0.058099503650122286,50.767115990202605,23.3614062527745,4207.7587401632045,0.152509866505939,1.8749880240389987,0.01905125018417147,27.817414921465083,0.00016360467660510048,102.62103037305596,1.0861149002584376,0.9658113876440467,0.9304945251157152
46.09409207521662,60.91037647139444,45.1843397463614,0.055650382437194335,0.9975662946178772,396.3709898836945,522.0178839592488,0.0005000135453613225,117.00213185829853,0.4397,0.9339045118455019,99.97838470662249,0.22455703960009393,26265.2833165412,0.8329426573473868,43.444897741280535,0.05973985890027392,47.77313236711491,28.967253421650128,4194.438153336875,0.20662899915489397,2.172849139729362,0.02618078483338887,74.35827484623425,0.00013005146801398142,99.97838470662249,1.0795287572216987,0.9836904110127627,0.9129147219812648
48.558064273627,61.45618911030395,47.859162398490874,0.05582371073038275,0.986440681630621,360.8959331667886,468.62983347440354,0.0004052104904755014,98.57565846035058,0.4397,0.9676149207099181,92.22771157407342,0.2057026941387431,19652.650971202012,0.8377862575097946,43.26745234474042,0.05764897627477727,42.18456322903138,33.46278665249042,6516.711436514326,0.21545236489678332,2.3681508120966304,0.018785694434723218,25.408787287692796,0.0001567705227670885,92.22771157407342,1.096303325424629,0.9534435773685537,0.9390251355307134
52.21975094073257,63.76900312733831,43.11889976853519,0.05620391900614659,0.9914303160269056,271.3506154645373,393.319015638568,0.00046564816561986514,147.4560209827555,0.4397,0.9469575835083085,126.0218662792721,0.16750169753943722,24920.09539048688,0.8767236703750669,42.84299578078039,0.05988448861848565,45.98459405680756,24.790941358790995,3655.602559575629,0.14576302346755002,2.02304972076915,0.019724919120147504,27.06961059982324,0.0001552096938450769,126.0218662792721,1.0723245659846723,0.961787052442284,0.922409202271702
52.692582348365264,75.68475144333057,43.80840382032111,0.056587118180466675,0.9855632456778454,448.54908448037463,516.3276952384521,0.0005355744587129058,143.80410436643527,0.4397,0.936818632582108,126.74188552711215,0.22180872494376086,21707.62543659297,0.850422772778015,44.83037474420418,0.05655023022092398,49.283832778934446,16.98615448170637,6288.629185115791,0.1982742760805174,2.002413850595855,0.014446349795405544,68.5466190151454,0.00015731687406838035,126.74188552711215,1.0595904521892587,0.9712622439145016,0.9495528243330627
48.23621793171141,67.07618542362354,42.18641760041904,0.05500296998177916,0.9810666928341485,491.0409533714721,614.1803445489663,0.0004217434079372719,148.1033570147954,0.4397,0.9686422930304974,139.60019627308063,0.2213756113456427,30589.439692538956,0.8418611127998884,42.36369256088544,0.05782146946333099,56.07207322430187,30.321764008479803,6237.602017216153,0.12293886478709218,1.8169641086231267,0.029766901307043812,69.98232505156452,0.00013717659129975184,139.60019627308063,1.0740544817441653,0.983156167075692,0.9370806752676425
48.17566218857394,63.55575406149261,44.35102625946032,0.055485608081886226,0.9947571436272081,337.7588287076196,483.5180721270368,0.00041257824846390573,149.78437005466662,0.4397,0.9211530082733967,141.54241233808858,0.20154352291434402,17116.317716161117,0.8442587269368202,44.300682540606175,0.05655517875600476,52.494379374135626,15.209583077887682,5938.847914927156,0.2121856028546409,1.8344370353732589,0.027847083079397962,53.89947728932034,0.00012972617981715497,141.54241233808858,1.052945903406195,0.9725846669607949,0.9305581171048143
44.35257053393924,60.48261119443994,43.20110058350916,0.0552806991568264,0.983420069664723,390.7757795567761,471.04211179491904,0.0005304357210582731,126.88600666266805,0.4397,0.9304550505638731,120.43893552202103,0.17254676376426747,32140.054340650964,0.8471093370059521,43.230049551886694,0.055018597125337,34.857702942476664,30.29276959281347,5074.263587092558,0.21478060172348612,2.358943468157831,0.02200508626056915,82.17714583118317,0.0001731891449482229,120.43893552202103,1.0459909738730309,0.9695911538898953,0.8886311961762243
51.766124968180165,68.23891002349049,46.08020961244735,0.05664902019778823,0.9885142504749383,437.12398050367176,585.7401128992344,0.00047955494422847,111.61798470640213,0.4397,0.969617289163748,100.19279330340521,0.16322938922449964,30346.737885282695,0.8720698234068383,40.42080970343918,0.05998654050222829,45.29881449557672,16.6983320777314,3701.9544606871455,0.16324116388768378,2.3853011079232136,0.02921120142919837,58.735840265479105,0.00015416663625008895,100.19279330340521,1.0265796500025222,0.9884847027461265,0.9382820026342177
46.34081822634476,65.8380559585154,43.08792875259511,0.05598722461120381,0.9897409098675831,272.4467181865382,360.2843196670753,0.0005603650073098762,139.55137310474134,0.4397,0.9530391036596242,121.09472082171229,0.24572550484597894,32227.27607802975,0.8777401519408082,44.05044230488045,0.05620030034018638,46.92870608707335,17.13233148732574,6486.396005854862,0.09362956317460747,1.8033850202619521,0.023739955334947598,78.69605790129873,0.0001327225901832563,121.09472082171229,1.0502406862728317,0.954656415766037,0.9013900550960634
40.72119668554728,64.62273755788217,46.04887651443522,0.056645193208104155,0.9836894316835821,459.3351145786356,529.3074642807389,0.0005874622607942647,81.6663414485437,0.4397,0.9664189864747688,73.401254338194,0.21558125382591553,32899.874920833296,0.8706498783844139,42.921942708449095,0.059865509926183655,61.811668430089156,30.63413740023052,4052.545933703189,0.24404463503607293,2.340407811805899,0.02918211265038325,54.978493739963426,0.00014479974319172613,73.401254338194,1.084255604678855,0.9812026370272788,0.9093240006881402
48.368000883137206,72.35969517799194,43.58085256913591,0.05566546990652403,0.9818911070132679,284.06027159299924,345.2888945730231,0.0005914080907465153,138.40828312994523,0.4397,0.9702905608857246,119.0631362907282,0.2309241483573384,19595.556458861625,0.870499405805137,43.26762829662717,0.05826516413323563,44.98014379599545,28.790434097908104,4610.8349429749405,0.23939597403504959,1.9043760184084926,0.013230717334792594,91.49669646589756,0.00012402548957551242,119.0631362907282,1.095634863060524,0.955081394301013,0.9123932199234199
49.482653501803405,65.35503319476335,44.1313070047272,0.05507268806226275,0.9869602602934214,432.74924105457166,561.2454323833895,0.00048511857077883586,114.81002169477046,0.4397,0.9765178093153124,107.60610740058615,0.21969705290502417,25420.116144572414,0.8319409066573277,40.90113717811926,0.05951966804474286,30.358011701308705,26.23806258673276,7008.418536448331,0.17396410891586736,2.1368152311938577,0.014509148138061615,77.92861174595676,0.00014852256699614247,107.60610740058615,1.0980121374058436,0.9793130975881572,0.9031917370285096
44.51185736408422,59.45079425805076,44.093163912278385,0.05782410070381074,0.9990457181510064,233.6297697279266,339.1123097655834,0.00045286544485500645,127.12540189583925,0.4397,0.9238054759582003,115.18244371712198,0.2329473665192289,31998.444403327547,0.8361206843057353,42.18745047071179,0.05983601373526816,33.795148049851875,31.41170385420387,4686.699695458216,0.24677620015620422,2.2068845541172495,0.02770364927276788,36.004354684222754,0.00014543344657097813,115.18244371712198,1.0365220696768012,0.9717235847425089,0.8875907160090619
51.449158662442315,68.21485616522114,46.30051050098166,0.05532492436356698,0.9923027117997685,286.51601102425093,367.22914039045384,0.0005217227477484956,106.18322429397554,0.4397,0.9679540845979083,94.55091471182519,0.16624908197489233,22547.759442322233,0.855762950833486,44.40291237187142,0.057839146031709913,52.364928808660345,32.02737021487526,4518.500941421718,0.15055925927824634,2.0154352263363475,0.018397487832532408,88.62688551777198,0.0001279635742424036,94.55091471182519,1.0657145409580764,0.9605858484308231,0.8939554693521847
51.31543800863842,69.8344514650658,44.79905557883006,0.05538057624388515,0.987628204568058,360.0859801819603,470.93101716133606,0.0005256385851856473,105.80362077067711,0.4397,0.9625259688931901,90.77454128356601,0.19969502245470444,16208.15153591265,0.8593682448064787,41.07715596543158,0.05999845672150629,38.48229769225668,24.150245113125735,7104.133999362255,0.1250968749852065,2.1173928550624304,0.017423154082051362,98.39359225334584,0.0001466623401109526,90.77454128356601,1.066059852669401,0.9717334834896703,0.9362426518102583
54.04004362220743,70.96731229395365,44.1677933931161,0.05543964047953042,0.9807782164154842,357.47662871129455,440.686747495395,0.0005244689872151793,82.22020069676213,0.4397,0.9324215360405936,73.21906757008333,0.21671247705022934,20832.687130770333,0.8321623224067648,40.00062453268597,0.05883664954637685,52.25800850756547,34.92597374109074,3909.355927544408,0.14210060315393258,2.176525312893183,0.02508670712768021,26.587406795608263,0.00015837194037556236,73.21906757008333,1.034083803564427,0.9851766434821183,0.92565890925622
52.9589696440242,72.84027079127472,47.1157363142367,0.05794382957197982,0.9920054656278217,455.12935534590986,549.9651310787557,0.00046435572274377624,109.66526013003093,0.4397,0.9759021359804074,102.71458391618141,0.16033898998952179,19838.406229496217,0.864776912364791,41.28754356058737,0.057619072780467864,55.839241743875505,22.151598792782146,4178.48539650245,0.059181403637102004,1.9163557796308763,0.02260651320338719,80.99605953006096,0.00017570942668400548,102.71458391618141,1.0665302562215553,0.968887346882271,0.9459989043676269
53.04866113042063,71.36464648111709,45.431703753847216,0.05685298072050999,0.9818451528187074,498.83817729158216,635.1045898668913,0.00041275034728346065,108.58479367935311,0.4397,0.9442521128183835,99.93499343253725,0.16499569493284083,32401.25237378209,0.8319978131751752,42.43771224588206,0.05827471642095443,72.00470561562096,18.430155332415964,5177.943053574427,0.1598243696382724,2.396553972951409,0.01688143199534485,99.04296560130724,0.00016219111163757148,99.93499343253725,1.049021027225423,0.9502631426345115,0.9374747847556024
46.324283036480864,61.13501623689201,43.28298492766799,0.05683086985511156,0.9908508814209506,232.16325375804217,348.9799014439586,0.0004420009677651198,95.73537713076499,0.4397,0.9732566316472883,82.16446156769271,0.21339825942509466,24276.926988182968,0.8357806387953648,44.10639021650961,0.055971356786632995,59.50109659569689,31.919528862397833,6435.623260229582,0.1832464881126395,1.9223291013512915,0.01795721175105454,31.46528977786034,0.00015014611718218557,82.16446156769271,1.0953925148772925,0.95226422432265,0.908155415823368
55.74864443971908,70.93460652615857,47.400547668862096,0.05796009460455559,0.9950390101654348,281.4164398475111,407.6566238179828,0.0004308838856044468,97.31262914778372,0.4397,0.9563068222798955,84.27183377811755,0.236870580425382,28670.884748926263,0.8384077322788966,43.21645450286675,0.05505516310720175,31.39683251850447,23.311405591186606,6783.692180195795,0.07190399474612981,1.8062030788119712,0.01816767516600308,110.1652419735031,0.00016620306707166855,84.27183377811755,1.0404161760180572,0.9753054790978516,0.935034430529846
50.98288767199359,66.66177948538956,44.05590177620184,0.05526531630782396,0.9884717069658957,307.27946306692274,415.6288182138804,0.00042478006915666204,120.88977063097582,0.4397,0.9516048767924574,107.4989133821509,0.21604161789415977,34242.38299383171,0.870759484989419,44.59531734478588,0.05628394673803571,47.132873322818,32.489993024572286,6320.288601657958,0.10111951433923394,2.366570755262849,0.012526626561380885,61.4798786252756,0.00013679611688105075,107.4989133821509,1.086796895640668,0.9771172624768301,0.9203500434724182
48.6283639035978,60.04796042733863,42.23387626522392,0.05792350267762687,0.9859882298963305,343.6755223430015,492.8153272315636,0.0005852566642143146,102.24400097776521,0.4397,0.9295714360337588,87.94390023642643,0.15362048134560755,20983.757047704075,0.8639250338122529,42.277822158139465,0.05717485430859953,65.70556368516924,16.22332688980808,7114.230113770274,0.19423682197016284,2.057476620518486,0.014591078589403568,93.78398210987181,0.00016012689590669336,87.94390023642643,1.0917484502650177,0.966070995510509,0.9000410757977481
52.52024961882114,65.01118910503074,44.96760134384672,0.05561203943966212,0.980947684676352,348.1729229463197,422.313929575409,0.0004027695291947936,138.11763363121028,0.4397,0.9748596574572388,130.3007445017473,0.2470432917090323,30223.991150547918,0.8518411261434509,41.95407611478519,0.05614026293430877,41.72531051954677,17.22104223013283,3660.6461133850507,0.20871803567177305,2.039171831355887,0.02075060563205007,109.90498468292674,0.00012030373000790847,130.3007445017473,1.0788697804426293,0.9597112154855872,0.9482562519335017
47.213146689005086,68.05985372118587,42.743628326645265,0.056869214510686106,0.9804955575032319,456.858518944525,533.0876350164065,0.0005203715478472643,87.79695747999466,0.4397,0.9533997144417348,80.35433954869504,0.1639506900906245,15455.28243037443,0.8691849578880937,41.15709108297857,0.05757017948993099,71.62378821751085,15.80545322447925,5830.223597969183,0.24717340986888908,1.965402791079794,0.02563654304556999,118.96371508702832,0.00012435306782697153,80.35433954869504,1.037174182231157,0.978638663529427,0.9449943695347889
50.25478489213516,66.09123556496637,43.43079866229446,0.05626025069590838,0.9886005313929104,431.1677908355299,490.4236847093632,0.0005894947591480273,120.43514626025305,0.4397,0.9203655443298091,103.51187652430276,0.17325622335524898,17082.323506230565,0.8687756948401554,41.09031242269552,0.05828972071112333,53.8054818853637,27.0402192060482,4018.846326785762,0.10064473717815021,1.8154991560747007,0.018380965688584418,78.39250640312898,0.00015745593818770697,103.51187652430276,1.0408295254693176,0.9621664469815979,0.887853891765472
54.73411376964441,67.95219835804656,46.48266523612447,0.05615185544043154,0.9976669054140593,205.65547371138598,311.05742391845706,0.00047201062549882556,91.20313089973716,0.4397,0.921097072464217,84.70999205457656,0.24749672819047241,18237.30180006556,0.8433899857569234,43.6805494850403,0.05827896924550019,34.16014613199926,31.637283622329992,6877.305866177532,0.21828789433291623,1.9587409160280906,0.01766705599171918,90.42739285031541,0.0001315529744632776,84.70999205457656,1.0976894292375794,0.9529604634335054,0.9387595037164554
57.728057734474156,76.16814389309701,42.78451088025791,0.05779372998543839,0.9848812555758638,336.5065281749564,447.8424518157932,0.0005054196178344924,116.97684388444611,0.4397,0.9666579563010829,103.73981358104565,0.2271032996653375,21248.366737450167,0.8668862372492452,40.40179561522655,0.05946882215266564,40.87517430811262,23.053215672173437,6967.105946493813,0.0844205930228333,2.0359802055395892,0.023010323070610343,45.16996741174199,0.00016132377517588287,103.73981358104565,1.0260663252896915,0.96638442158015,0.8854380703832142
58.421143945903836,79.75423708300525,46.841665346124216,0.05544768318532077,0.9914811101156364,385.4221514732267,508.0183087631086,0.0005391567326950319,118.67821208652231,0.4397,0.9297161812027034,103.78256130234902,0.24365766803785066,23059.74430258757,0.8323745663200994,41.21356792416504,0.059831595482416046,70.78346395898981,16.813908993420476,4690.901583733672,0.0761756790797285,2.112197549320033,0.013145077277604257,49.004637218538676,0.00015820519587022924,103.78256130234902,1.02936687257633,0.971565543806342,0.9450173435640333
50.072658503661984,63.933993938842555,47.62144372878572,0.057991207033228735,0.9936861163935953,338.11867612790707,421.66326872283315,0.0004634339389316478,124.96083805680104,0.4397,0.9559243061376888,113.33929195073496,0.23066196928080296,24540.31781464509,0.8501937309973305,44.429476297700646,0.05945347506679944,74.61568880286643,22.469376548619067,6579.7507266587945,0.1958407162351241,2.0745865320731895,0.01761500648834206,105.07694269025949,0.0001238200049644755,113.33929195073496,1.098285578750242,0.9886251518933045,0.9236916229969429
50.405502294811384,72.80735052366755,45.639192602447665,0.05613737518327465,0.9812165973500272,239.1935768077107,290.4192569942134,0.0004955303975414498,109.91974630910256,0.4397,0.9608649177160388,93.57877051075933,0.21517344750032,19906.62692566795,0.8270945038233202,42.884604090498264,0.058100874796734626,68.8357151655309,21.9609226467946,5868.992071394274,0.13917447428823082,2.327421724622414,0.014162724723939877,59.82439036523395,0.0001435497999956802,93.57877051075933,1.0821515819352576,0.9736888685133469,0.8916607571113132
55.99740821527673,79.90998110965248,46.26215515213698,0.05694632471166566,0.9830620075160675,319.2422251071945,432.4651788160265,0.0005634205700665504,115.66322795904782,0.4397,0.9367619355769098,103.69668333041524,0.1784552998863006,16324.30639220272,0.8456076691354755,40.23293804534166,0.056028820772955644,44.430450809336456,27.869438495282296,3961.7596241462093,0.20878469966940022,2.3467979171580895,0.023032924686558293,102.24339544280377,0.00015678013189841735,103.69668333041524,1.079710708084817,0.958332805845196,0.9372083705065556
46.289013834884024,65.24993177099164,46.281519659444506,0.05790372019445009,0.9866255358683913,323.4967085389208,473.3662577909591,0.0005490711330560527,92.66668312569053,0.4397,0.9541588285046847,86.5859416483395,0.18268814416995255,28550.461836804865,0.8512219461860314,43.52127524164893,0.05971725579584963,64.59685556295443,28.043032575926677,5769.9653735823995,0.10651295906687917,1.990292953089429,0.012247280298321547,25.05968145384528,0.0001628088978950015,86.5859416483395,1.032816620891656,0.9832877433995755,0.9161047288534455
56.74764724690137,76.78186213177507,47.95684774362267,0.05517280315113692,0.9934018634829714,256.31477673492765,335.7697121139269,0.0005616898822985681,112.41107448154307,0.4397,0.9344155247593445,105.98180846386116,0.24472710730443697,15473.227070685289,0.8247951014749642,42.53341183876558,0.05587430197383653,40.00024396183151,17.06047434502706,7113.805341687606,0.09263877541993973,2.3757327563252755,0.018956456392048855,41.82534217929124,0.00016896504963160485,105.98180846386116,1.0591151065221136,0.9616592796722016,0.8841684912276296
49.88283293034847,60.671472785194304,44.049229573209736,0.05776859308877558,0.9887807022445619,426.892134341286,495.285579588188,0.0005974680327255311,106.11212723660034,0.4397,0.976778925642077,93.83022898916361,0.23606256161556446,31189.4126971745,0.847756765703905,44.27260863749008,0.055757136912552324,47.303502935165746,23.403535550510547,4709.138576420603,0.15975974876461002,2.3189605032722125,0.021923641141848166,37.00940889701529,0.00013982657409990156,93.83022898916361,1.087261008198765,0.988371127342991,0.9358899169354213
42.31713448670537,66.49993285203396,42.97713930745621,0.056703434156063034,0.9946839013643649,296.420204042743,374.59689982537833,0.0004740654949872358,126.62917732580868,0.4397,0.97161020938095,115.76992239127127,0.18594904484423264,33583.09650302403,0.8591002325776079,43.412169362706315,0.05658784663952717,61.372565787031384,27.850290536375308,3604.1067941256088,0.07306209493418617,2.3565808899208496,0.026673508857564802,72.70674697024573,0.00017020296253528706,115.76992239127127,1.0463096560967378,0.9630124906669759,0.935183673229243
41.44118294145888,57.328453955433034,45.11500340948593,0.05711319063693236,0.9973519573114639,376.69618717058484,469.2377346482896,0.0005494182525871546,110.43752064475402,0.4397,0.9372825674898482,96.37687436379812,0.18732674176207037,29207.378273192688,0.8568452940846842,40.022232939888944,0.05786802780669144,73.60056026330528,20.177224183800696,7116.450037931445,0.10574984279829927,2.223798529432678,0.024491025528522097,28.05305475566296,0.00014125526556033865,96.37687436379812,1.0354212105931528,0.9863807182183054,0.9137441962795103
56.839864220789266,80.69837022897072,45.199498858990246,0.05544755255165905,0.9951674455319709,354.71905428763023,429.8103471828867,0.0005205569134203965,134.55391556861542,0.4397,0.9517288694570204,121.90871445869423,0.17976943902758846,26919.21034549664,0.8232612332734633,41.0286954358746,0.05840736315992902,49.763922455163325,23.14160573056955,5090.340302821811,0.08324740229165772,1.918963105995325,0.028857262420277252,54.38704374213081,0.00012041921047200018,121.90871445869423,1.0208756254214506,0.9851581587270366,0.9311776766545984
41.111358338137556,59.79602120939119,43.067474929776864,0.0566001622924931,0.999844944146265,463.22812376491663,547.9241263016696,0.0005333209534442392,109.81944690015845,0.4397,0.9500379714292344,96.13624830347949,0.1826130142625004,28140.37058657266,0.825720381154492,41.28981850282472,0.05506646338672818,52.312638946500144,27.273898632900377,5151.357964236178,0.1140094587544883,1.9171366755946646,0.023597568145058905,118.62451098505963,0.00015660035399022083,96.13624830347949,1.0698033987888609,0.9845597099019883,0.8828103830309147
45.612228722673116,55.68151070532303,45.67865651396484,0.057020541144175735,0.995087221374633,236.60447955885144,350.4251534167877,0.0005479747809665869,96.5039821081771,0.4397,0.9776013954770044,87.54220262054795,0.23606674662887855,28044.440932351885,0.8410813747573085,43.51116144580825,0.05889011135859875,39.90758380279745,23.057414024898037,6165.403621537458,0.20309974117030966,2.345190937850366,0.016983792698003597,99.4217136700372,0.00013450011582947594,87.54220262054795,1.0435048248225436,0.9515754112143698,0.9022674617770337
46.68260081003092,57.26073079988245,42.084748400860946,0.05636874192216305,0.997043583900149,234.27890247603804,318.7817011602995,0.0005499462633892629,99.15821032710092,0.4397,0.9436417268110313,85.9872445604735,0.1510506856589847,33634.10272133001,0.8705611433749664,42.54657088835047,0.05587509774543621,48.145023423721426,15.617219431311359,5775.787393719927,0.07414846744156925,2.1042272759606657,0.01463447765028844,96.05914129199614,0.00012746287811961167,85.9872445604735,1.0890937941502834,0.9839947987379116,0.9271255667792694
43.459888903831875,63.66617098888071,47.566010414725326,0.05546495553431817,0.9966473271693,290.09590073690475,379.7017952152702,0.0005771490298589639,83.16996575641456,0.4397,0.953733653277294,78.52269884441372,0.19360526211095247,34286.11742387935,0.8721853631900417,43.737237485455815,0.056482424257565104,32.835837346304,19.452319908590116,4687.151804323161,0.17237378383427415,2.3342803842922426,0.011131648073176806,33.51146994405428,0.00013550146860028884,78.52269884441372,1.0426814469407633,0.9788520047580687,0.8961424007867292
46.27786739603978,64.71788760351878,43.58744566692757,0.05573235722525673,0.9946053152456009,329.36449043775053,383.3676167176769,0.00046986433504721107,117.7943167420637,0.4397,0.9757223956932463,110.57255304475338,0.24428396785279077,23534.232838164433,0.8385767721824755,42.56433599391731,0.05661043362897826,68.63636530320775,30.521618289310474,3959.9203631614823,0.16695321409664526,2.23232872751359,0.01555175233419933,56.45591065820133,0.00016967483988476433,110.57255304475338,1.0321260649747603,0.9633719310559806,0.9115287965769923
54.85385133450171,65.25183789259283,42.23736125034115,0.0575631783729805,0.9960360363331178,289.5626746256419,431.35692478792885,0.0005306962712223821,138.16166187302252,0.4397,0.9297686630705935,122.09233111798927,0.2042636355182809,27341.58352296836,0.8631335251144874,41.636923053483,0.05666222999449371,31.050056514639017,19.970081575000613,6578.505071809905,0.15762612583345725,1.9275073826010405,0.012736973776934016,88.05879712872539,0.00017484007849561092,122.09233111798927,1.0968358009603456,0.969603937062229,0.9452362731152306
40.293656871201414,61.445556289537194,42.649496648849144,0.05510341297849829,0.9986936645573482,428.95612471857316,519.6447207100586,0.00045605808631937116,133.8378194772299,0.4397,0.9530291361967003,124.15683330790546,0.19504457901439035,31056.141074683444,0.8546434355410986,40.51830323354345,0.05880183801104735,60.75860630670083,31.354228921292282,5340.157834847049,0.1468495206947123,2.0308558920377724,0.017384495554833637,22.16252372433963,0.00017770179743221447,124.15683330790546,1.097182160980361,0.9755966016070883,0.9378726245001128
56.54346849041373,79.32564854645145,43.44149368967785,0.05712658623532244,0.9895041475705258,273.5797529327899,356.3941045362693,0.000518913741023395,110.645262643693,0.4397,0.9263403752217099,95.10518120998118,0.1812369804699588,15020.76314344275,0.8790053355255659,41.01311049334368,0.055204721811010896,42.294976565437516,24.338156514036477,6020.907457128196,0.18277212083765326,2.380695129013505,0.024051562785052105,63.39764909761274,0.00013816982178001507,95.10518120998118,1.0748019062682193,0.9877414791302342,0.9190597583363894
57.130960471491164,74.5772227080808,43.64343701163627,0.057998170109543584,0.9927657404782508,225.43242283167342,284.0808424562119,0.0005502350280343855,93.72842486011585,0.4397,0.95704993590911,86.60844731119481,0.15739126298619038,25540.318336554315,0.8256786347373815,42.00390040172841,0.0559825890919616,51.42492444149228,24.45842274394556,6697.816920428924,0.22036213109115121,1.8117496568661027,0.023840680484262917,112.85897892227743,0.00014735572249134299,86.60844731119481,1.0942708562077017,0.9812033795094695,0.9203701431605154
47.445231463830964,64.43159306918979,42.19685999698637,0.0550224489883203,0.9902987944314554,324.13994296524424,437.55826450476263,0.0005582002172323281,140.4439110308217,0.4397,0.9419409922032203,123.34429086311545,0.1724486478027513,28057.52679635395,0.8528728445344153,42.757271540908896,0.05511159615576224,42.670129804489086,30.410324306627558,3663.8005654268004,0.08240732766976819,2.2287503178556465,0.01636332858727884,28.233980689960784,0.00016815156616849103,123.34429086311545,1.0329466864999026,0.9671400296918069,0.9420904212112067
43.072257981212694,53.15435461373211,43.67612887316238,0.05548313704845982,0.9970207397438414,432.0137864415452,568.3962814679207,0.0004840249005978245,83.97467238315478,0.4397,0.978058164390776,72.51751883428429,0.15904584099368713,29344.10899475163,0.8555522589322753,44.693187015953114,0.05889149728355883,48.0031800612107,22.665870260317902,6693.786996993689,0.21282626447431857,2.3872678182451237,0.020171047412321758,110.62593387060004,0.00013907416131042266,72.51751883428429,1.0568272687976237,0.975816828257383,0.9404141371471896
52.01680815890162,73.81655384630561,43.15765041896089,0.05702243290267941,0.9886271920574301,455.1685830760224,509.28390308126245,0.000501744044640272,107.94559076417458,0.4397,0.9449245508689116,99.07452731631645,0.16266994297154283,22375.788187925624,0.8384601142570669,41.1986008853325,0.059918611691825614,54.60500488885707,19.769611843047418,6306.462935124365,0.06229512886881039,1.862488167554177,0.014335431396035981,39.45216245210361,0.0001431085911787768,99.07452731631645,1.0363327112771423,0.9574348350177522,0.8861807714068077
42.393451117297886,57.354192118489465,44.27172556460711,0.055179972503756045,0.9963945354228947,420.0034545090052,484.5307012456088,0.00046676997023403457,139.96305996687659,0.4397,0.9281712582525025,125.54416095337535,0.16635165441262698,20912.888412231845,0.8228171948494882,43.33042469723342,0.05829773579633282,58.84020351444876,17.100647534348663,7008.55829995127,0.1464248899685412,1.9631957129681272,0.020059534370680365,38.91072233441312,0.00013423646935377853,125.54416095337535,1.0583026606556023,0.9669576958293159,0.9125904166348495
47.29838722156505,70.47984151830315,44.31100642413581,0.05676936995156758,0.9959870915011427,367.3660035499232,432.00498643854394,0.0004338072693079261,107.52236811829374,0.4397,0.9700399976557043,97.09419944168432,0.18020294320842783,18642.85133135817,0.8231262721412695,40.76272955746651,0.057950695904594056,72.31287643946024,28.43819752337536,4440.926898967621,0.1522931041781719,2.128207872408715,0.02020163752460228,39.54359587635432,0.00015434203916110355,97.09419944168432,1.0832942398997445,0.9816520533320993,0.8933597557500008
59.16858361801945,74.76449243139024,44.03404644361727,0.05705200031068317,0.9992377220273718,417.257510524753,527.4849960595323,0.0004521034810385064,88.2512829529872,0.4397,0.9692520014853748,79.60733263658041,0.15110166799955355,26156.31098105369,0.8472170832520383,43.568765609611674,0.05954033106694251,44.94904057990416,24.39885079585767,4760.720413912502,0.08951716632283252,2.3062589566480196,0.016025936778368038,113.12560823032115,0.00015955600192951863,79.60733263658041,1.0875942277600052,0.9742635885798316,0.8858253829961488
59.90928945167274,78.38545811113332,43.96754330118422,0.05676443904434221,0.9849784139851484,404.4168605911584,546.5399108629953,0.0005824274009799649,98.61646502420572,0.4397,0.961691577172567,84.41025025538664,0.24501438855932478,33386.068645042425,0.8615484273666352,40.0567043857199,0.05627476993181741,56.31858808381884,31.188137614002535,5981.323473405071,0.0679346210713075,2.103907121902637,0.015189355924811793,80.37449943936628,0.00013910636730519579,84.41025025538664,1.020333151541416,0.9813299659068476,0.9004676856074247
55.442097827091715,69.49722465008162,42.538387666447505,0.0560955541090632,0.9941923901977182,270.30998974851826,364.08682645506923,0.0004617939084818632,122.0020609220064,0.4397,0.9649287081130536,104.3286014117047,0.16238190926769744,32919.56301448096,0.8620105471481876,43.27959974964808,0.05533231152569003,70.57749662437098,24.153494171486127,6932.85475918044,0.06498219509239463,1.835757628196743,0.029591489279633634,95.0788945296873,0.00012145383099069386,104.3286014117047,1.0511602717359891,0.9703926694188889,0.9227450663741715
46.219230198415325,58.62805488718911,42.15122968275697,0.057091846887959916,0.9951383899529497,365.2276676609581,449.60831248034316,0.000594951866709122,90.64251353861997,0.4397,0.9358829130613644,82.49526986938635,0.1883148872359587,22199.318543153848,0.8308581909833094,40.81608828357262,0.05754984952486108,43.06043135776541,23.296213502296816,7173.609701217807,0.0574467970086576,1.8763105939986922,0.020742470221975073,56.64076060846715,0.00016415446880219822,82.49526986938635,1.099525494968998,0.9652057373717932,0.9356059224599571
53.75330098332185,75.37691953404178,43.2126858009388,0.05678288328404146,0.9987255698560933,431.1827997915296,557.7668683511987,0.00044829561704307633,125.8454728789649,0.4397,0.9585232100253669,114.81970604008853,0.23795275597147805,20157.102798764052,0.8714783284603472,40.90162223190411,0.05630174351586914,68.92724915064665,20.977041681494747,5100.255542108452,0.16471860482379652,2.0255660212995386,0.02124153263154632,107.32509359731118,0.00015699583736079542,114.81970604008853,1.0671451969452028,0.9797016151235178,0.9438733458668016
54.108127309680256,71.55698449237448,46.53989656449969,0.05562291151628176,0.9981380483611106,295.1361985625415,419.3931047381066,0.0005446142174962089,110.6713351839472,0.4397,0.9222811922723236,94.59272202197896,0.16065679701907623,30775.87645341554,0.8426297455581847,42.794538166572885,0.05725540807340451,73.08997933754321,18.988557458807158,5541.226832594678,0.08109492211092117,1.9935244042563294,0.010155881807361237,78.19371359149375,0.00013313992713608164,94.59272202197896,1.043695674375836,0.9537501943391984,0.9096069294351725
47.75683390327299,65.80415275955676,47.94485859330673,0.056689406630755335,0.991470517234169,396.19194401507946,470.86755794280043,0.0005147806587143671,103.40726505743653,0.4397,0.9318134086334021,91.80951292888932,0.19836042517541208,29499.600364883765,0.877862074118345,41.87705772954356,0.05728149925290905,68.13721675321112,31.608738892969292,4213.983627409433,0.21174094988598824,1.9318071787075268,0.013636815632709003,79.9834933206541,0.00013887886050994625,91.80951292888932,1.0511195408033411,0.9891442733691871,0.9095626151317766
52.81777269172319,77.29901199394922,47.57115705034397,0.057645721651416786,0.9915830637172796,344.44412825563955,410.5267644864282,0.0005393740099049597,96.86478363662147,0.4397,0.9759367668531852,88.27143675073299,0.23447835975413958,25106.796622749847,0.8270895780655382,42.35652575275418,0.05659415912034035,55.64372256037186,16.904227418935328,6098.311322058954,0.22979054420667844,2.3040772417114743,0.017132439236400454,95.23210520781373,0.00017742681535618064,88.27143675073299,1.0458050997307036,0.9879349509601614,0.8907276783494442
40.21455289951353,64.66825158284584,45.02531613322661,0.057000499857071354,0.9833458245680846,350.94765528350604,436.7286585250417,0.0005287915893218361,137.63309900996967,0.4397,0.9643541178249595,126.02623352959371,0.20569626240341402,22780.60519077715,0.8701872819181289,41.54444441278129,0.057431622907915265,62.49519929969827,33.042554467032915,6614.533522414492,0.10848163204002326,1.8161290102492413,0.029319614850375368,97.36426233391617,0.00015781221270055716,126.02623352959371,1.0558078744024348,0.9852147442481145,0.893638889867847
44.18115317204483,67.01578499758088,45.190943134667606,0.056415374522181545,0.9994992540484754,227.01651133464793,354.57685055731105,0.0005413497167195178,107.7671763224381,0.4397,0.9338403524593555,100.52819385342812,0.171034359542276,17475.9580749035,0.8745002891947269,44.767335247641626,0.05690075940274951,51.64796408479697,15.53818302474701,6475.137524799912,0.08289328599574172,2.2976065486662467,0.013504834685741152,88.186357158629,0.0001557286653834831,100.52819385342812,1.055558930687331,0.9853711239539859,0.887174642349057
50.50176605934522,63.31590545082072,43.887489414215054,0.055964752308608354,0.9851003492540685,399.86514959161394,519.3714885831117,0.0005811094096870918,131.69354859243595,0.4397,0.9266829853711573,117.48028904699778,0.2235509531412581,30702.77178184473,0.8693605315686239,41.45328050040944,0.05556529668390938,56.87651120023808,25.44504670464417,4845.034961121972,0.13192237512401656,2.3530081041874578,0.016065794226537353,31.890993359587533,0.0001583814442478126,117.48028904699778,1.060549064415797,0.970442244820057,0.9483130382425349
43.27502608516592,62.18911649968962,46.643636631825935,0.05525765862831272,0.9944947243690259,459.70611060635605,576.2914812419766,0.0005126938992124963,110.82486348461691,0.4397,0.9769351666921101,100.27719333692356,0.21813410628675078,27349.288871633948,0.868530468471981,42.7102371236775,0.0593336285370289,73.85133301402226,16.166571243021686,7067.750456570182,0.22631404025691187,2.1780666147306382,0.02980313987569958,106.67265927332248,0.00017726667208762544,100.27719333692356,1.0571604805753858,0.9699178288181548,0.8889318205490805
43.318137357530674,66.49034872736374,46.58854012759589,0.055733881398277084,0.9959159000961062,242.42938640775884,375.3722424240792,0.00041356975658079907,86.43070308207456,0.4397,0.926731259963608,78.46663562369329,0.18621859065469243,22537.633594760333,0.8416786009242967,44.27177777770422,0.05850636857215113,41.30042502699952,30.59214242619266,4033.247713336913,0.12996383666824646,2.1752102391526584,0.01962217284671792,46.08991160852637,0.0001403915444095797,78.46663562369329,1.0612890947965188,0.9828032868593302,0.9329649715408687
56.72608581100476,72.34304485773882,47.06563414549467,0.05503356025926063,0.9888243100922276,309.83169866493483,387.54472989907424,0.0004541650868893799,110.83541826170823,0.4397,0.9354242028828349,97.66867247157039,0.1546295161581375,33375.75952133599,0.8628005864032584,43.320904061304105,0.055206544324999204,65.66462051432899,19.229930481182265,5378.292054346175,0.0716672592027246,1.8894106277912892,0.016368155509404528,119.61941583429196,0.00013685495856630934,97.66867247157039,1.0222391160260147,0.9613302604880322,0.9022435003116748
59.78266005367211,71.29925254270589,47.37302746318131,0.0579598777525749,0.9842238744005811,214.6002364522505,298.5686089992015,0.0005416437960817527,115.53814458150347,0.4397,0.9309580395799675,98.8293116072236,0.15078646898960937,28193.454128237245,0.8547607939606781,41.6138847349086,0.055578932126356534,52.78049173896615,26.318451524730712,5596.549668695179,0.24693361855250118,2.140990642926499,0.0226871784097364,58.55079317685932,0.00014260454881615347,98.8293116072236,1.0243541517181796,0.9839965511762394,0.9176003459629218
51.119388560568964,73.28383209416779,44.60609548935177,0.05566744675638622,0.9837792076843938,208.88956579291732,263.12351085383494,0.0004988149255951347,112.04895354453637,0.4397,0.9204478292247061,95.28896157375976,0.23253928831271717,33584.777336874926,0.8454687478858731,42.7621834168341,0.05548257235356012,37.95929640443427,33.32892205181889,5531.449885393156,0.14993509424385432,2.0251046363628373,0.019926045690328874,31.999729759892762,0.00016805694564463365,95.28896157375976,1.0496915178566382,0.9580352084761513,0.9410897148472984
56.78139461763427,74.00784788806685,46.60125340864319,0.05744462782805612,0.9971299200180318,496.89754900152315,633.7721265818765,0.0005097103965239374,137.13691982237907,0.4397,0.9388480864458827,128.03274826419215,0.18215573615590686,24488.249206792876,0.8795867017632208,40.414955631163636,0.05530871773504414,58.95909213169998,27.985178712248526,6328.406806844198,0.11847429423818234,1.9374298569121176,0.029148981832829157,51.60865025891958,0.00012725753246339855,128.03274826419215,1.0907953251393576,0.9851642908431172,0.945531721603194
59.80643328652545,78.27232349191313,46.838392372775274,0.05550593464541494,0.9902151297349703,348.0414524919154,456.2844259841332,0.0005193160910760583,143.75959443301207,0.4397,0.9784507322959257,125.07417982790037,0.16377698986059044,24092.3564812786,0.8374272830887072,42.72843201353846,0.05529528387920274,65.65921079407845,18.56639929947831,5794.586036918106,0.228724157968841,2.149997733513319,0.011663900959840904,77.35342436006972,0.00013240948187716106,125.07417982790037,1.0832665842721267,0.9716434087914261,0.8968161223206089
42.831917771375494,67.56408221614316,43.8507577349865,0.055850803448816724,0.9818027396407654,306.6557055905739,386.46793477894323,0.00047652585459691396,135.07450726477236,0.4397,0.9405141983485614,123.32646499631849,0.2018551226162982,33744.785806281594,0.8447886413312671,42.15694544176771,0.055785561664681,55.59401186955162,30.933555375098013,3877.6659598590286,0.2354806987745386,1.8007142802374079,0.025810958410353226,59.14462382024199,0.00013369473074869193,123.32646499631849,1.0288122913529252,0.9837284411063362,0.9437888582352059
48.96491226508702,68.0730837224981,47.5754534640369,0.0562548319576851,0.9943403894552578,282.4631229875057,339.40477613244224,0.0005547791050175711,120.79473315476719,0.4397,0.9502582927680664,109.64595280159445,0.242083329572509,34195.828564870666,0.8741716622402871,43.78966853536722,0.05923934704264964,67.68447604462466,23.829592136166987,4247.465952372287,0.14936089330173122,1.965847674925295,0.015581727569259698,102.8681688969221,0.00015818264347122084,109.64595280159445,1.0595864766994678,0.9697257113427596,0.8976436704079426
47.8514543168384,64.22614510182993,42.56604901583793,0.055973216992424815,0.9850034210561006,494.00379348348775,616.3447437997337,0.0005447069767793096,117.90149723884235,0.4397,0.9647561470353069,104.92800646240323,0.15084808645223977,34215.34637757772,0.8373404967457764,44.23951421567058,0.059141166480990874,46.46408763391443,15.263534766855134,5516.0604743583735,0.11134327875868158,2.1936252145730624,0.026133386619804633,88.22062954204763,0.0001584949814777543,104.92800646240323,1.0683669816782526,0.9743372874424604,0.9363358041841074
41.6009856729237,57.15075119063167,47.965615074979695,0.05739505243827959,0.9975278950150176,275.6752356565051,400.54898761141123,0.0005428598824386227,125.12312210865613,0.4397,0.953064806124753,116.78358229648742,0.15561435406764143,31377.947878148858,0.8291608685277122,40.9980826082372,0.05891573237639192,71.11957345443491,24.7352994021567,6100.371363828308,0.14652676391243136,2.0730243663044052,0.026954406811657325,41.34505656040838,0.0001423131830034387,116.78358229648742,1.0584951394268072,0.987071445206963,0.8810675263800941
55.10660345589489,71.37089284570558,46.620544308953214,0.057873080224046275,0.9861914357205995,417.71251872132297,534.3303839328253,0.0005430620348069889,100.14812075075622,0.4397,0.9646154904447384,92.12026337194492,0.19170449325850725,24248.12289648677,0.8385999849801691,40.40767952730381,0.05807353253269286,59.17440449938472,31.249693545266805,5451.028315958081,0.09385639023403743,1.8873843243026693,0.02698445716046797,73.88533049632954,0.00013657153635307563,92.12026337194492,1.0758053309583249,0.966728490092324,0.9174662033388331
48.67558054645186,60.45156679413189,42.55962543194596,0.05762588345095255,0.9840054166018029,285.12742874178014,355.5055258364531,0.0005780716003308496,136.82927923040796,0.4397,0.959698152091431,116.61605715094944,0.21759659067550635,19205.985885381175,0.8655587006261074,41.95278490622418,0.058617467766068174,66.14216962192035,23.59915261667226,4879.828020385673,0.14564761958778627,1.8007908670499746,0.027333913977768437,98.75320001982344,0.00016527911587917092,116.61605715094944,1.0997810526471619,0.9588114555216258,0.930806888066337
49.38653868380803,71.30779706007161,45.93737788863,0.05546073360084327,0.9816971688710987,221.14685160707575,362.4684574579362,0.0005190785558886548,139.97937243225627,0.4397,0.9565137813799409,129.85458146344996,0.19761004587670503,22668.817625556567,0.871591240582136,42.670752041002736,0.05869240605420153,42.284330618623855,30.16856100959985,3784.0844222851124,0.09588622113522093,1.9622635884419795,0.024362550135661812,109.12337515525644,0.00012190359401698976,129.85458146344996,1.0277179303949737,0.9536392135385355,0.9387257278228769
43.013459476264806,65.57921234907042,42.20507646556956,0.057330066029047874,0.990230622732753,404.9829843553824,530.29878625747,0.0005934144398993917,98.70520142272814,0.4397,0.9589789344327047,88.90376325451382,0.23975484384654047,33765.94983035578,0.8268666992573416,41.88400974157511,0.059446564351538334,50.075774035631255,29.110517690688106,6429.171237606401,0.1744405522157022,2.1294355835730765,0.012848082934297204,59.49443349080416,0.00016432426264488564,88.90376325451382,1.0612427225165602,0.9735991625462486,0.9388790220476286
43.618533044617365,57.8844900632185,46.6211216966651,0.05544384073991414,0.9890147517563658,200.48925428895947,316.2648866473565,0.00042383853687812757,143.19727456980544,0.4397,0.9679498617246951,126.68690502631614,0.1544084555537478,22271.085901606,0.8573027608644895,43.1428058549904,0.05866171514817883,70.93278352830654,24.138246346765694,5389.899263633119,0.201977836213936,2.1207273390681753,0.011038051869975538,112.4464720151439,0.00013261643966225146,126.68690502631614,1.0609897170370044,0.9744434048136005,0.9009207483394068
58.1420724431243,72.69902171927346,46.79533752995433,0.057740143319686306,0.9950262428920629,402.7245534681708,517.8189458103495,0.0005263917953187728,139.4112906794167,0.4397,0.9626114836880663,128.63318989143994,0.18401408696437435,30134.348536470752,0.8540372143356846,42.528256398595374,0.058682296540104824,32.29029977258467,21.46565170050895,5539.640869969533,0.243885557655111,1.878643139623152,0.016815304875617155,23.59694596194714,0.0001741666234168699,128.63318989143994,1.0649903038184547,0.9748282043736465,0.9397204726636692
40.89298177948558,64.00799562450777,45.61446151854869,0.05655363572700574,0.9892920517438607,275.1129796969469,415.54874970611104,0.0005433853091871591,109.71407372377571,0.4397,0.9675064952423115,100.7840681722453,0.18513478893887209,33460.08702182215,0.8601278671308019,44.68313017332545,0.05902040586356742,48.179177110343126,29.530800031243125,5288.249304964498,0.21851409386087678,2.168218285810012,0.019901397172221547,87.66912021797683,0.00014482159474335193,100.7840681722453,1.0333573964786367,0.9514866448303242,0.9026552919427491
44.65704569887413,55.016601031793456,47.141162351499425,0.05600914326417012,0.9868763193784874,423.83126962145036,566.6619829311628,0.0004954440821908719,143.6300141464922,0.4397,0.9287358582970119,126.54649132440349,0.18401272259863416,34407.84325762859,0.8602633822676078,42.04695561659796,0.05778177427963816,65.11433961242261,22.37836835476731,4555.243496684688,0.06722696896131074,2.399354626935045,0.016052418014791053,98.19847448421913,0.00015853781420054665,126.54649132440349,1.0710686232791375,0.9510966194762159,0.8963637157484177
45.84118660629056,63.64804826279898,42.58729968128916,0.05547107649200258,0.9852330983126588,430.9250502051948,540.4887920062188,0.0004576416772913873,88.43072956680557,0.4397,0.9606604239626324,83.85920459169341,0.19876859121233906,33953.48293750713,0.8775680482159917,40.412470864742915,0.056065143950213045,63.471661058010085,18.401742134573034,4594.9444730785735,0.09230457598833178,2.150920143756662,0.02484413867851192,62.51413806420554,0.00012725815858607054,83.85920459169341,1.023547273807102,0.985816680802117,0.8801031288804146
49.80395084803173,66.75908656825425,43.65554305224488,0.055035427264537015,0.9855629349093994,417.23217164526136,508.8991127415162,0.0005100074905422197,81.95905914462303,0.4397,0.964221314739532,74.98195399593232,0.22905770451946106,26101.15195444552,0.8407917525056043,41.50967510570739,0.05542271238784529,68.32302738462148,21.41726123055959,3828.6028340999665,0.1563383715757411,2.1165829054255525,0.024448869555358493,21.097447591882595,0.00013523306450702712,74.98195399593232,1.0792898789545458,0.9778200793290146,0.8965000678593383
51.72890346029592,72.08080500397281,44.48506512955602,0.05574384097498265,0.9985569580365563,207.34503244028312,293.71843039622473,0.00047294953605814055,104.3506777915838,0.4397,0.9379979859498101,95.01942848154168,0.18178826164028172,24837.601493017406,0.8379860153041467,43.02946931181622,0.057095217801909494,63.27256506054345,32.536783858560966,6147.356458326958,0.1015181988377998,2.1735798741557497,0.029438490022274888,88.70351602694771,0.00016203651566133363,95.01942848154168,1.0730527620512091,0.9545326883194655,0.8882907176652579
49.86579951701333,62.31667501925514,42.25474771696859,0.05774206018984394,0.9833015720417563,411.1209858931305,543.0288700012028,0.0005818248142135632,119.58049891791416,0.4397,0.9724746396705969,102.47905695319858,0.22444832066322024,34752.81017535973,0.8548735171493095,41.28012549303543,0.05545842835843031,72.61914671260529,20.667782242747712,4578.742343280679,0.05287304141666012,2.3278025341564397,0.018011461809988187,54.2564242537991,0.0001530213270199324,102.47905695319858,1.046433893473013,0.9529854717496504,0.9272455621819297
41.68230669113764,61.707267803064944,44.689296525427,0.057391786576816685,0.999763528491143,497.04368421672893,611.5042182001623,0.00047135848250665096,104.60098301730063,0.4397,0.9382826961981621,91.83253746463083,0.16464654712790713,19363.584091606135,0.8457651075543197,41.344942259028166,0.055846520157771654,52.42167999075207,19.699210696894724,4674.8208534274,0.2009581899822041,2.367599606817381,0.025714553216195264,35.181295469251396,0.00016622864285787347,91.83253746463083,1.099119148888004,0.9564742805636572,0.890135133943262
44.87334908111427,60.524359199237416,43.591280736675394,0.05790938112325216,0.9865383891038445,272.7876105576869,330.51421358305225,0.0004351413985404258,145.94474135699517,0.4397,0.9346299271625899,130.57638066972922,0.20607248556339502,18750.605233695253,0.8484252563387547,41.697862420111754,0.05511920005881218,58.09304265839809,17.668401414611242,7176.600435610224,0.12155440151751416,1.8246201094515953,0.024823999414806133,35.710877651581036,0.00015380414038564512,130.57638066972922,1.0863022706136944,0.9822767592024363,0.9209768462421196
56.871767695250824,76.15248936779545,44.356410072610515,0.05530228456336412,0.9817678047083499,282.27157166760156,346.49017296910426,0.0005152778280330905,97.82971603386015,0.4397,0.9720258089288306,89.324651986408,0.1875088025665545,34263.645954916705,0.8241566196102695,43.73070889954528,0.05650103145518255,68.1467591352102,16.10355689135448,4988.925200967116,0.06322000648397237,1.9229962817490922,0.02977499034484587,96.9164055831321,0.00015415987084393457,89.324651986408,1.063162850803522,0.9789234411097444,0.8888527431807656
52.75177400956918,63.353199157660825,44.55061579195384,0.05677653623051701,0.9849738076157573,444.0579648741618,584.0765543846464,0.0004791985182760739,99.68493755148752,0.4397,0.9348211902869856,89.84367796956757,0.20392108022955707,28783.896436483392,0.8288945306172155,44.700666171469805,0.05984998911201009,61.576092743535625,34.533847083992626,5438.509947914432,0.15176728330452727,1.8694584384035786,0.02547230502418729,38.738942421244076,0.00017149553890376615,89.84367796956757,1.0992408327948486,0.9755461275596575,0.9293092973003292
52.98298100268549,69.90888896045314,47.27647040092611,0.05577145142209233,0.9811682875910923,248.11904151682415,386.56885632727426,0.00041917962896016823,124.43793287813986,0.4397,0.944930147745908,115.2672670423312,0.16077497503722493,25726.080195963157,0.8761224961955717,41.7518831692389,0.056894656363322055,34.59255234931511,25.73553654521221,4991.303162740253,0.2454417426296781,2.263412271421584,0.015671490614041245,68.40982981421666,0.00014548139503835046,115.2672670423312,1.0864072514982626,0.9756316314842777,0.8999881851153506
53.4040651070271,71.23782851676268,43.622045823165834,0.056628825117317226,0.9958005953832784,398.1751026513655,543.3583475211124,0.0005129684701995817,80.27047176391957,0.4397,0.9420753698022092,70.3375444143088,0.24534628467609085,17640.995856826114,0.8240974871002072,40.97744019880246,0.056204463030255405,46.514840366765625,29.59288921241395,4644.6880076797515,0.1857077252845522,1.8273377153711676,0.010305447982554679,117.03893596565585,0.00017370268317945027,70.3375444143088,1.0310381824109291,0.9843549546632697,0.9016087471329374
55.25806038079058,68.47295642361539,47.36245877229763,0.05596136465669037,0.990251058250822,426.50791325017354,519.293009983006,0.0005075692822331403,130.92899366482195,0.4397,0.9738837093534963,120.48291549380373,0.24062141168017778,25264.804980326586,0.8554087355608372,42.10318476083552,0.05701724738569116,54.86658592493424,30.459468937374105,3621.0626576883556,0.08175322264853574,2.341580968194678,0.029363323089575552,95.88186978683417,0.00014233291488269993,120.48291549380373,1.0672848483351542,0.9633383495345251,0.9248269720580539
41.16216963442895,53.25652444711576,44.555825788877094,0.05585039665073007,0.986739732377336,211.14819854580716,339.55428930987784,0.000434639417326639,106.422863816521,0.4397,0.9473141442972779,99.14989387546999,0.23263963042906288,33884.423070431105,0.8652745017410735,41.759198464898134,0.05650669260103339,63.962289473770596,22.04633989440945,6677.590851990918,0.15285911718593947,1.8123332189418786,0.02432138087689494,74.71936487147335,0.00013971565240620285,99.14989387546999,1.066468610934636,0.9628892008312153,0.9457261726597097
47.33216769865225,60.15928224383677,43.96684632416392,0.056721535906073796,0.9932409920926313,366.1286282795678,498.951131011,0.0005195276337919685,148.44235073503071,0.4397,0.961658535997773,137.53257980530725,0.2392782823388052,27057.826466973434,0.8207118117064496,44.95012457061588,0.0583693841146418,54.4605405968358,30.97811820322442,5303.353231584222,0.23034449097869714,2.161528087769474,0.026252132558716966,72.82753526241996,0.00016676527660438673,137.53257980530725,1.07223561373756,0.9670170731868778,0.9494120734969882
50.790548705233576,65.9526648761838,45.01507229601088,0.05554995448560862,0.9926129305190063,372.76317756076486,454.33286814458415,0.0005134717947714978,128.3992315120824,0.4397,0.9676423342786298,119.03695769275171,0.1646687870181486,23092.572448790695,0.833364888876003,42.31934129258996,0.0581723338057954,64.98971586227063,34.229684888400975,6191.605093353901,0.06084873339041768,1.9653457163881602,0.02586488308857504,36.7327441546617,0.00012069278396977971,119.03695769275171,1.0952605273261944,0.9895870404837125,0.9050084528096608
46.76912966594652,58.221281905521096,44.50645971817704,0.05640740031091635,0.9987974417845518,291.0328692175383,355.56664034025255,0.0005547225246083182,83.65504685576401,0.4397,0.9576742148448306,78.53959977809376,0.2003721773019666,26022.060029302567,0.8426243218509631,43.39641676405932,0.05513671453885248,67.69242644083086,29.835237004810686,7051.164089866454,0.17757864015298735,2.0823381149646365,0.02471522179986338,64.64235750152739,0.00013033152719032823,78.53959977809376,1.0593625530644675,0.9721959577041001,0.9462428601251827
56.88957746574373,81.0993744016878,43.54423387833088,0.05695243679513211,0.9992252103349676,462.9034008192552,612.6060369831725,0.00047231398596852685,86.48394661193815,0.4397,0.9766216698994948,74.23936387752278,0.18179091587565233,32722.90174035569,0.8504090468241201,44.56894033322427,0.057556615779033926,41.930772163283144,29.23466253325558,3610.1928238334544,0.19425459795617955,2.0651315484029293,0.025029489371683505,34.48996539063354,0.00012430594438726697,74.23936387752278,1.0261905170947052,0.9718760454018751,0.9228625027811501
49.65145017174588,65.72636109418313,45.016075948776404,0.055384546219548414,0.9936136755133081,248.82491578995692,301.84683616509193,0.00044975190473272783,86.1717674846911,0.4397,0.9681504517553605,79.253825360061,0.23873859413041587,33256.973222706554,0.8404957176853396,43.14530788681942,0.055180998438377184,57.72441779229511,23.6446757316404,6030.142584639326,0.19080233986290185,2.24933596243439,0.02858916369547737,28.35821152310435,0.0001507263055805495,79.253825360061,1.058346508842028,0.9823837514560375,0.9434528003244887
55.37255178918758,77.50709582678881,42.91081039847299,0.05779178281263071,0.9963563185448834,309.2584128517582,418.9920047229025,0.000590243977394155,146.68355819243607,0.4397,0.9440123976604918,138.8899409918917,0.16894376824994664,23001.763313057905,0.858939955488943,41.24689237459927,0.05838681633207137,55.06996698663524,31.826402516175897,4027.106534522179,0.08003408370941696,2.097985260635951,0.02828222563856947,30.91372359592345,0.00015768426007971577,138.8899409918917,1.0830235509532116,0.9571225799765437,0.8819496503713008
57.04031033762338,81.65656718425609,44.1115796581378,0.05651717409836238,0.9958485020067036,454.60060614419876,569.6218335623696,0.0005122435045565576,127.88360788523114,0.4397,0.977048710595461,116.03711817961282,0.17199453551419724,27161.22004868644,0.8335838510350427,43.0370504766664,0.05967904165313629,40.22927636946905,16.776747502466993,5248.674207657077,0.2314557063430523,2.0527324980759305,0.017584534916799656,80.66111566517782,0.00012062255675175043,116.03711817961282,1.048688701983484,0.9662160403273409,0.8823220996293548
50.09582965806996,61.30685885811104,45.39474131624454,0.057458583915653026,0.989826070653998,257.19282698179774,375.37176117876254,0.0004054279917768361,109.9324205102255,0.4397,0.95147448999628,95.83156825297164,0.21867144563550106,20584.052253656613,0.8215289761857411,42.00938168032558,0.05953743939363709,52.04451401565741,29.99367424483897,6648.415491209216,0.11445426654261454,2.2381662615506124,0.010619230472656957,39.35529827618563,0.0001296878129124203,95.83156825297164,1.0221683924736753,0.9756544962476895,0.885220178439286
58.191044877427,77.96608689645191,44.48044946633915,0.05696171629186319,0.9940891657606683,446.41224089830246,521.9750152952114,0.0005641423368223486,94.03378829160218,0.4397,0.9213546393766938,89.32038044062227,0.1588899659087668,24021.70592316953,0.8200942630490952,42.111749347194035,0.05602856056045463,54.68557280559229,22.239870842857144,3857.3850563440856,0.06034840467820102,2.355484151582913,0.010773631869921333,34.93455149910838,0.00013815248151574235,89.32038044062227,1.0442594577525315,0.9895206707368137,0.9363075101353664
51.74247881073961,74.81361511185781,46.94347416630478,0.05713000282366764,0.9815651801536713,223.7207532103867,345.8786776402718,0.0004393516121837882,141.15478225050623,0.4397,0.9356007967791738,122.44721843616267,0.22323671769166398,19397.652735662858,0.8407307207169781,44.89662290685202,0.05871322573860697,66.7802943842639,26.319478315955827,7162.608545563084,0.06664418689650974,2.27635344091414,0.018932767290469374,106.71309620969872,0.0001376535801137161,122.44721843616267,1.074571995576237,0.9561787838679231,0.8896569534575183
57.005485976674436,76.51900248617537,43.540330569210994,0.05714839282297852,0.9951604216630061,346.768720156997,418.4086764851236,0.0005572072635291686,94.10891493699383,0.4397,0.957303775222236,83.15047477631516,0.17681272883141225,25629.445237311505,0.8416997679516548,41.39295506797426,0.05896532985520282,50.744521858902615,32.85927539794054,5691.008981226107,0.14151547635993972,2.242030218901532,0.026699590598008145,32.20129632344529,0.00012582796301367137,83.15047477631516,1.0268807542468705,0.9680810712090705,0.8923609508147845
46.811815911830486,63.247207732191676,47.81862947298606,0.05762529969118442,0.9992366601438474,222.59919873371103,355.5030243088793,0.000541032485431193,129.4675451533072,0.4397,0.9294088941394663,112.27506029511878,0.21609353652671473,26564.80269929324,0.8769162470431926,42.34467573239155,0.05932183766554692,33.64121921141773,27.100391199089504,5021.976452101759,0.057996400415809425,2.092633248681391,0.026952224532310436,90.56351139087991,0.00013037084736303219,112.27506029511878,1.05007718469514,0.9862232720841956,0.9209779931390372
49.9763391706297,66.44248453519877,46.70833212510811,0.056840816305140776,0.9816994950625147,403.3710755184543,475.28274292691776,0.0005937627448526315,133.4327053081742,0.4397,0.9550440826935922,119.61592038472631,0.23730377863606605,21756.734722615463,0.8226868427512142,40.799335228496,0.0562979933540026,51.92831812044932,15.511630607249323,3670.2369552074556,0.2059105035536527,2.3401294789687985,0.018087791624598486,61.70002621473965,0.00017082310565834228,119.61592038472631,1.0306504668000669,0.9790212427358179,0.9470212103448269
50.628220820091556,61.16670411020194,47.80555815598483,0.05583465145516417,0.9967223156918371,437.1804467166801,556.8510496242878,0.0005931158603189052,100.62592621987858,0.4397,0.9416958813384518,89.74701593073573,0.21096113732349905,20442.366012772964,0.8518039036081109,40.892720993427446,0.0572541742298608,67.70779249693948,29.452096910461925,5712.563081380987,0.22316470119406362,2.091788074453013,0.016032232506959343,77.90797377649594,0.00016203486849684023,89.74701593073573,1.0580742873384952,0.9745512094877965,0.9196978740956308
42.099594317921415,60.11860558726055,47.028819328981825,0.05529852892859637,0.9986596005329854,454.95756447404085,583.2989130574384,0.000454882124931152,115.34403160194496,0.4397,0.9520631288034964,103.70859741078155,0.1712683733286109,18020.51213262904,0.8546687988558308,43.01742212042917,0.05610752214518295,55.70649535473955,33.58049012407278,5381.6056704270195,0.05267463500426098,2.358171471189322,0.020132028888630915,22.335541449700827,0.0001377656629598008,103.70859741078155,1.031321079341767,0.960284334520654,0.931281706060856
47.97105013403081,72.87419508583352,42.85262355510986,0.056818751858350426,0.9845237777960413,494.37867522319664,563.2732502694155,0.0005532899162446836,95.60924976228758,0.4397,0.9201124908723952,90.14024196506007,0.15491655255392164,17790.873324123197,0.8619565007138632,43.75507854076358,0.05512154728605596,44.34893524659981,27.840238906211184,4375.14120782096,0.21200270066544874,2.281753357452966,0.02665086413739875,20.00192395165788,0.0001358044478589651,90.14024196506007,1.0287229580007768,0.9574884293676837,0.8931413984443125
58.34675345103352,82.72736634061253,45.15876054381008,0.055199058411311744,0.990496223752184,401.60471668987606,475.4033654531363,0.00046337101715598477,106.52507602188487,0.4397,0.9709052812801219,95.64166877501336,0.15446139716950658,29229.222314282353,0.8583240760084396,43.18229936808422,0.05829506313932478,71.44369265929163,32.228401549191474,5365.611120915002,0.24624129381987958,1.8901561413660777,0.022729922393543357,101.72485440189244,0.00012481195212920112,95.64166877501336,1.0758239033542802,0.9649684917412653,0.943992183720405
52.61664480729485,63.22263323992729,43.01987112717472,0.05572388035506859,0.9985571645092598,430.7185741520061,558.6289480254428,0.0005258395877659188,147.5594078796006,0.4397,0.9417155292665317,133.01929229519445,0.1588811882014008,19432.760071454068,0.8204883696234365,41.646419989514854,0.057157318089465725,37.00431230817278,31.505915106838685,3646.041350482751,0.056073632221149895,1.8281953036364114,0.012796116273190696,67.54411585097662,0.00014093435624387904,133.01929229519445,1.0326401270909609,0.9602043162543463,0.8839113653996339
43.55013164873935,64.13708670318167,46.909364115763545,0.05518212155380574,0.9992045200904593,351.7274834963988,410.32738065989406,0.0005195492169909186,128.5196624258101,0.4397,0.9284095060566773,120.63732155510338,0.20798179124697158,17359.54042213121,0.8579114604045407,40.2980908628251,0.05624058440281784,44.7094943621986,32.22584565967925,7198.1194105036575,0.19499344892392328,2.2445134121196393,0.017244678873171153,27.130693644919273,0.0001438841708776597,120.63732155510338,1.0323836635667063,0.9823390359543872,0.8997973305817663
46.7771127121921,61.30358571264606,45.504972895099776,0.056646662767019705,0.9825576476870463,473.82107035433785,542.8971656010043,0.00041090870312423297,139.26299443333605,0.4397,0.9462749514203048,129.76188796516598,0.18482178540406513,34977.433795285775,0.8393432763819839,42.35131931074346,0.05923551973649806,49.6710610783311,21.882008053845496,4795.611988196262,0.2498188157595274,2.211503496960203,0.02110851830383076,54.34561031905483,0.00017425089938324673,129.76188796516598,1.0674015340372889,0.9788281371117277,0.9117606933930581
43.832060193253994,67.37689749434605,43.580695886141434,0.05548101437482861,0.986980084511109,393.12751465983877,488.6806052788303,0.00040103634996707156,117.84197000267187,0.4397,0.9491706376093301,102.99060614353593,0.17431069773958982,20198.33003778114,0.8663721376808681,42.52134826546982,0.057478403199896014,63.20900495666444,24.48327054217362,5328.799733020283,0.2094237172587909,2.1612533277491854,0.020765248625743436,70.63544362507855,0.0001645869428409126,102.99060614353593,1.0234875049252679,0.9834079248353735,0.8958320508322285
40.496462635971454,51.173183821610635,47.57759383204303,0.05683122195830042,0.9939628928230171,465.06542187540305,608.0836147498801,0.00041155280291896193,96.73278195059493,0.4397,0.9582441626297713,82.34790101887123,0.1719306557797191,32920.96630856264,0.8313019231681419,43.853258039799094,0.05997328838606295,67.60860564565925,31.96067010059463,6425.201404981464,0.15107140060702753,2.3857435680104078,0.02661268040177415,33.549347684699974,0.00014874922646094046,82.34790101887123,1.0226394103040155,0.9568432924281799,0.9264632569879074
58.54920917008053,82.58732070024674,42.691116319885566,0.057372595392589806,0.9844311699877186,270.63560510416426,376.8233885934653,0.00042558840950634823,129.90158996670354,0.4397,0.9514737464211368,118.5936512627418,0.2448581531903099,27183.71907503835,0.8629723391186308,43.20144781145977,0.05896678913469483,32.635221431033976,33.20797149862911,6166.002036936303,0.22696459441462496,2.1272418286631765,0.028643435276813137,74.63379497775377,0.0001280914361274048,118.5936512627418,1.0545157015157687,0.9623987743347885,0.9275154703242598
48.964146565137426,71.52628272195408,45.383174420827885,0.05746564216231559,0.9864954125726896,349.0213342154193,437.78911903624186,0.00045153049826955475,115.03975725533965,0.4397,0.9226114149240238,107.50292553218718,0.16188165758920744,29301.4033361363,0.8575297200213436,44.356293138004936,0.0593460559986796,65.64161192086175,17.93682998519493,6798.812546527563,0.19158648498050718,2.0087399202608176,0.012009261883505117,72.87507198372643,0.00015936969894049977,107.50292553218718,1.0492076386579647,0.9807420585189872,0.8948300613030767
46.150701448415724,57.91326718220475,46.32624332800035,0.05592863052441288,0.9804658212000938,418.94567631914117,566.7826985413888,0.0005813910446485124,92.37942076749411,0.4397,0.9722907393246659,83.62970496978926,0.18048144107726546,26218.378229992708,0.8591374531196485,43.914914393475456,0.05886666124398836,62.423778686279846,18.63064759182968,6988.772652719584,0.10849033009207927,2.1389795104935474,0.014488151806917766,80.28351663442258,0.00017616073876626292,83.62970496978926,1.0635695521732398,0.9565419366624452,0.880601388811231
51.96954383115473,62.86690889091422,42.35309122399459,0.05664686359808349,0.983070433618624,260.816526368805,357.1876569909339,0.0005037265350693373,108.87009227327472,0.4397,0.9473905359072177,94.83866350906196,0.1971477262019193,18616.223901199377,0.8305568612252532,41.829388919054736,0.055529624494753106,70.25935371653173,21.93659200109869,4281.040191478919,0.09486395641545396,1.8170470515032737,0.01784313821278843,101.02618052554385,0.00012468269112044124,94.83866350906196,1.09947876938322,0.9558242022848886,0.8852022073593456
40.146289125860314,62.66690409076435,45.58713619923722,0.05668903228025908,0.9912465898883549,263.4019379785935,356.77543534734167,0.0005593783477681577,124.43881533114141,0.4397,0.9246192663519806,114.9983279538048,0.15004495260742554,31941.03142905205,0.8601504400799477,43.161107117623494,0.05532514500326835,70.5199345871494,30.40595656358716,5005.439446412789,0.1525088785409241,2.14755854074218,0.015927961629020555,61.277881338686186,0.0001709164660716857,114.9983279538048,1.0547765196820633,0.9653223552215112,0.8800299519519093
45.56044213201628,57.89680719663497,46.895407292778565,0.0564186615464625,0.9930618013260837,493.41282212169125,584.5772538104636,0.0005676623504214416,131.47322996775668,0.4397,0.9663696941917511,120.55489468011301,0.24209531874757245,31559.455329735683,0.8642187045185149,43.736432647275635,0.05957539386307231,64.98865013972018,32.4996231451579,6072.5411710646085,0.12459810480432208,2.341458123024614,0.018165809899168855,108.85600284600712,0.00013080687331314947,120.55489468011301,1.0660846701965754,0.9574574755180467,0.9433775600848149
54.060669313977854,72.08414160861591,42.40516388650832,0.0569653416742743,0.9929782366219168,330.3831082211618,411.6011154818415,0.0005469886197181082,97.02545571232463,0.4397,0.9596092651269841,87.95389129891153,0.15990985907601038,21993.70930700535,0.8493646156742684,44.78440184586373,0.05569098594019901,38.559120791865915,26.60480282806691,3762.0873915494926,0.11589359816160034,1.8025980411108842,0.010814424572304639,67.4673752909938,0.00016207685605884372,87.95389129891153,1.0935394900943223,0.9531561063215681,0.9235165986655429
52.67539546138526,76.4115683295659,45.07345782663976,0.055630261371470605,0.9955672094155643,254.5446358771315,337.1141168508899,0.0004782770248841144,141.31981375445318,0.4397,0.9589662663661533,132.32249242329794,0.21824706006861724,30277.013928229277,0.8404219409792527,42.11176081311123,0.056956130753371303,44.124217799522285,17.26536350786462,6181.001662245472,0.08558496334537698,2.30718228730687,0.0113202654032563,65.71489642143126,0.000131031362234605,132.32249242329794,1.0586543282417107,0.9625109809821997,0.8896904692759137
59.63611895085071,78.14784065409056,43.55134306889244,0.057937729718760385,0.9883056282747759,299.43916459445177,418.2228705874016,0.0005727718787681965,106.56857749522746,0.4397,0.9456148401041337,98.94085006736562,0.21288654771624882,25860.805166888556,0.8299932909572905,43.24140996155568,0.05804955505777965,72.13438644818241,21.074964599343318,3617.580384004492,0.2190572006343396,2.2811573364594677,0.026767229558741487,85.56856984039794,0.00015600081329323825,98.94085006736562,1.082489642045771,0.9850239806015932,0.8864759045538908
52.40715419316088,68.36565371525325,45.97754670922153,0.055294239481272794,0.9854698143248231,319.2128444797777,373.2964042139658,0.0005484099506641841,98.97957025249238,0.4397,0.9446298237572593,90.74399581044655,0.2309063855104737,33180.98281120129,0.8373976315066444,41.96331917640817,0.05605949174950998,56.917798493423604,32.140460129552636,6890.718514563121,0.19100290012897536,1.8636618778776513,0.01205163568223774,81.75212153247836,0.0001342574750537534,90.74399581044655,1.0638922028754185,0.9522613171455844,0.9372316405134986
49.55011747255465,66.22535829536454,42.71206420247307,0.05748766342360936,0.9803116140008504,386.9255772410663,505.1072498056982,0.0005486302886810104,93.65840388176073,0.4397,0.9521803181832406,85.83566689022446,0.21513877305621526,31056.48742607936,0.8658297017471512,43.68914089434894,0.05612642521853888,54.24423304751795,21.9510995654003,6185.41001906977,0.1162642939317487,2.3080982958730303,0.02648150223989499,21.14349387589261,0.00015250188372919638,85.83566689022446,1.0709765798258923,0.9726442048289262,0.9367727717043431
55.22865126368015,66.17540882423822,47.622308584023045,0.056782287960853564,0.9841325965210477,476.90439771432574,547.024847526913,0.0005803148654331138,136.29199340820816,0.4397,0.9230356647739463,124.87348610384478,0.22693874172159795,15819.915396040617,0.8445640434727754,44.559965856552786,0.05733120671145688,71.20692480197994,17.056144861787914,5635.797020873938,0.09753341631703737,2.2581271594400456,0.0161302400360607,118.24305902241949,0.00015600947214874065,124.87348610384478,1.0946001952221738,0.9725201553565695,0.9449165748149994
58.06655743928106,82.59784225970505,47.36837149028839,0.05573456424158115,0.9862477562440407,495.9770227766273,584.3978230970765,0.0005197326944915367,104.79152024762438,0.4397,0.9379374658530752,94.57607341050698,0.19212486087885275,32585.519443825167,0.8621627945195954,44.596130078597874,0.056804475457299636,69.33893583448491,21.041369322261566,5144.043500284411,0.07562758260172718,2.0946278745359073,0.016184467397777114,114.26935861444679,0.0001571112195064286,94.57607341050698,1.0200563014654151,0.9712336224316817,0.8911491436878131
54.41391893436703,69.07373171058327,43.115846519254255,0.0572370250019809,0.9835641371296093,395.50962767333374,460.16352492936693,0.0005057148859924353,113.83793195215543,0.4397,0.9792736504137424,102.04343022074194,0.19887044945516233,34371.3283595698,0.8644054794999092,40.78543758693755,0.05838287833509902,62.73732689923714,31.134127045996166,7156.889166767081,0.07250259093447059,1.947128363039864,0.012014940562536143,48.12859424965558,0.00016096793266840475,102.04343022074194,1.092075191140158,0.9702203489206017,0.9165592332111665
59.26422447098759,72.1046768460804,43.939595306190625,0.055253442687031216,0.980402889429932,409.9767082393174,515.2518126465644,0.000578032511519415,95.5973876494713,0.4397,0.9597315493476846,88.04137452234481,0.22016621021644195,29843.124052502077,0.8604502134474573,41.02048298810439,0.05537538097760314,69.70135368717945,24.869590660382848,6251.4422400941,0.17509563704341796,1.9728602495087113,0.010265267629669974,75.85833401657518,0.00012414177452309654,88.04137452234481,1.0598153615725632,0.9506894587903971,0.8885033239691704
55.640103414763544,69.93081294236947,45.52580984791826,0.057323253503346355,0.9831489521733038,296.54875090897673,419.4837954041907,0.0004908923456328393,128.0263749818252,0.4397,0.9451360499250393,116.63835827545569,0.2068426721055051,17398.27061694136,0.8604123054209769,43.77464725394899,0.0574437933473891,35.122573973796776,18.431455510998827,6506.254647050011,0.07176343561338508,2.167364955283194,0.017105772168907706,97.04851735896496,0.00016220324423027623,116.63835827545569,1.0685411495393244,0.9518980475738543,0.9356947695342217
57.33602876523853,81.80162668861071,46.308374019805505,0.056769955666729044,0.9933219910713514,457.1475786346247,542.6131362402612,0.0005623141392057685,134.67233852866957,0.4397,0.9333417861764272,121.07017056522979,0.201153855026672,31147.517796742402,0.8566484922595631,43.15504942971201,0.05587129958857758,64.08947849699587,21.25264745159876,6571.385964845271,0.24204252479539345,1.9477823996252979,0.02670713812587966,112.04678240979582,0.0001292758634541248,121.07017056522979,1.056004637757001,0.9704482805062262,0.9088739348665001
42.28208142367274,53.696372225992846,44.655936090961546,0.055332250955189205,0.9925917083294519,265.33950056609444,331.68115832012074,0.00041076927208896156,103.75976742673392,0.4397,0.964712561714014,89.51003757510031,0.17055584060545492,27949.78085247172,0.8511053187228228,44.52553643427478,0.05803362504500374,73.45380909885907,34.07162559347213,3678.749759836086,0.10582702032241337,1.9952134054043809,0.028399109290761233,78.59066401244993,0.00016062194718821562,89.51003757510031,1.040873490348186,0.9887323709085224,0.9287077889604368
54.648270059875756,77.65781566739348,42.93774793176585,0.05523851668927711,0.9987136727879609,231.91419479329028,304.5647529864078,0.00040025798889126445,146.15555697599814,0.4397,0.9356174185823715,134.4913027359075,0.17581082608063753,21776.526350439606,0.8318690012122162,41.56900279707768,0.05558106645880172,32.2039556526632,23.63914976197253,3796.8637862241353,0.05516097211636633,2.358503058690184,0.011231711122606592,21.89401329381824,0.00012744225685424452,134.4913027359075,1.025280575209354,0.96631903122023,0.8821219577561501
48.801773990547375,69.41943240656909,42.62490896281723,0.05725250900030939,0.9959633658279462,491.97679702929526,623.7880888818524,0.0005056584979208714,82.14274266921653,0.4397,0.9297422062307777,75.1277407036008,0.18584972410593936,32680.611023853333,0.870568203215311,44.240104055731315,0.055988159332647065,40.03705433057854,23.831985096121862,4314.11394859242,0.221065944768637,2.2375971699037516,0.010618161276112174,88.06779475372453,0.00014876488263310532,75.1277407036008,1.0956100567586617,0.9688930704997375,0.934455169796426
51.06207604822551,73.51236373561093,47.99859202148606,0.055878807719511515,0.9913551223368238,459.2416030461597,536.0064765521449,0.0004147223787632761,89.30601722918283,0.4397,0.9292708940140573,78.96659902747045,0.1509284385423503,26311.333769063458,0.8778558503492557,43.4188792849193,0.05901944491421657,65.72857749894385,18.061392040884265,5958.7833459134345,0.12351747917006005,2.2416444298301883,0.01317601240260667,29.30780688990389,0.00014320610555890835,78.96659902747045,1.069910096501979,0.9892825246134642,0.896064039932533
53.08204818964714,77.72051129516558,44.73211272866092,0.05766790555230164,0.9827511269498642,291.09354036144,418.5637996625627,0.0005953086026906127,121.21509220923436,0.4397,0.963755796749884,107.35200292275388,0.1917363449580237,32058.558620388045,0.8479890439360099,40.977281550783,0.056175834950190066,53.40212239937935,21.091086092285696,5846.21710631789,0.11859317659499194,2.3735618532730074,0.025325796173713916,87.11777735375999,0.00017804078139859605,107.35200292275388,1.089877658996945,0.981164536217429,0.9389963050464665
59.39630233411139,82.02862216686447,47.235190494890986,0.05728621906309053,0.9912814363785031,402.55121491431476,485.67115559493584,0.0004011002348079598,129.09848034338657,0.4397,0.9585686152573231,112.9188567777344,0.1502768475763913,28402.274971684856,0.8759943253530793,40.6324718449782,0.05868532669396913,33.89782595435676,31.293722658800927,4770.588797292877,0.07372412236327666,1.8034764118818758,0.014097655320469495,78.74276020306337,0.0001578485499446674,112.9188567777344,1.0432646626443904,0.9808043938847062,0.8930100938742801
59.69156162863249,83.84229689780028,44.89425602777469,0.05709457073415315,0.9812319012182836,340.1055072239599,408.97876265825613,0.0005436299272997293,97.54780926563413,0.4397,0.9241883659622738,92.29891047154885,0.20650154359213369,20770.322074098563,0.879879672263397,43.51361801004304,0.056365313498440955,42.058111312020955,30.723979488065265,7102.795547428055,0.1820844116437817,1.9466915060235908,0.014616207487889318,84.06696279148098,0.0001252923547950789,92.29891047154885,1.042239915935903,0.9701894178815909,0.935306806631649
45.76456490975811,57.668593761621906,47.53414583127602,0.055835818157900355,0.9886176979482171,296.9384618436413,419.66931780638436,0.0004486769391572441,118.7849767823944,0.4397,0.9269025689217322,111.18513015668975,0.22040287689723487,34500.37391722073,0.8491717547551492,40.79230756362134,0.05617513752616916,44.58268199651914,23.709975978860964,3935.183911661249,0.1217586743178867,2.1947843777762372,0.027778853957825783,38.92576989854008,0.0001620531876862777,111.18513015668975,1.0468627555765833,0.9859165061279336,0.8893874012175935
54.67506994875832,76.61189842626287,42.5265562966293,0.057126833557064854,0.9878051725789438,286.0322632280885,382.8867661756092,0.0005935104010544113,102.28703729299689,0.4397,0.9580308120412147,92.68278599851605,0.20621486316151263,26420.11095879117,0.8634613224249981,43.97164519871574,0.056495773914406335,44.4478224830677,32.873045243142485,6396.192441977675,0.21459890591334457,2.062962920362285,0.02749898077517069,69.36098628119564,0.000131648303956739,92.68278599851605,1.0384830583151528,0.9732470522157226,0.926439206682194
54.99967075870537,73.18480616992109,42.68411514800731,0.057844443053544504,0.9885562761872588,240.80823356627195,293.9359586937526,0.0004763083301255792,118.78624719351131,0.4397,0.9542669661123295,105.73939710979974,0.2193519973204876,25335.10483652918,0.8586274202950314,42.78547520063658,0.05940465992211374,69.49527372609742,22.605178341256448,5331.157630866876,0.17612366072602587,1.8676829688794225,0.02340578438840337,81.79567944667286,0.0001371690217628014,105.73939710979974,1.0598376570707706,0.9762678930361742,0.9345481107646637
46.92985722626098,65.08229115245888,47.57779312634535,0.055274679503111705,0.9855965183678957,364.7954246827518,510.78966661719164,0.00040545668525277304,126.15293744349768,0.4397,0.9611599436223088,116.52526396676139,0.15000131685562074,23070.1925650651,0.8342358889600447,42.38433531231395,0.05698582829668364,59.791640581111864,32.28659159643868,5107.803119901101,0.22598247051879328,2.2687402116429967,0.013280275609629579,50.02929114141628,0.0001427065824266785,116.52526396676139,1.0948993237728961,0.9815022208116881,0.9070362995778518
42.47739549728442,65.96121914209212,47.68495827026871,0.0559784879260107,0.9937166089524765,333.9790070352524,398.75435154246316,0.0004053871530817566,148.09656374983402,0.4397,0.9306823345017957,133.69755213518164,0.15594419732843096,17726.88406155375,0.8228253666252591,41.3776451796071,0.05621880264941987,63.071277526605535,15.631311011694054,3692.0339755016344,0.17451223159761525,1.8282435204479561,0.017622983793031434,38.16232614234977,0.00016657352641850397,133.69755213518164,1.0900850137303986,0.9662633952042026,0.8971032829733226
40.81893920571439,65.39599648541505,43.88830468479218,0.05570401679638479,0.9968188893459756,353.65592608998327,438.9966237352924,0.0005106746743449377,111.89878020148285,0.4397,0.96359527437303,106.03361720660614,0.21984624408755554,28724.257600723235,0.8472013186704674,44.9192279746243,0.05768319736848457,30.610653999984823,21.944605804594215,6220.0787098327955,0.20585564594394973,2.126310667313693,0.014723548123182103,42.268073888629914,0.00017664485632718342,106.03361720660614,1.0596080363169593,0.9881308113817273,0.9041169316250444
55.54686255058357,76.11943739623129,44.13098932196323,0.056179750403202,0.9953703398519795,264.60715024382137,353.0866137433921,0.0005973423958062562,125.37512281899664,0.4397,0.976165788039833,107.25995484520658,0.23029001479567707,23615.983960116282,0.8672322998437764,43.61083555455263,0.05692820705892568,49.23804013321943,32.101369560396705,6377.671838761107,0.18930785698094504,2.1374785989255103,0.023436911636862574,105.80166691097794,0.00017546011061087902,107.25995484520658,1.047900997266082,0.9895202893139632,0.9007614161289466
49.793994836338115,67.03807067841487,44.71470140900855,0.05722699796456184,0.9925550419158176,481.58320123197433,580.5261911578157,0.0005959547070091438,120.46274735439523,0.4397,0.9560630188721265,102.80635062315032,0.22177015708893943,33692.25020711284,0.8395080797613818,43.89031823582438,0.05895098759885831,44.30192826294871,33.026191229486564,4748.246988439245,0.14251848492813324,2.181576791766392,0.025598621083612556,66.45435202950006,0.00013024101790764077,102.80635062315032,1.0689350242210847,0.9734855132822134,0.9243146641248473
59.71080338989852,76.55686125842621,44.49697008040374,0.05642272774427616,0.9907668959866602,391.57735889916245,520.1217611325795,0.00046745459445785313,102.2288425721301,0.4397,0.9317678011785671,92.70736081042844,0.21630122425535514,34301.943372377966,0.867066323271591,43.843554638326694,0.059952228091565134,68.33664310080782,30.12848082440765,5461.0663341450445,0.18773479839211027,1.989375781633088,0.012842674440351112,86.10733769765537,0.0001236248086436748,92.70736081042844,1.0689806506783235,0.9588822154903288,0.8831193221136037
49.29946912387306,65.09459098222078,43.14027129575758,0.05671219181836074,0.9806216836001606,469.88019721500103,520.4892251825137,0.0004965407298377794,97.71448921884043,0.4397,0.9607726313170464,85.04364837739931,0.220738266381156,30352.81710699902,0.8592881009177773,42.92007788588298,0.05763287221332917,72.92413442639332,28.397316337914013,5783.191643645505,0.18272340351166866,1.8141605647390873,0.027959116658140375,71.48888641489953,0.0001697119811567707,85.04364837739931,1.0747011271203213,0.9809960806930176,0.8829005469809432
59.5583395814768,74.98232502506674,47.390252303636245,0.055942464664235025,0.9944586799738384,232.78134980982662,376.0285549434341,0.0004200911611595632,149.15095052213064,0.4397,0.9405849010127639,135.79156198361028,0.22395899257961657,19849.895274050705,0.8617324811090552,44.69849420979439,0.05725874448826425,49.05033823141524,31.310098189245984,4923.522874309032,0.05134072398522489,2.3333899716484092,0.01925651814367673,103.4127251874082,0.00013729309576989042,135.79156198361028,1.0628480020665165,0.9628855441391979,0.9001440805897963
48.2315200438812,64.10412266914767,43.519845604233865,0.0554238678012613,0.9908996587915699,386.85528975685247,501.4542357771536,0.0005044353711983463,94.47966531910608,0.4397,0.9229572647831433,87.69057414221811,0.2224377498367569,29319.593616079328,0.8371444533026433,42.919107516913385,0.05671517699156943,73.78772765570844,29.151163764442586,5816.0952221737025,0.18972758774557036,2.3575228768970735,0.025900117089898964,70.84948671472861,0.00015496956622937526,87.69057414221811,1.022140420816536,0.9730841400635548,0.899388135318568
55.87364301119945,67.21994153996738,46.23163445686591,0.05580080094681319,0.9854148210132777,454.83854559324834,599.9034335081419,0.0005199403198096547,135.31926869519657,0.4397,0.9381403217211499,116.8902695792376,0.22380084776883397,15408.43501930111,0.8482028429705828,42.60022792552075,0.05986669366135069,30.646164181969564,20.084419089303566,5162.857413900292,0.10243190036456917,2.0891932361424392,0.011032752170839245,29.332531292163072,0.00017871764791417864,116.8902695792376,1.0260837213877836,0.9534681408183326,0.8923949166721998
41.69638544623664,52.857926725143216,42.402934066409834,0.05757904090372597,0.9865568407770688,299.27623394434,431.01518768598856,0.0004502123331222642,90.26111737145327,0.4397,0.9743351061170079,80.69892882957514,0.15740197074151807,31528.010056167856,0.830902228001513,41.36855221211434,0.057416416380023406,44.65737318938726,24.32473801389728,6761.051479783446,0.15836456440000618,1.812384212088917,0.017211623740388753,39.798469353315305,0.00013118532032232422,80.69892882957514,1.097901998832387,0.982295628201206,0.9301770462612102
51.109234202755275,72.80728186083995,42.23250798917058,0.056807250886460235,0.9987121357293949,258.5429507407959,401.3267725491176,0.0005224228871830348,136.30458885528756,0.4397,0.9446683592105585,125.24574889376785,0.15632715514946247,24872.371341810584,0.8347948316847835,41.40867959920837,0.05588998429968025,64.87190300684775,28.214099957723192,6186.647616086211,0.07226647768217098,2.1485226961340693,0.010295618953946505,21.326541517202116,0.0001424913535114113,125.24574889376785,1.079698823610655,0.9883634783548271,0.8816634046638155
56.04119573971448,72.73228913351787,45.922382835461526,0.056133966019591704,0.9924872449023445,279.5063917416859,389.6064468352537,0.0005799385503392507,93.00099100926836,0.4397,0.9718799202818655,86.80585620178945,0.1861119943229439,33734.79299770373,0.8253910025855449,43.684419529910215,0.059846079526923376,46.20448337137648,26.756055142366087,3997.799939316845,0.05460450031446802,1.9895579109977528,0.02436969462871299,103.15242830597276,0.00017205593676876697,86.80585620178945,1.0958597518881779,0.9537688609853459,0.9446964338573304
58.49403334439778,82.45430067256709,44.034095145439565,0.05736971794520677,0.9895182486931505,281.8801180249397,367.61101631265717,0.0004001910666846961,147.7009650811317,0.4397,0.9505195606113676,132.87687043003055,0.20275967145487955,22555.2008265193,0.8276064043777724,41.67383710819803,0.05980441062999678,71.44330486700623,32.70195214246121,6478.571461171486,0.053023941755114046,1.909491346100218,0.011589019404623703,86.32728333076844,0.0001589988328246825,132.87687043003055,1.0471620480814643,0.9792639624178745,0.9330240778524131
56.45166181234863,75.63497694125792,45.932756356320006,0.05519337229736473,0.9924184347941681,334.1596894770605,428.45109578842084,0.0004457867548615889,128.0191359602162,0.4397,0.951018679337576,111.4554259732646,0.22626190539217278,20263.472089676885,0.8326308087577502,43.64355372573339,0.05717862526167538,39.83092016241587,24.476892807756567,4815.020273022032,0.08163890247458719,1.9013715938287232,0.01676571582052889,95.92019181216655,0.00017625318040517357,111.4554259732646,1.0627959534650635,0.9844335545425899,0.9082070391479404
40.73941454402348,51.26705427678978,42.56412721301298,0.05576167326376716,0.9882748464997131,297.78908083379946,413.59231187221076,0.0004419839126647876,86.30827705730802,0.4397,0.9203129792638937,78.41796794381678,0.18347078187910126,34901.126775120785,0.8548140526825502,44.76353379407413,0.056740930065164785,65.80500272976498,18.559747560464125,6968.04631931523,0.05397850132203033,1.9075532641999005,0.025634973612776134,91.50202346962507,0.00015790315889753002,78.41796794381678,1.045756153526932,0.9543802487766201,0.9401254093954338
47.454046826134686,59.81689694589688,47.69910827949518,0.055690309462172016,0.9894036454640603,281.3822218123974,374.07540778903103,0.0004247772406067654,128.52239836213076,0.4397,0.9582262443973383,115.08560098471737,0.1775117076633635,25613.557430241504,0.8464726671728584,42.196537183893795,0.058402187233443176,39.0766013581136,19.291640748257635,5772.136607200992,0.0764794841702037,1.998504600347587,0.024979329568658278,102.44796887366972,0.00013821419808244905,115.08560098471737,1.0927148037425831,0.9598718587825396,0.9232707462175552
40.973969446277025,54.061266341472134,46.49108680135857,0.05795609368650467,0.9858061851341534,394.5536895215414,517.7209678683203,0.0004332202425474204,122.25345339470863,0.4397,0.9264688307018253,113.35249030695068,0.22814483081185294,32263.650848208763,0.8360163707539336,40.48662821439821,0.059144620653928046,38.8697212952777,31.921131177185813,3699.2806583068673,0.16183472107179486,1.9683721294156045,0.02280579240745685,118.69695031172529,0.0001683065163313493,113.35249030695068,1.0430186706532876,0.9656748499222021,0.9199160693119613
42.18564582229116,66.82168618813606,47.2576033981548,0.057118295747178284,0.9887970660118329,215.90971150156534,275.0945131095683,0.0005251825090730775,103.6282372685771,0.4397,0.9487249048809233,93.84133849848706,0.1749336851453995,33221.143280420176,0.8716667468138614,43.33273240664718,0.05749266066141764,50.058721127247345,15.17441908446224,6243.705738363815,0.13005456631459922,2.3018548994719135,0.023880412776827776,85.3471329910573,0.00016555582529526467,93.84133849848706,1.075504904309719,0.9834704132682714,0.9019112502662247
53.50611257334968,66.7866759656242,42.818823324267065,0.056853357809165665,0.9937118446487582,302.10913344191897,435.10779834040784,0.00042053887803012856,98.25151984297003,0.4397,0.935619011339486,86.25916378624366,0.23208413768144634,25369.374255628467,0.8515088614805192,40.04761515847743,0.05665406495526517,72.52232647486497,32.382607239936675,4070.6437282957672,0.24614962451813066,2.0971888244340144,0.023024626502071453,45.226560296043864,0.00017601713646473181,86.25916378624366,1.0340044459912907,0.9697372506201218,0.9264173271533052
54.26516392623397,72.00149907055473,43.92096581335721,0.05501495489588342,0.9807988385017293,406.9255897821424,477.3444537463429,0.0005477063218041443,130.31325472237066,0.4397,0.9435429779497589,120.59700618485307,0.16771335497200385,24114.278510383752,0.8753865684181477,43.935017606361484,0.05650697005431507,56.34547328560567,16.111761712079694,6758.162938646203,0.21173887204344044,2.056588495479029,0.022825519180136603,30.139004220984415,0.00014857001593278197,120.59700618485307,1.028420116086134,0.9554785321016654,0.8897786297759154
55.47441365503253,79.51706762963548,44.21006498523806,0.055552930006269576,0.9959005481459231,252.75492478430178,397.149685736774,0.0005774045181116766,131.8952961064906,0.4397,0.9522246413400081,118.93984124880389,0.18594735228724768,26057.719095447002,0.858097897736654,42.62826558519359,0.05663299363607209,58.576480269311105,22.83316936178811,7013.9891072066475,0.0793551508977261,1.887500134268681,0.016993092800827992,78.97479283946525,0.00015017035722805858,118.93984124880389,1.0324507651445074,0.9602548423614835,0.9167429506064837
57.309130961113254,81.96702190982862,45.22303588996091,0.05690662387891924,0.9856595908172262,266.27835866387375,331.83293865760055,0.0005853175448356738,102.90440942667756,0.4397,0.9208678468761184,89.29578032347032,0.19010756094263903,31954.79005762828,0.8209472557917229,42.448661020043275,0.05559016470061205,30.437970261087727,31.00352454891258,6102.9210709056315,0.1333578786922111,2.3255344758726983,0.010563314081537111,97.07570612808126,0.00013942938602170052,89.29578032347032,1.0623564213292924,0.9686951136348027,0.8881277042517749
54.7886293695302,68.33403590028337,43.78121091304448,0.056139157979445,0.99365119586865,260.19998762387524,323.11640723411506,0.0005320351628639401,141.33589775876527,0.4397,0.9370750149962974,128.0937463243892,0.1799510447307643,34293.20463201599,0.8748085414609417,42.84721080288843,0.05889310218177604,32.54768420842943,23.152307536447978,5518.341996177398,0.13619415931266415,1.8328933234762734,0.018836516996315597,76.15717142012795,0.000136125500070392,128.0937463243892,1.0875632832407358,0.9515705698462088,0.9111602858877604
56.01743184213264,66.75419649838324,42.36378445313643,0.05777284115103719,0.9928545062936012,200.27783201942148,331.4654430781608,0.0004394792821267232,98.81790532219439,0.4397,0.9793767160575119,93.36631971276395,0.15033569138870126,21566.442187394325,0.8714478001408495,42.58204271967358,0.055524799317595686,33.012031154746055,31.44696374108105,5767.426828198728,0.12242335579025715,1.9437188153246883,0.010909193031806895,50.35547680549495,0.00017979166914847797,93.36631971276395,1.0999423780138327,0.9752398827587688,0.9231389846791525
40.97927419646558,53.28330168453196,44.21327028442482,0.05729417265742528,0.9930525609828261,342.1303255494718,474.00050831977325,0.0004170593151079816,84.89050981823677,0.4397,0.9234439475492336,78.14609685310731,0.17355092578212478,29772.607642396935,0.8581162733668539,41.61888635898011,0.056991572474669266,66.88389785975545,17.005976690515663,5143.878616305356,0.14911795613510725,2.1728833654411908,0.019377347902472836,91.9734847905736,0.00017863533097463367,78.14609685310731,1.0698146435062226,0.951012875856589,0.8908852406277303
44.69070300882597,55.640630189364344,43.52729588776369,0.056342152218412364,0.992162578325116,211.68763682483694,335.5635788129617,0.0004464049907613999,121.9907491379305,0.4397,0.9391636092894421,107.33726135815998,0.18376535588788737,20707.489545799188,0.852086413343849,41.40754454839621,0.05917471668570432,40.6583454791251,25.230844528703727,3900.8980152525246,0.18397490908909303,2.2213874568062213,0.019281579534595132,64.79724960696646,0.00015177878778007068,107.33726135815998,1.0626882825477733,0.9812348537709075,0.8955483728454325
52.43795546750491,65.36481908388996,44.31552774877929,0.05724854493261482,0.9991820367613907,281.88194353247,427.9349899229405,0.0005923914371570085,87.49494009821314,0.4397,0.939285288497879,80.59047967244868,0.18136248945266628,27219.060826630106,0.8471755643991151,42.07648730311948,0.0570205294784595,44.7977183087434,26.649480359980185,6943.836595803539,0.17817794313193058,2.280693944891488,0.013574430745276384,48.658910129232424,0.0001773051349418302,80.59047967244868,1.082950607237214,0.979354037500219,0.9369280407581954
57.162506092496464,75.6910518130525,43.18175725572016,0.057926212971478666,0.9901668832539078,498.44102737759147,575.494990246133,0.0005924690403501424,99.36648449865396,0.4397,0.9427631552559658,87.26967138599785,0.2285555496477207,31095.79176436541,0.8489304907460099,44.47454640957783,0.05647380898962976,57.447875038304126,32.81737194474482,4785.071525115993,0.12141983282671068,2.0461747808820645,0.025685232607383722,104.1084488024411,0.00014136932685638654,87.26967138599785,1.0250995362043647,0.9846175996789059,0.8978999007063925
40.09000249879318,63.77673444322781,43.57137824738841,0.056382942474104414,0.994646382310307,475.51886341708996,608.1837373161187,0.0004763837767836684,115.50304751339065,0.4397,0.9610868551065407,104.44581184513356,0.1547367762536473,32729.726493225866,0.8661532384505409,40.67685229893922,0.05974126861901633,56.27794429439936,16.872428126783866,4726.251985321451,0.19100912462970454,2.0080440519848506,0.02408418683820862,77.65187811182071,0.0001709996594444812,104.44581184513356,1.0847517788276753,0.9563085096201263,0.886688924064793
50.292586842327,68.3508700977421,45.76171404259361,0.0569275776636656,0.9941089866246915,264.5227424469003,349.72679545124237,0.0004651583082195101,100.04517356501083,0.4397,0.9348646279209779,90.30673398893173,0.18889486996552407,23974.323685584935,0.8507884961415211,41.623822983432916,0.055632718767665054,48.473827390579814,21.77201370565995,4288.769192998165,0.10789707973268653,1.9731309707777565,0.02119079081401888,48.34479978862899,0.00015809208947072014,90.30673398893173,1.0806703632793462,0.974103408438299,0.9031483084889695
53.545747987287946,72.93559133777416,44.32892300746839,0.05775599384518389,0.9847253515455666,293.0007295741798,396.7405921311139,0.000502002116451813,95.04974396940311,0.4397,0.9476161606481632,83.1437263440859,0.15375154555794412,22395.11365131783,0.8305614819221464,40.96150213974702,0.05942426951392237,30.19350927156773,28.18696189793677,7172.669695804064,0.21709356884527603,2.1408568026466357,0.028518171602433744,52.86043343189188,0.00016302396684837986,83.1437263440859,1.0623633220883963,0.9812411033434703,0.9454597958214936
40.59214578257227,53.620154556715384,44.07230035901695,0.05574602398610852,0.9856661167837365,339.11137468056546,433.67137765069833,0.0004583376182934801,129.2229790433958,0.4397,0.958691814011147,114.33495668705255,0.24306475661290095,20069.032240217755,0.8234906540303795,42.135684883686906,0.05531038399368402,50.2321158772867,34.598601637201554,6993.231974209049,0.24287440865280513,2.0091813690872176,0.015743742264204216,77.16651153847612,0.00016309217594425457,114.33495668705255,1.021838958059712,0.9706299512236148,0.928564779309858
48.02711115106776,70.03586546117552,45.20343379633424,0.05765967374099884,0.9884803419631394,453.32406399777307,503.9090662651338,0.0005959324903311126,118.28995389816069,0.4397,0.9393393234997154,111.69152089847091,0.22902094370310963,17668.34340836375,0.8275711765771907,40.667492095615856,0.05706764706426285,63.24971770740104,31.965486479157136,4857.956531473528,0.10894733088977904,1.99685654440556,0.01524064442929987,62.29235939919522,0.0001581497190003758,111.69152089847091,1.036175758441973,0.9552321730805133,0.9202804024175406
57.912697627673936,77.17953125525769,46.631163245063554,0.05529263412031895,0.9855539586092642,440.79378241792733,548.2400017718431,0.00044424427800491547,138.78328737751963,0.4397,0.9769263548301953,121.44368314046459,0.24821615992380136,22298.351372873483,0.8350864665302431,43.80397806951116,0.05815860527748933,40.58576918964549,31.92990123391779,4536.019371401673,0.20693771055408627,1.810134512061238,0.013668716311047779,36.051911813440114,0.00017113968067920677,121.44368314046459,1.049577007952345,0.9539570246670851,0.9388293735048433
53.432256177117175,76.39430861500804,44.27320773808774,0.05694534451176294,0.9873348619785992,237.87243096988465,362.62301974627997,0.00047382853643655374,120.68677162588344,0.4397,0.9787803580965608,112.25109267008585,0.24101605316960184,32439.556094956944,0.8420640472863824,40.517336962922876,0.05685019192070841,61.87611046232181,25.343650588495763,6499.3303068564965,0.21268516077154548,2.3689895925249647,0.020888795755633995,81.04699323920799,0.00014352079503943458,112.25109267008585,1.0952977780743158,0.9742358963176502,0.9262131075022305
44.75316726721195,68.9858138722987,45.525116955335044,0.05734851446516735,0.9878192122785661,237.33465450450564,304.78989286203273,0.00048587417514003563,113.8413048241645,0.4397,0.9271804140612507,104.36254286352397,0.18158127721160844,23376.190324212766,0.8735449607305126,43.326310468086355,0.057673032104807294,30.68187689177752,26.285982441729963,5121.396180706102,0.1481526749069758,1.8363565465923242,0.014107143653971609,88.91100660522453,0.00017095133705778538,104.36254286352397,1.0710791059352038,0.9699043043309564,0.9367801814164033
57.05562259263826,72.27413422898714,47.797215752209055,0.056843818657757283,0.9920772912187669,325.0196761682134,468.1852623575171,0.0004250128046162324,98.28794461275517,0.4397,0.9406291930640486,88.77985518852512,0.21915834123305802,21345.86331622444,0.83434523393198,41.338551624345115,0.05602000833293591,70.86035119415394,32.17160188161304,7084.036980317314,0.06754946233060884,1.9625229109865636,0.027377911568032362,20.010879628343453,0.00013100490983523292,88.77985518852512,1.0608074090599062,0.987182405469286,0.9260009901535486
46.960628468190286,58.31931434622187,45.13188068470831,0.05648660441245763,0.9843978008547012,461.0286168841316,564.068570825982,0.00047656496535402595,135.44461125639083,0.4397,0.9324783241883885,116.99048437160043,0.18065540874784083,29782.644891728298,0.8391759134801521,42.36094998428831,0.05784517258733418,72.75176434451058,32.39251172513519,6844.3802265936065,0.20723637801985684,2.3528517764044174,0.01608619540967608,73.68693160933826,0.0001319975652120034,116.99048437160043,1.0590741136324653,0.9833536308409309,0.9404980474119543
57.06689342288119,70.45582779163293,47.458785459105265,0.05685204129977706,0.9960858373175338,464.6254997286507,532.45010004376,0.0005713461440203946,93.78097059950571,0.4397,0.9312073757334269,81.6323093840874,0.2388211187929624,19311.689432518775,0.8333808723716064,40.999939808587705,0.05567279358449619,30.11076675410517,31.045491309442234,6334.024832136693,0.13149564764650395,2.241208917157407,0.019818620204721207,77.71614798825668,0.0001630405932235202,81.6323093840874,1.082398058529532,0.9789499676661526,0.9236805722860728
45.97887302237811,62.54649650751567,46.76203574553856,0.05545499112633834,0.9887507271354301,232.20975490595904,346.8045119976476,0.0004280722002913517,96.95598876812122,0.4397,0.9494587903002968,84.14788569916065,0.19107528699673415,20125.73604975365,0.852744509122368,43.651118397378596,0.05898048158044788,50.60182862129305,31.371425503691512,3923.7274444117206,0.09161425510035043,2.146883882512464,0.02059021529860325,53.206405422896815,0.00016500779341965525,84.14788569916065,1.0458904191171687,0.9892958704218937,0.8985412408551218
51.80640501766298,75.99180979503008,42.3523120899009,0.05564671213099066,0.9941248822336649,372.2891863896655,441.4814572411999,0.0005168043901652374,138.9112017727149,0.4397,0.9538296264880928,126.22575107754501,0.1875887541904232,33718.17296676605,0.8570252017776692,44.741379946341624,0.05791894956721065,48.62198731074011,32.59259718001764,6127.659851599801,0.1753300465121559,2.1964883479172235,0.016152930948709968,53.87312590381338,0.00017413806449205406,126.22575107754501,1.0275619843028114,0.977784427340928,0.882878269999584
47.93880135495668,63.61344869055791,44.574593228815544,0.055809698031869026,0.9816288496248163,246.70255913753388,303.0558939670675,0.00048132742761200335,131.88347680104476,0.4397,0.9455391224358559,124.93827130518287,0.24140687442333333,16631.793852344334,0.8519276519138296,41.10872643696498,0.05740966057409426,67.88475101637779,17.275638621838596,7154.115792699153,0.13738762113615283,1.8582360316876774,0.02476839242139376,51.765888232932085,0.00013648097428828367,124.93827130518287,1.0741634646231817,0.9536945093479642,0.8873724172844041
45.496501015101344,67.05809922008189,46.18991044721153,0.056793338021890113,0.9893993078824873,405.8387930008348,524.370317242759,0.00043410734522349094,122.90114422856644,0.4397,0.9363532923858416,115.24734351000856,0.23367402876198543,23292.623604868466,0.8771113990730164,44.76576603856414,0.05527333397916541,54.33247160954709,20.852787538099417,4943.85311874156,0.06751448973603642,2.285188406193133,0.02384145872467513,64.53280683279858,0.00012336416714318655,115.24734351000856,1.046321280632313,0.9531025191002956,0.9158712049932546
57.73115124343738,75.83830162599871,47.9202714746892,0.056325703221235215,0.9805643906435465,474.92997437867194,535.9994627092213,0.0004024672328898412,82.72443715506014,0.4397,0.9367172944552185,70.52466636204659,0.24664135533643017,26535.02384789609,0.8797226810592474,41.62636900505717,0.05749887167958361,57.511446147122285,34.52227067907215,6773.648410977531,0.2467349258133414,1.9500640570695618,0.02521622056442489,101.19398788592999,0.00015044830352441369,70.52466636204659,1.0460474269585405,0.9826347677363975,0.9480237866416484
43.751873638789824,56.49400519525447,44.750257746969076,0.05573342752745752,0.9935181998363113,336.4307877426781,397.0525325803216,0.00045466866069798003,88.90803327993085,0.4397,0.9795276893804439,78.00547787167136,0.15664880855744467,19605.21431229211,0.8702437593883338,42.78923583525951,0.0578178471518062,39.112770138889005,25.895523199279904,5069.310621646296,0.09893237404882907,2.373728386727322,0.02211840939581988,66.90260670929287,0.00017252042792260757,78.00547787167136,1.0563772188875304,0.9644281433441229,0.9331623180357306
41.69623182471526,56.50724360901704,42.55671272476044,0.05764842799643374,0.9868742015399414,224.92483240761544,348.91918872579674,0.0004123657921396004,114.99702221313268,0.4397,0.9754206424394151,99.55588283101893,0.17433388780388598,20620.249684694394,0.8683177686934181,43.50794975542788,0.05632833756703582,33.46791005986864,18.52927720083384,7096.766402553774,0.15219301109592911,1.9388247622764112,0.019203645845197553,119.36487066810608,0.00017828795121881122,99.55588283101893,1.039418721738828,0.9869713514624938,0.9342809869144557
46.8385387709132,66.63641704625547,45.372055048277204,0.05612176552087967,0.9989850562821165,373.7762587683636,429.29648208917075,0.00047535369425934703,132.24372464380235,0.4397,0.9245539304593615,125.30989313373254,0.18008577478670457,19436.907294973287,0.8419631666049765,40.99634308032597,0.058387951704541106,61.15489937321813,25.061112663990542,5952.9289377152045,0.18345765234620476,2.175218649739095,0.018978341930850323,57.6158674766833,0.0001714695777122839,125.30989313373254,1.0937362023845703,0.9547298974020589,0.9264650985362872
54.35278295283135,74.44558387310475,42.75938275274376,0.05633809515768967,0.9864824842920283,322.5550010407564,453.53191894555187,0.0005620419711398691,112.48706049342763,0.4397,0.9593930391197676,98.264311690621,0.1924352060954762,21903.711441212832,0.8547870103697199,42.223819687163136,0.0553838257435676,57.93041963862427,27.915683506071826,3947.401738489654,0.07301787287973832,2.1271946952073018,0.024330691232369306,89.92622561673052,0.00014939738698035632,98.264311690621,1.0877576337738,0.9579514804774096,0.9432441692847244
56.14863211952563,72.67002832166132,46.50911736167636,0.056229103229646984,0.9912761179603545,443.26962570018804,572.8845015649708,0.0005439370521755225,81.21051170903482,0.4397,0.9474126564490907,70.6638096297572,0.1973130045948536,32970.11510156897,0.8410883451369331,40.33913740332025,0.05604344540724248,67.45479302924751,31.564439678753146,5324.564659660644,0.19788201877215178,1.8858618563812013,0.01754070482111032,74.89656713907635,0.00017180293416426187,70.6638096297572,1.099287066477845,0.9809266999724008,0.9314821523679446
59.974867401335295,73.40455144126702,45.04606198477067,0.05554582886583026,0.9851477515138923,302.1033391779163,366.2426819856929,0.0005894767423403534,92.89889990667751,0.4397,0.9613288458319498,84.73192809597862,0.1791472428066738,23631.7469314333,0.8670613507704243,43.4852688801401,0.058687742586621176,68.01075513489249,31.243534520469357,3779.023512231784,0.17965776596782512,2.0177563006900874,0.01874519562224372,96.22886211225538,0.00013283825543214216,84.73192809597862,1.0971639036744532,0.9838989776691216,0.8980854387609827
45.9272411402233,66.75584283291344,46.34058821026372,0.0571948810462907,0.9924022525789468,462.4691601417768,564.3072248694737,0.00048540308346741384,121.21366897341527,0.4397,0.9558176423324332,109.77336027029186,0.22904504231450284,23356.580330468634,0.8303098683455101,42.083080598622395,0.05573611109463012,58.39658732878215,15.984829866648333,5022.272605269989,0.14875057946136033,2.2687756528433596,0.013273422384440688,108.83645690097633,0.00017527017907409151,109.77336027029186,1.0451564276170842,0.9846878537714332,0.914963759961953
48.15883902262564,60.691934646816364,47.216170961271146,0.056345374786806575,0.9893408470026647,282.11012229043547,341.7726713873297,0.0005415602797183705,128.59519417815937,0.4397,0.973355144004945,112.2102565926628,0.17232441444850566,22731.617603487786,0.8330003028576786,44.45822266319796,0.05622774409811308,54.22626223276296,24.070499739448167,6895.372370907892,0.1556659983337362,1.927552844399465,0.023592609126427598,71.16832931203174,0.00015401075766108285,112.2102565926628,1.050447836694463,0.9539655706100588,0.9083040097421808
42.73642556059252,66.78647093856942,45.773688102976664,0.055048771329678156,0.9874125652301127,247.25529076660578,360.51241274520453,0.000533068344420404,82.33998188983331,0.4397,0.9240192988573296,75.50876768691602,0.21965173132991128,34282.31453875148,0.8223216442522184,41.36995944286569,0.058254276739521924,71.1303721055333,15.411381123740162,4435.927900132905,0.24095900548806548,2.3777143889051717,0.011538494984695865,69.44792091786462,0.00014336181514812613,75.50876768691602,1.075860639224006,0.9652720920995388,0.8915773572676122
51.49743859246067,64.31599227800783,45.67463597551909,0.05789204110707939,0.9840737869816036,291.944113195574,348.2371144926287,0.0004434092606316519,83.03322274223503,0.4397,0.9409758747234623,71.38372146920327,0.23517683155920974,17345.988724396313,0.8565363804002796,44.618006621619635,0.05864420851905556,66.05688611335427,32.76312247332501,7022.044001094206,0.2321795674537928,1.977290183188564,0.029810243217609632,114.27190298935199,0.0001548984709298593,71.38372146920327,1.0212676722042586,0.9758554541241273,0.8955663945318488
59.95160074525835,71.56128618774615,46.52742177263779,0.057447290834786245,0.9822304268794291,210.47473754682395,354.9228231790987,0.0004607165010465317,98.29170808194542,0.4397,0.9791296475465351,83.73833372806644,0.21036982391595863,32437.50841878733,0.8613122955273375,40.705199223414226,0.05525744627311716,69.70912477354102,18.4781215103725,3959.7229606865058,0.07239666477425746,2.1760329956880513,0.012874751543392314,113.36595726300138,0.0001670404925920317,83.73833372806644,1.0995111108311029,0.9867518246672625,0.8999609751762891
54.01762020241317,71.48233573789385,47.05473000871601,0.05717067806227541,0.9823975826791335,284.3737900622724,355.1468635992306,0.000505965906679552,85.84511867705955,0.4397,0.930937120939437,73.67584162439374,0.1854158925892821,21543.221354559508,0.8202017371738827,43.03483233006941,0.055632947066261075,74.81284042232969,27.49749390335277,5993.321569467016,0.1237504106133801,2.171320223753919,0.017659567922368526,119.69967295932273,0.000134407290765886,73.67584162439374,1.0208674465652894,0.9595606012416706,0.89215505654946
51.904256808267434,69.69750077991284,47.214322717662014,0.05760727561155559,0.999980800350111,398.03529016460925,516.3247557594738,0.0005593314638011843,117.93623625353553,0.4397,0.9276400063703989,104.54891934551391,0.16878912421966513,34130.231834107064,0.8506471458396551,41.53904089936089,0.057230590029216315,48.15776044949306,26.412367425608004,7076.468002141804,0.15335428635392373,2.082466945299099,0.014755612657965626,35.64759152877949,0.00012611278816612416,104.54891934551391,1.062518874008185,0.9740137153392153,0.8952115879465012
47.84738185843588,65.47027558010956,42.2185811740973,0.057720421760816654,0.9882462145371447,242.6848935669777,305.5140360046887,0.0004923625468925865,88.65913873696763,0.4397,0.9637383203600345,84.0046787148087,0.1634346194403696,21304.544924873175,0.8426124723093864,40.908908054766435,0.05796397472416098,62.26205980308379,27.510588692857315,5954.952865439704,0.2339951691803563,2.1932162784994556,0.01581316251967683,20.35687236352775,0.0001639872062197309,84.0046787148087,1.0734960249704297,0.9557407718179403,0.9441475352716646
58.30597520571109,74.85598754579368,45.33714178078674,0.056012469119153314,0.9800385941574667,233.40949183597638,304.36913666865405,0.00044554830723510545,125.37535344309957,0.4397,0.9666461096010478,113.43017901627458,0.22441747391490616,16657.48726512641,0.8675428469091261,40.469685858595824,0.05726890617172806,60.96305168542102,26.26833245662816,6836.414233519019,0.21331266589080916,2.2461461662960627,0.016449064986081292,63.73103020731042,0.0001771481379799754,113.43017901627458,1.093131704636411,0.9798911484568846,0.9040267445746542
49.93833192260699,74.86055531505112,43.297615858785306,0.0568328760352501,0.9990585758125203,239.7155873763051,334.8105522646422,0.0005986931380560739,134.40577235153108,0.4397,0.9603364128604797,124.38886097776692,0.1969131997583516,25400.83768705032,0.8223334447599185,43.27821279414345,0.05823534996405879,37.836422099976,29.31177354733215,7167.709708724871,0.12729654059888285,2.171401782804533,0.02436673278108758,93.3340163360048,0.00015821868551845438,124.38886097776692,1.0715309056622488,0.9551009782667821,0.9379261682708381
42.68733826626123,59.98154745631996,47.1620753446907,0.05682642342761678,0.9803995984845962,223.2655022784399,330.5751164125915,0.0004231157612707337,147.93616646264746,0.4397,0.9665717497255956,130.50182640516655,0.15463195511673675,19557.311586198208,0.8229139413290847,41.16583966629623,0.058779964532609794,58.64468698618694,27.522199320463333,5910.63636975287,0.22724208110212912,2.1359967716003876,0.013534985463088976,27.285601012879983,0.00012855500724541348,130.50182640516655,1.0677575039762721,0.9899992995376895,0.8845072961029323
47.30756926398267,64.47676797508014,45.89038611122017,0.055801899006431795,0.9883717225110906,462.3906235528819,612.2769475920502,0.0005911777814982655,146.38848731464,0.4397,0.9616232943255903,134.96050998368713,0.24838395069426203,30059.796309467514,0.8572125459235528,42.86407206035524,0.05974771923753951,49.264017414550665,16.806004935416286,6416.149850246185,0.12563155912642468,2.1639764448436583,0.015277130843586798,57.36016321733858,0.00015860312216742342,134.96050998368713,1.0440287439320246,0.9536906759874976,0.9487266572714981
41.343333376955336,57.66982431767376,44.52133487419463,0.0556658567543412,0.9943495517194131,483.23453464895846,535.8271574580529,0.0005618092576860977,99.13556051646947,0.4397,0.9281462409373507,93.84351790263243,0.217130318298899,28146.112366559086,0.8554983312747858,44.89709361417639,0.056749403565647234,50.278601555117,22.335359020148804,3715.1466976070533,0.1042385871608619,2.041173552241176,0.012024121805408882,78.14594767876022,0.00012699792577085302,93.84351790263243,1.067273711596963,0.977413486241522,0.9335354218902747
44.03958075377563,55.041967074297574,43.12862536872811,0.055341721764457064,0.9982919848874352,213.96834551863589,263.9997874830446,0.0005677787038615703,82.0586721836221,0.4397,0.9564933138487104,72.68560971765635,0.2344182551426977,28729.383158447534,0.8698654013798806,41.57980910139766,0.05581552384252233,38.10620954343256,25.931868718693035,5138.317362668558,0.17197852531151991,1.8425239002789302,0.016629199974281535,41.254742505116575,0.0001382114851811947,72.68560971765635,1.0799761210393821,0.9810815533665953,0.9434701246951526
40.353375619998246,59.247725087242486,44.03414175551896,0.05697794258774936,0.994257725828642,428.02153446306204,513.0582439345568,0.0005589835166182999,103.05885512782376,0.4397,0.9666126009535719,97.89621901349443,0.19381886713170116,18869.78977221273,0.8555360133494416,40.17472138858364,0.05632042002144102,63.51327057611859,21.503948517963543,4637.755272617684,0.12118035096296068,1.8958190275096691,0.028824834867210436,93.11419977782361,0.00012189586207193799,97.89621901349443,1.0612473343164142,0.9603195913382657,0.9168137960105694
49.06559833000327,62.485114913351005,46.22266616724135,0.057342756973092344,0.9892725150980002,421.1455240151593,507.76116079540134,0.0004416341882609244,129.59360830988572,0.4397,0.971930996379468,118.42795197691596,0.24554386208080248,29172.60529770281,0.8769622497154901,40.714113071982105,0.05574082222525895,61.40734453552151,30.206617696137677,6567.067202389764,0.1744815119845171,2.1640224258238168,0.017602179653666745,42.953765497575134,0.00014925009744527401,118.42795197691596,1.0823708238629701,0.9601931467726496,0.9244176542740237
52.690805299035944,72.2549400024717,43.226157271269834,0.057282858938551014,0.999488840779682,499.0728273830121,637.4565509928752,0.0005265164754790484,84.18608464907776,0.4397,0.9347741145610224,77.86026995344889,0.16995250209241272,21226.620539606745,0.8388630785340653,40.596610047055854,0.05697122820986458,53.953056255097366,21.357954301099838,6039.2808452927,0.1319368150090449,2.3563043354504654,0.02554676608093065,104.06720152138185,0.00013928125113047408,77.86026995344889,1.0255690437499347,0.9738458820640008,0.9052573320537487
46.865849247578154,57.62835117680531,42.561497672030235,0.05594882613155493,0.9807863876606654,304.3611985163204,445.61945328605066,0.0005513499624901863,105.179886037,0.4397,0.9276458456563124,92.05519527588133,0.1685136122938816,34973.48056120142,0.8438752843842879,42.31641763602618,0.059362836329507826,37.052363605161965,31.57368348606079,5811.891200568681,0.2091538279253764,1.8154443291427094,0.019234078760001883,54.8273337677957,0.0001258513133907238,92.05519527588133,1.0468301960799675,0.975218983395199,0.9102421854681684
48.40763543010554,73.12844194890056,47.328172549365306,0.05561577955139561,0.9997378440507602,285.65269750712486,423.70519514305676,0.0005491371584203302,100.86241832828348,0.4397,0.9668654266149548,92.2194245974222,0.23903347347703588,29635.353261480126,0.878660479990175,43.72325284830313,0.05673529948472178,55.0589153410707,17.934674419629676,6953.611276148104,0.24086219467478265,2.1264211182373174,0.018991993686240632,79.86484473971105,0.0001385416381369591,92.2194245974222,1.0967851147251233,0.9788210390466319,0.932551997002999
59.18418545689152,76.2192616420816,46.5852620974807,0.056360842535363866,0.9969878310341688,335.92463624294817,400.24251129155294,0.0004543130741088155,95.35419450732837,0.4397,0.93539290070214,85.92372428086964,0.2391717064005728,26808.230148170256,0.8264514546023066,41.48222192890929,0.05574411351111298,34.50600399661592,30.387851299717497,3919.9240982931924,0.1040618357742858,1.9512368598055139,0.026479418880068294,74.4154007100006,0.0001588542071649698,85.92372428086964,1.0458755530452504,0.973211759507277,0.8834978047999233
55.03926243149831,78.49059300535879,43.198769583948796,0.05664044038072153,0.9985786003425272,456.97255314475717,548.1830366628645,0.0004362238775527363,129.42915283112205,0.4397,0.9219157686992533,122.39341832341259,0.19990194854990423,32342.35558431096,0.8677542911917767,40.72921385421922,0.057613164410114846,45.27174117640154,18.66930881570378,7033.828579972462,0.1520020168488563,2.137043943290708,0.010536389071475489,49.644671647760376,0.00013734489333002824,122.39341832341259,1.0697484241452468,0.9569786709588173,0.8825585934779712
50.817132738899026,67.95055033739305,43.75386926057995,0.05775726138390567,0.9850954484819507,418.57809276136965,543.166608990872,0.00046562459678290986,126.13679035170618,0.4397,0.9695128138189583,118.62755248289483,0.16257863553539786,26786.23399438854,0.8206941228796264,43.20383383164464,0.0599597190833007,46.75610292567208,25.560305608243247,3962.752945809196,0.19488648706051775,2.249794414640221,0.027297729984189598,63.90716238093562,0.00012858432704357582,118.62755248289483,1.0615907806133453,0.986965738986171,0.941244473340995
45.690817502236506,56.59577978084983,47.832421062785315,0.05762446946282217,0.9828491614456853,341.48714419025083,422.74825096867494,0.0004959688960754783,117.48458658240403,0.4397,0.9503594680286516,104.52219022437147,0.1805216458203272,26054.99733551067,0.8491907949642011,41.505901044246215,0.0559409060933438,69.75414266432901,21.410487459278453,4849.263168777063,0.08170381904142994,2.2412718793017556,0.01970416903200372,104.5973091892193,0.00015268784790154673,104.52219022437147,1.0949299210658172,0.9566644630285378,0.8877005348034626
57.9399359754599,80.27313916686701,46.2491069205547,0.057748174993905485,0.993266305587454,273.368852985762,389.6926558368171,0.0005147561494127353,143.75422477771184,0.4397,0.9395979879457054,135.80274377083938,0.22541523380344677,19746.312056107592,0.8292041402421204,42.87585174656116,0.05888937475878361,48.70029339499733,27.746688719540792,5868.985193269857,0.2091812296154737,2.2349314786908803,0.017022543703681184,74.83442856258971,0.000165193636235189,135.80274377083938,1.033021750112484,0.9726095407348753,0.9304720964537911
44.70194233761319,64.4246982826202,45.66313202528295,0.05755078715540794,0.9903171887597224,418.10472238051136,491.81900869962055,0.0005673900724638321,87.21971969111907,0.4397,0.920685746313893,81.85407202045513,0.23459919080013034,28562.239906508497,0.8559317022236839,44.66893279836376,0.05911679471787151,56.93114408816086,19.254808196831945,4829.314333922914,0.16659439232908546,2.267354079563662,0.028136699019178014,25.558696082733782,0.0001698084813723875,81.85407202045513,1.0439510479607808,0.9868001137864513,0.8939679958108261
46.50685461033354,68.23321032394271,43.84577091254478,0.057893743613308936,0.9904633592148876,456.35806041265886,538.6999862087397,0.0005538068455409232,90.47824571346916,0.4397,0.9221196466824769,82.24819836434509,0.1847654747744817,22492.88856498923,0.8678901981824697,41.45673477463263,0.05700669171750501,69.36505445567929,30.90819466703785,6057.130601859716,0.0799481047824163,1.8435664120925745,0.016797187035470708,91.3032290921324,0.00014832582678678865,82.24819836434509,1.088990184434469,0.986518783658053,0.9056346220492968
58.18129628845897,74.60384424109206,43.79475086499913,0.05639649999150717,0.9984923835696643,319.9853693202473,456.0283342550957,0.0005352301051333031,106.84147754535891,0.4397,0.9675573962336177,91.69261578435602,0.1561233681816868,15861.652556242607,0.8219825381410412,42.56245807243134,0.05809775719332262,49.15917474400334,26.471677327328806,6391.507029104039,0.22364591736081751,2.105746700350771,0.029553947101723918,38.245249779619364,0.0001626643452554232,91.69261578435602,1.0732962035818558,0.956716258992426,0.9005484873608586
50.59084110570144,70.15989226940113,42.23714171214138,0.05514242049229928,0.9924016181330653,400.57563374629524,475.6265373551947,0.0004526978585885521,125.91174363040304,0.4397,0.9493823530978919,109.04952004186202,0.21657266815727805,31321.235927399153,0.8298263635955047,44.03405956815608,0.057161867253755945,69.76665840318294,34.145463081853485,6582.620987788821,0.13534025190516188,1.9570670912232888,0.028727129985659093,68.60627635068477,0.00016999966490664612,109.04952004186202,1.0634439488535241,0.9595441078292383,0.9143234842909274
54.84635898835953,77.68979404530864,46.37089120141159,0.055250686096445435,0.9862212767020918,320.06360635297943,466.49601504146574,0.0004957760997869886,120.88555045717885,0.4397,0.9289833229577876,103.68201642693924,0.22394970414382936,16037.463332974838,0.8405566228697141,43.45859056248814,0.05631163468269986,36.14075906369879,29.235406578315896,4245.637323254399,0.08532386918492976,2.352762336601448,0.01535846424433484,66.85388807071128,0.00016037335383430355,103.68201642693924,1.051592031359295,0.9740740230823807,0.9378663040610765
51.81489588327533,71.28087752635363,42.25905135034131,0.05617082842531703,0.9880013311283575,343.54803144244545,424.17398753613014,0.0004670871748255922,85.18298812275523,0.4397,0.9415103376349411,73.32545752459097,0.19240146758636925,28446.00245681052,0.8353479379513404,43.75739087389593,0.0571305940003618,46.417942072198194,27.14791079006502,4255.476106279848,0.08907927286773008,2.269727533211683,0.016812054396473628,68.64869285502786,0.00015163628430499838,73.32545752459097,1.0529052346416408,0.9634865733231258,0.9412873863593407
53.0687841801899,68.28388870272845,42.02914402666367,0.055773061273818994,0.982669916701837,357.4731139864741,409.82592496880187,0.0004469856359101068,147.0897362622527,0.4397,0.9299183088522514,139.39624253194071,0.20830976116178693,18134.417829698305,0.8429931933883753,43.8628468742805,0.05547645068315036,34.26272620799091,31.583173808926826,3788.3305005440748,0.207101279953265,1.864526908415034,0.026243350920341024,23.101400632599393,0.00012359636202845419,139.39624253194071,1.0947938146211602,0.9792353295791313,0.8955431167635721
45.987665830296514,65.92560974578952,46.376970527165874,0.0555098217740832,0.9838462808055137,432.7177442066834,508.2078345869404,0.00040204907207669593,101.35453715229741,0.4397,0.9267728931908232,88.30176842054341,0.24873714975240832,23651.39033141728,0.8771120979890471,42.699580101670215,0.05853478056830446,55.241833317657814,19.393651355235534,5367.066620064575,0.23714323211699567,1.945947677418108,0.013912201645294529,47.238851920142494,0.0001374020624757496,88.30176842054341,1.073686048362705,0.9708961728373626,0.9036353949411643
44.82744123253326,64.90525406174427,47.69324254289475,0.05785961132352595,0.9828670014041908,493.25179523867934,560.372289463022,0.0004678923941141381,105.12808296481657,0.4397,0.9365784692404486,96.62169230498738,0.17449985993596595,32181.833170934413,0.8260723676464143,42.680310539511325,0.05914596515814652,73.0776927183511,27.654849217289147,4095.1210278455424,0.12564998445082987,2.0731321532988867,0.024639031281430447,25.073547271889456,0.0001391889094467436,96.62169230498738,1.094327870913211,0.9606436022377676,0.9385841801431805
46.4498469433733,70.85865138097267,46.53901828636386,0.05558625876523187,0.9962058268242271,333.3098487914697,433.99254541322466,0.0004512232535429243,123.65408593303965,0.4397,0.9529705128477438,112.97690503051501,0.20729776937992508,16888.390982282934,0.8453969265199462,43.59444790224224,0.05653699966685241,59.56283258945693,22.808076991897032,4746.9491689936,0.06576561506144657,2.3777451730838552,0.012583022940170465,61.495670262089156,0.00014370067505604475,112.97690503051501,1.0977748887030396,0.9664415167044936,0.8862744501354859
43.10883128166845,58.67251610479349,44.82984114374627,0.057878137816945695,0.9940974693594423,302.69450187428174,363.96610850706776,0.0005143804653933633,146.16158622218143,0.4397,0.9326003964687336,133.46226174714414,0.21109604135626425,28343.01357105242,0.847425482296455,43.488241350567776,0.057832384121899914,58.17340278069369,29.875819582928766,6625.56354941987,0.07016461589077148,1.8658039104726312,0.01411211053491932,82.13367272862155,0.00017705356219825877,133.46226174714414,1.0637606404882556,0.9776444428431296,0.8881827786974702
57.48628730581615,73.86251381852811,44.91627149736524,0.057282516520963625,0.990606900352217,312.0773019417174,424.68218966625835,0.00041246035405674244,126.38817673722903,0.4397,0.940620264877086,110.04244438996818,0.2049107196024463,27252.374849721706,0.8368205231097497,43.35028832014842,0.05616074266019718,42.517138450941225,15.489388189825316,7015.172193783661,0.18089570183877018,2.1407834211252776,0.020010116191773356,85.40741257092843,0.0001325325205411706,110.04244438996818,1.068791115618505,0.9814056543676294,0.9135706993781707
45.66493866500228,67.84678308280817,44.61681853589463,0.056922837016375676,0.9874873566725514,240.1667208125545,377.65662786820394,0.00045410391934204024,146.83413306833927,0.4397,0.9486758530373876,133.31579860134428,0.23691295579437957,32350.594927125854,0.8367103934612542,41.91067346071332,0.05563730225086406,71.89980413804048,23.554241930538282,6559.473410449242,0.12415034211793513,2.004772507904735,0.024917634536328455,26.45480036595255,0.00015249329466043764,133.31579860134428,1.0725091943256855,0.9647824396057827,0.9353101049278382
51.22978788828769,68.8162226094288,43.947862002662,0.05702805688026814,0.993369885806487,289.0816213453168,375.3335095256904,0.0004089538979976831,93.13137831743353,0.4397,0.9452017843509891,84.98739643854441,0.21050075319221165,18454.697426481336,0.8628851297049592,44.142713228024384,0.058318092825560795,51.21906531490626,28.034038036658384,3602.33417938484,0.1352262994691587,2.1878042050395345,0.024788572871023644,31.8889104964939,0.00017947308640165323,84.98739643854441,1.0871335202303882,0.9541994153345826,0.9035183326759418
55.83948850282748,76.88808489956347,45.13028528511504,0.05599442297097737,0.9962581069539153,225.93422398064186,292.7834959111823,0.0005282835809026872,123.31669502810544,0.4397,0.9277176679472774,111.85324062140313,0.200789002239129,30995.750092716095,0.857070630559059,41.18101444685445,0.05567053798253956,42.01509238706186,24.212786728843206,5644.887268819579,0.11740947562968779,2.1892240362136226,0.022178445444934903,86.15067786628703,0.0001571276736468395,111.85324062140313,1.0727257370085042,0.9641310802894378,0.8848602336643177
55.67648218751427,72.57212415431815,44.58690574284669,0.05693928111417485,0.9976246643134342,328.36827895377417,418.37077853221547,0.000513637911713725,138.02152243133995,0.4397,0.9223319381321533,119.88773678193532,0.16230150266611731,24002.423934826562,0.8687699211839892,40.77865983176356,0.05890989534603083,74.44649911948534,19.75943191427502,4199.976466440976,0.14310771319791563,1.944354892010411,0.015442253477918118,73.11876495533974,0.0001325346434206909,119.88773678193532,1.0291717937745943,0.9752188287835402,0.9477507283044534
48.76772517168386,62.00015229887436,45.58900728024465,0.0555600763548438,0.9909403245641266,250.20718079331465,378.80386293837734,0.00046749600461489465,115.6317127778393,0.4397,0.9221275236169364,106.64782938935497,0.22032091992934255,23572.87824986491,0.8443043933486831,41.72581109557851,0.05635877274375462,49.04057702076325,24.286985033588717,4952.688880344328,0.17870989057601294,2.2714856401836396,0.01830755728286839,103.3412008228574,0.00017761145590668647,106.64782938935497,1.0953944087643335,0.980393286433856,0.9457237925579973
49.52514617173451,70.70320381344968,47.388720483006566,0.05781311629760794,0.996397702436394,303.9220237923226,413.07079120028214,0.00042946692008710875,105.35215730805383,0.4397,0.941010741081672,90.32096622344251,0.16321073614947004,22235.6870167975,0.8564026616187803,41.26915620202478,0.059092566965013305,46.71745420842949,31.994890509790523,5140.508198922631,0.1582278327809572,1.8547574828008848,0.014924285331683208,40.51421672143419,0.000140177560143229,90.32096622344251,1.0728747486762908,0.9851863695454394,0.9256330991416021
59.894034978700496,71.86136251647115,47.970056503942864,0.05590538001988178,0.9902261190682539,438.0733248174819,498.1876461502422,0.000591583966553747,148.9330971022314,0.4397,0.9631281247122394,135.39805741361388,0.15265698933642236,22711.48292391836,0.873615288440955,43.31591256101578,0.056842522871952135,31.57325702844755,19.13678034596264,6994.586728123335,0.08284828483029552,2.2908833226524,0.015540348500815936,32.03422875763832,0.00012287224257591787,135.39805741361388,1.0895933817431633,0.9884776752903416,0.927731348917827
53.49194953958048,66.4707044925501,42.472459739297506,0.05576555953688063,0.9894906017837578,273.7782951767408,377.49701060944415,0.0005168784894777227,89.86911382776623,0.4397,0.9278753179237563,80.30937071380119,0.19885311630634622,25399.1925285045,0.8710797083029831,41.15508925574981,0.05684421296321492,38.02327379151072,22.343443272592864,5881.459434806247,0.1482577303887608,1.9271801151476964,0.016464480413971323,56.2024146137347,0.00014588170604758083,80.30937071380119,1.0539790196625576,0.9711745669797706,0.9453586745946492
56.292768862357654,75.69514360412079,44.30810083596805,0.057133488394582474,0.997308637112442,383.5683864026207,480.37692454818,0.0005358226733144136,108.76506692700596,0.4397,0.9672188069818656,95.17255069326016,0.20724452721477324,17135.996458469315,0.8752014035499975,43.282449191754345,0.05875286380336242,66.41361097825262,34.80671043000255,4563.558187128633,0.1421226118212683,2.1537475790949916,0.021976954220670447,83.70671349932715,0.00013443934177050288,95.17255069326016,1.0579773086312494,0.9852082977260351,0.9250704390313845
58.051079384384636,79.26012638726569,43.08423717460086,0.05696934615419855,0.9877274787252933,470.35442577458383,553.0656513767,0.0005062697506538903,141.1361626792462,0.4397,0.9629404585588301,131.3609166474218,0.249905406137388,23501.31739745916,0.8361385013516934,42.566113974203944,0.057551328873177356,51.72127970709676,33.25634337780899,5914.061426280383,0.1591474496107282,2.008385836141662,0.014151897771023315,68.59672413553534,0.00016913182638572072,131.3609166474218,1.0751085082178027,0.9604831207050253,0.9351888700519099
55.75179672458678,79.17211502760401,44.1127228435532,0.056353896755029914,0.9879182535808141,370.07875610886407,431.0948157141964,0.000561306649529241,143.03365225541447,0.4397,0.9202366094531367,124.09446003867244,0.22123267944552866,28039.62430119046,0.8791252710719272,40.7622503403763,0.05600488713204937,72.96936271163372,15.679366842533113,7026.715719194122,0.07213400620807678,2.165867895973137,0.010851390383681951,29.859326609789896,0.00013319735005483532,124.09446003867244,1.082112318906564,0.9723860685770146,0.9124461108058792
43.703586899071354,57.792384360309725,43.72483811129054,0.05689733870407236,0.9860982269056983,258.1377838317238,406.2489773937513,0.0005792760099096242,148.62674710918418,0.4397,0.9216048723789108,140.19933945139,0.23485903202275774,24963.847068766292,0.868983394928285,41.29198132060512,0.05925204274026717,33.77486114506116,25.60663935204029,3812.972846731512,0.08070542460854704,1.9604507089646264,0.023849093035983253,27.129208892642424,0.00016919124133426877,140.19933945139,1.026276696798564,0.971575397034579,0.8959601818704179
51.24341467475144,62.90427855375976,43.04722278976073,0.05547847921528257,0.9903740345658923,303.4298581897863,371.0341901791118,0.00047654210871952594,141.9393314585067,0.4397,0.9317019929322832,133.20388861487913,0.18463880390307552,18316.589376992455,0.8676884683624781,42.608633921516116,0.0567007660461788,57.71745490792943,16.308260536957672,6537.555604233447,0.1560488356215894,2.1413782031703064,0.010436128012116406,87.76936271588566,0.0001221702609920886,133.20388861487913,1.0525874266820836,0.9807477656470999,0.9382772506252701
42.037883146290895,66.37858303913033,46.58445632052774,0.05701998492220587,0.9908970006737892,377.11076215521985,446.3850512342944,0.0005380050624461221,83.56699177711887,0.4397,0.9233672546630352,74.04526466941356,0.20089146825799675,22261.034035832643,0.8600547160575196,43.66552651961849,0.055513883804192005,62.39928663944919,33.47809847315422,4380.831200570901,0.10508700850992668,1.8049189561281385,0.029415696357181366,49.696821141672345,0.00017574943907512739,74.04526466941356,1.0815885104235072,0.9809249139800901,0.9279067350634632
53.058442531279965,65.3747888516121,44.97773245697542,0.055811832085585586,0.9932092229062092,351.9833419279561,416.54161113817963,0.0004459774969092794,145.08365497392418,0.4397,0.9518805863162184,127.74837698133254,0.24742689906618556,23859.233488518596,0.878996078402324,41.99125822087338,0.057080005224614386,57.95324069090716,23.830898253700617,4151.188627430245,0.1758063377422694,2.024672674570321,0.01700571020493341,86.94824710171956,0.00012253161160710082,127.74837698133254,1.099378874411705,0.9614137183329183,0.9002693519904997
59.10698856375622,72.07199329757582,47.515473493303354,0.055818507930029376,0.9886100462021914,244.58595088307112,351.6052547529649,0.0005303710094324077,109.97170339847497,0.4397,0.922377635687505,94.98791236572208,0.19173885521427764,28377.496292659365,0.8464937936827888,41.1641632108902,0.05786980881584839,53.8444902056635,23.368740078560034,6835.920907224421,0.12455027653583205,2.2958336274373132,0.010131627446383653,49.49148830766559,0.00017631239063921951,94.98791236572208,1.0209313960957003,0.985434457362791,0.9236292885812581
50.254641286002226,64.62458308937921,42.195554659482085,0.055486539804831356,0.984356745837672,334.03890340717066,428.4058608554407,0.00047983112599531055,125.61334312196074,0.4397,0.9681587502797239,118.28164168917752,0.2307290424802384,33015.326450749955,0.8644923582857447,41.475391045468946,0.05804942666969549,56.02342441524199,20.458920636786214,3606.65804519243,0.09414694953308717,2.0778039519033045,0.02769170622829041,51.47942118435425,0.00012442147654988977,118.28164168917752,1.0411846581953388,0.9856597193332747,0.9371538787501166
48.65944985735534,66.60032016774966,42.40186807879194,0.055997131405108494,0.9973368412482775,362.9200084730745,437.8757266757301,0.000401356319880261,107.59931084169834,0.4397,0.9495777241367487,98.21161376950297,0.2025989117744496,26007.510251756372,0.8619286772793113,40.475585946366984,0.0591780392265191,61.02973161193891,26.376379607843077,6267.908665342413,0.1812789576654657,2.099556659393979,0.021996090666736558,40.981473141334874,0.00017235501615350539,98.21161376950297,1.0571878865523046,0.9879296610302504,0.8989241658436395
40.71685502836326,63.95923851887443,44.41964149758206,0.05599375318093398,0.9869200173447603,280.19981433727173,373.1421526394246,0.0005911055736845241,136.9567653629484,0.4397,0.9636772620003486,116.84854821870695,0.17239618515300642,28527.362562347284,0.863925334386824,40.125747505451166,0.057707034118967375,68.84685946368882,17.899974459867856,3914.022275601797,0.1287815339285029,2.1729461027483956,0.026347845896820134,118.37169615230643,0.00016987992225898308,116.84854821870695,1.0378353361414623,0.9683057730995668,0.9337706476105335
59.19549044658441,80.60368078753241,42.481663922424225,0.05636253703510681,0.9984588683968035,383.73365460195555,501.0858397081273,0.0005736883091077437,120.31434934259363,0.4397,0.9650421530561505,108.41525314894723,0.2080418637210883,16543.79250878809,0.8650878888501554,44.86564655998427,0.05611855241533675,45.13550899281086,30.979100010710944,5824.783062146219,0.08152249410194493,2.0605257593003894,0.018700494312719307,21.607029009356076,0.00015566543025644463,108.41525314894723,1.0221537758846122,0.9894965729658639,0.8850640372294275
42.060053682603176,62.6824169902427,43.576377578489,0.05557125851399905,0.9841470666605291,221.04802984556295,299.21808299542596,0.00045816731006920566,139.1881249787803,0.4397,0.9504058363802139,119.50412569931571,0.17180620283703216,34089.34058695186,0.8314453534672728,40.48204967182958,0.05630833165367954,50.684433619875044,24.824206896931674,5835.228845006046,0.21176179585405802,2.320246036634288,0.017083637660278667,32.725243386163484,0.00012215916504394086,119.50412569931571,1.0631634419284275,0.9813964532305719,0.9237464176898649
40.82158186609694,53.449290383937,47.91617845845974,0.0555790226084763,0.9912011495247246,300.98211006965505,442.5066876726931,0.0005995514628465721,93.5640030064537,0.4397,0.975521772575208,84.8976436366739,0.15030269898757412,21304.17380711046,0.8409430881821441,40.62443672555325,0.055504202941472014,58.61593139777269,26.32925782628321,6705.9937781692615,0.1363517423881229,2.0419948019089134,0.023103788860958603,103.6290180941736,0.0001572685684061769,84.8976436366739,1.0719518887231732,0.9761274952885391,0.9499253537643007
44.92133223009877,60.28657170298838,43.25375764490769,0.056625215714989685,0.990732301870589,441.28304983327234,521.917673551043,0.0004634255349113068,92.94881663284316,0.4397,0.9794144464313185,83.73723308085049,0.17358960154733433,22085.834993758428,0.8435352397495542,44.354820425398216,0.05867962144618131,44.13971785469014,31.81609495309041,6561.383390026374,0.23301406794452872,2.3655314605459505,0.01812001749782257,33.816173406052116,0.0001570707852496116,83.73723308085049,1.053284964879849,0.9672903188121672,0.9406462316179265
41.31060867836765,58.48668256966782,43.188706448472544,0.055386632214011425,0.9965729569585399,277.78544027244664,347.603343354732,0.0004917688372918149,110.82637611093509,0.4397,0.9415528811608728,95.12057239411365,0.16931438323550904,19456.85561283025,0.8648799888387977,43.31752617859629,0.05552970773249879,38.04522896760129,18.70297547769898,6066.591635109737,0.0886801857030805,2.326162813994555,0.021124171960418426,48.06968919410731,0.00015343184849863018,95.12057239411365,1.0495902463750673,0.98369724883233,0.9412960636602977
49.102356848235246,61.31374615051904,45.441844012774254,0.057066691023966505,0.9827770277350166,381.55305500092345,527.0098396882049,0.0005702518052348834,80.33260814737363,0.4397,0.9275518484149541,74.83673785824094,0.18709211771994338,16693.401435310985,0.8629748785431582,42.180362656226634,0.058029063161373975,73.477594055016,18.503661466842313,4969.971325515355,0.22527004692129465,2.0526526695953913,0.015556457562294878,46.278496827765906,0.00015789153428680326,74.83673785824094,1.098848844814359,0.9805655021989946,0.9276250006986791
50.32175602514225,64.42320155704233,44.98798974475894,0.05783184137758779,0.9981987434583492,323.00891411309357,454.0649751249115,0.0004609192702656082,128.49970684273808,0.4397,0.941794290718872,112.5955188528955,0.2388596903809288,30800.935802837026,0.8700019723141431,43.245117028629245,0.05798473697023306,38.762799995830676,23.41603345739692,4199.060689371253,0.2131819941398138,2.0194805247591825,0.0166529081346155,89.69855822578815,0.00017808644419471762,112.5955188528955,1.0582022818576136,0.9734223306096194,0.9122830989317091
46.25139898057168,60.876397039864344,45.48262978321707,0.056280386864993134,0.9906285634434414,294.938042724574,379.2518052089206,0.0004901080568775001,100.72376094656077,0.4397,0.9334012338208563,91.06923096983935,0.1887853073598676,19809.801634123454,0.8673111494734201,44.674924117652054,0.05892751778487679,40.472989293101286,30.72256482389201,5888.458533957424,0.07078316481764618,2.205976811340101,0.011643815264434428,61.1201178039824,0.00017973043485941802,91.06923096983935,1.0838455562593352,0.9898858354802695,0.9274050872371544
41.01920965149772,52.92835262643331,44.26041166925128,0.057703315939452035,0.9917221876782873,474.8395063730081,608.9826914873956,0.000533117433424651,119.0109542350115,0.4397,0.951860340023705,108.76457374986674,0.2345187627490991,20653.754706906264,0.8557620327633646,40.49688655717853,0.0553731484984271,57.84087452171666,16.170911070402923,5389.091275348485,0.1563362631300635,2.2531840492044375,0.025627439734367305,104.05878226309893,0.0001512297483987504,108.76457374986674,1.0429739337756643,0.9599784546237625,0.9024834635978491
42.23200736498453,60.485602743608396,46.960574159369685,0.055294949773377594,0.9902033258659554,302.9785154241151,404.8599403394951,0.00042609351095448565,84.90024923225928,0.4397,0.9427032560751442,80.33520132120685,0.20556130201315814,18635.925532125453,0.8283969091892465,41.21855513587666,0.056014556717555855,33.48157394646763,30.903404077974912,3880.5921442129948,0.1807365720292894,1.9115169463947528,0.016977016539477943,94.74271957390741,0.00012550803745735415,80.33520132120685,1.0864150602457467,0.9756701636514645,0.9186937976193267
47.69008755979856,68.26551050766146,42.831483308654775,0.055128872882126936,0.9807204981367253,271.0027704461055,355.67802027221177,0.00048447007373834353,91.94510515678857,0.4397,0.9488269648572074,82.6936961862192,0.15076147042225668,34497.7056059776,0.858127315553942,44.301502017353705,0.05954781188511569,31.532144421684297,25.015131871836196,7040.02280568787,0.149096438945451,1.9446271219118894,0.02949998290862249,73.11013312078163,0.00012803814261871067,82.6936961862192,1.0858959751359918,0.9628450866220669,0.9177775937314515
41.21056901653072,52.25954348868364,44.57035587504879,0.057164106632541525,0.989941813236132,472.7903946920811,606.7515536460025,0.0004618819874723253,123.6001419015353,0.4397,0.96579125456456,116.39815657863538,0.16887367129032152,30620.695945584088,0.8732235570182487,43.903196726505534,0.05786118414731006,32.880612171240685,26.235268998964493,4731.910271682524,0.12805261683718716,1.8877515099890958,0.015195176482375835,44.90617756190743,0.00016322105276040094,116.39815657863538,1.0414161697154418,0.9683137296136609,0.9180611245646447
53.96379451219827,71.18064103864552,46.13857109066452,0.05728306471894449,0.9852709932535398,423.78330678074445,548.9998134671885,0.0005353548611729636,101.39638389777302,0.4397,0.9364412584725111,89.7850514343305,0.24312780452080363,33597.99299961401,0.8585904618033838,44.971283607785956,0.05728845106555039,35.546864060359574,26.287718765583463,3607.7067539722993,0.23876842547274074,2.256415126912991,0.019501053605390513,99.24188095360314,0.00017891781523338395,89.7850514343305,1.0724683961713366,0.9635578597657544,0.9088391313316305
44.140410830496236,65.87357875951317,47.2094186416974,0.05752917472289726,0.9868537636075566,404.53991410945923,484.3273983737698,0.00042719387801207437,95.03053598099436,0.4397,0.9522484834783835,88.92422726812948,0.21041734461977185,32234.46734107021,0.8737375857146645,41.569544075360966,0.058738381327311406,49.313858796038424,16.123347779154404,6846.0850938147905,0.19016417194844393,2.2286411189874507,0.01611064401076782,106.59905540945067,0.00014616331342391686,88.92422726812948,1.074561198134988,0.9633822082101431,0.9046961281252914
46.04143137567277,67.26128330995948,44.217429638140544,0.05517045303519994,0.9929820319837428,214.86048262006275,325.52833414586013,0.0004465462958201875,96.01925505654376,0.4397,0.9401096749597213,83.88075266152923,0.2429546858572274,33125.93599090523,0.879943181088214,44.724431985692725,0.05951265225544579,67.31672895590211,19.995415954362898,5677.383167534399,0.2431739755128982,1.9134322885910258,0.023878507498313474,103.6282511108605,0.00012588232475469895,83.88075266152923,1.0554092423154975,0.9650730443389429,0.9031248160047772
47.88251554356195,70.10861198684327,45.40647359456251,0.05733072116487049,0.9899539425894821,239.36148821473273,326.30051056671243,0.0005422752407504965,95.03735553078468,0.4397,0.9670976518472397,87.50545277250797,0.1810120020303453,24580.68103698386,0.8415521339814119,41.71844415647502,0.056315048184747744,45.38873518929873,30.105949030293957,6239.018424781143,0.2192460621706383,2.1221248716926056,0.026167318392408406,25.171376761150203,0.0001411826731502969,87.50545277250797,1.081902405030195,0.9522671830587999,0.8957311600795631
48.33219266138296,65.05580215894207,42.41483967004357,0.05612961619838975,0.9818643642533492,391.5019891428989,441.6071863989377,0.000431244873944823,123.59956646013838,0.4397,0.9583721979444618,106.15487189224622,0.22165623782827426,18410.828747142008,0.8633973816608711,43.57546595592746,0.05950737814405672,49.238913659133885,23.245362389785672,4149.598465063385,0.2134262796432312,2.25854361552204,0.019740214610357548,89.79586828554397,0.00014310061662723135,106.15487189224622,1.0445508208957592,0.9515944433339182,0.9106983071456494
40.03321415349601,62.341570393093924,43.021914528670976,0.0559100128980466,0.9814608254952352,262.8298509578781,409.011425097906,0.00048440385244797793,91.738385012862,0.4397,0.9205102838306367,87.02349398728424,0.227202515989726,21537.60668715089,0.8523975179560304,44.413714738107934,0.05554347313020377,57.01129917761401,26.210339645037084,5056.580426493751,0.19512645806000195,2.3682171976460236,0.01733855114812424,90.3938636282077,0.0001797957200331159,87.02349398728424,1.0587417471294094,0.9789968904869721,0.8882421957544836
42.24140741997395,55.852703488188,42.414828974796684,0.05551907176402989,0.9837131539123474,267.6913956891077,372.6543032963914,0.0005425761444185237,105.38944514259232,0.4397,0.9596030804663132,99.63451115948517,0.24756996027362554,20849.03033963407,0.84729830804249,40.85391047629181,0.059888415238649385,43.59649915306925,33.897372440530944,5922.220427329487,0.17921584842905336,1.907113592478619,0.024895026381276924,114.3075539896171,0.00016119500119766324,99.63451115948517,1.0992121364663834,0.9624363421185422,0.9431101479624656
57.255291274817566,72.6674496960803,46.36728535199113,0.05798804726530758,0.9838177029314444,433.74155460308316,543.5848147696615,0.000553093676886001,128.15208059154165,0.4397,0.930209720483995,114.59632828700619,0.15181764831689606,29342.676752027128,0.8343920247215476,41.028193275176,0.05582425912549805,49.464204544559124,15.925435366347225,4503.4729493874365,0.2273724182224724,1.9825978679338134,0.013829100881280504,46.34783667290335,0.00012707196516424478,114.59632828700619,1.03429405373224,0.9508485844329388,0.8848778659799533
40.02466125023816,52.66999489650518,43.72835981233285,0.05519099076795659,0.9921660151394273,285.7774846510828,395.76662721881223,0.0004189762357343337,115.95697401433554,0.4397,0.9634684274121823,104.63882215795431,0.24522372151232463,15513.453726146849,0.8347548757597558,42.90479324016173,0.05633118184301147,47.384025908896234,23.993607313476396,6125.396202662968,0.17268195453261265,2.0090038701834443,0.021989326764242638,98.63468295099256,0.00014022460301654495,104.63882215795431,1.03182261776138,0.9532592462630695,0.9386193100323996
50.1633471162575,67.17561520768608,46.34247174115103,0.057481024043824,0.9835562892809109,221.4761906455748,326.54033672751507,0.0005703991218838956,121.80966095428387,0.4397,0.9540403200107275,110.8196871417365,0.18915902176041652,17840.84429835954,0.8310983372055982,44.21912385017757,0.055482969700458205,45.38475937425089,22.22548265695796,4441.013721625953,0.06505768018503832,2.1749864154799257,0.024672489205458392,88.90965001623132,0.00012291352274993556,110.8196871417365,1.0313758949917518,0.9578339696494416,0.8968873885855067
49.79004013014416,65.67094046637581,42.39838967425965,0.05691848330647158,0.9976343884654955,210.92958419295832,289.93436867031767,0.0005447944602259933,97.5634885624624,0.4397,0.9440889606633905,85.61232765899611,0.2337992405744867,28657.702405097218,0.8578890103899365,40.394747676110555,0.059018382534433,47.47769262669169,17.128988523894822,4352.860177703542,0.1665127037986603,1.8818513101253922,0.015385392227581453,107.87269711888662,0.00015918363048668697,85.61232765899611,1.099848741746766,0.951928490250002,0.9397253425634543
46.66188322021276,60.27578996642744,47.17528680244995,0.0572052413327856,0.9841952132122682,332.9533961735863,480.11100866439193,0.00046785891773866277,145.2900411215644,0.4397,0.9616439857524355,133.2959332089576,0.20447129182210838,17468.847076008828,0.8285231857985862,44.25440404877952,0.059921160310208395,30.500296968542848,34.015886975195954,3641.8487409373784,0.07056703031735495,1.9160574415508358,0.023113986802280388,89.33080303141232,0.000160364356132624,133.2959332089576,1.0327930621274877,0.9878458881759897,0.9304186336323059
48.626540402928995,69.90325104139072,47.01318118866655,0.05713515135976539,0.9818226289085277,385.13857330539383,497.3054145569223,0.000552760570466048,108.97154738214348,0.4397,0.9713955971521268,100.2381529011996,0.20646495430333656,15965.837015408004,0.845883188189023,41.71560264772548,0.05648488254284884,69.88173006547132,34.229191794970866,4614.864283271904,0.23986021402448532,2.268262102435192,0.02470452290173852,105.24545367334454,0.0001234498047044348,100.2381529011996,1.0352191389465553,0.9727344352063729,0.9444682584883441
55.61162275053169,70.31932433220638,42.5335724583017,0.05757530345521955,0.9975149203271929,460.66557001754086,577.757706072937,0.0005456597730681317,100.08747556286342,0.4397,0.9667246228317243,90.32971228785792,0.185937788818645,17184.303292223816,0.8513999943563316,42.031133069862506,0.05662805980200897,73.9806058851911,21.229763083788136,4488.252451307346,0.17933379522025727,2.1252321995136425,0.01234833258968145,55.95753470369946,0.00014013119647792577,90.32971228785792,1.0755829268325938,0.9657609747912773,0.9409163081900491
56.82407412429913,70.91613907648667,42.14253903874312,0.05555137620956833,0.9859065515215346,233.24131850979177,328.72059424149677,0.0005201782453016771,143.30283288409305,0.4397,0.9527227565943145,123.92457392801802,0.23284725903781975,28813.483060861927,0.8462940686313382,41.69930547843778,0.056394899516900014,68.81232861372622,33.93433221378157,6351.6836040492535,0.16112925668267136,1.8962317389170749,0.016478149686783395,35.76244207321024,0.00017417030201622076,123.92457392801802,1.0807597299843914,0.9713084893541075,0.9290761266497887
45.206970868305,57.17032583106243,42.337732877891945,0.05500247385050406,0.9885084525966747,259.0018478864889,337.7879879355672,0.0005116962346811689,125.87027306850709,0.4397,0.9633616592155718,118.55955068406793,0.17640135708378335,17786.505188094,0.871295770808435,44.55739952303844,0.055774140501074626,30.258402332440873,15.703472134485711,5650.955662204515,0.08956422654661755,2.0330596488049353,0.018126120958683767,56.335203464592425,0.00016960896180448826,118.55955068406793,1.0621649044372932,0.9545128040343646,0.8906175176164314
46.449808819354594,63.03213434638383,47.1217810388804,0.0567955854671298,0.9991805276802489,358.94018327224137,415.3750814897343,0.0005469406977799171,122.97621041969154,0.4397,0.9448348732635652,105.94455968216631,0.19922413861786065,17926.087222729628,0.8465901615876316,40.65397163291419,0.05893722108369346,63.789849601257984,34.61791980672404,4240.168141435403,0.15315340997495608,1.8806965171990397,0.025519147941197955,101.50516888452447,0.00015445275418867298,105.94455968216631,1.0986135295334096,0.9780738232004353,0.9184331723863242
44.849657060566656,59.39412649312619,43.40822093431137,0.05606157591797,0.9988873843831555,309.23250867259253,394.25552832938115,0.0005998519803410908,142.07142565163176,0.4397,0.9673415672937877,129.6994505027901,0.20601744987674753,19606.003935181987,0.8249699255778581,42.871372405881715,0.055303599200045614,55.78950776640211,31.71864032817329,5645.258895415814,0.11850620076586844,2.017614000742105,0.021350102658250797,33.164997767862275,0.00014907740162847623,129.6994505027901,1.0231127104256996,0.9887836197693047,0.9037879637537816
49.5972680110213,65.13636063113583,45.28963990714913,0.055371361993351416,0.9942983377852983,344.7612353736484,412.3709783004876,0.000515710449863177,84.09782003899691,0.4397,0.9697431134973691,72.35009965772336,0.22425210934274883,30018.214083930452,0.8795319724703589,40.74054040312896,0.05983887065237141,34.237870995348764,19.28660441622428,4411.596926069175,0.18507723360172817,2.0401195771269816,0.018991229462738207,83.79451792950779,0.00017957111472401957,72.35009965772336,1.0696656695239026,0.955226285423166,0.9420042944948297
53.665167153176256,67.20512609248455,44.55746521908034,0.05555841626231272,0.9813787790346511,477.23739469526464,593.4462215209658,0.0005617435743524496,138.6375658405306,0.4397,0.928237630212584,119.86743563262739,0.1971635337041537,19007.05824521552,0.8706990154636127,44.642973150474205,0.05963657762254524,71.97866106958189,26.99094307869177,5131.808208195103,0.17088195949187146,1.8672662469752377,0.01637544897341792,118.75560551846307,0.00016333173357114763,119.86743563262739,1.0685175455521294,0.9561040049036315,0.9410559945838349
44.565057509268414,66.01238985656693,46.77315315737161,0.05599524793737767,0.9918668025082279,363.46749615940615,501.3678846396781,0.0005488547434631166,127.45050550135707,0.4397,0.9342818815756369,108.59469152666549,0.21802828988394937,15707.507934484143,0.8596026091243599,43.9896565676781,0.05559219542642123,64.92977081501866,30.965987247386057,6797.549022190367,0.14986141800141173,1.8359000557116252,0.010081227344497675,109.50148757955442,0.00017715811267174874,108.59469152666549,1.0456995829829128,0.9751465353934174,0.9019826216679098
46.61471484109733,70.56476505141809,44.933389808824025,0.05521070011266011,0.9997815587008452,324.53618318362277,404.811669008188,0.0005711616804067652,105.19949563460905,0.4397,0.9361993242409495,93.24214312476398,0.19852940963479754,33117.26711151881,0.8653794172485164,41.169096371305386,0.05764761925605241,36.53833289016421,21.38597928015558,6189.322390259377,0.10054820028887018,2.328961134154518,0.01040440181927174,87.11833283289502,0.000124295112861191,93.24214312476398,1.0919552376062278,0.9560771970941129,0.9270189705494596
58.60769235178301,76.07667014361633,45.00396504396762,0.055170739606385355,0.9989383245684796,496.83197200992345,580.1202345513282,0.0005909049722768276,97.94459397666989,0.4397,0.9299649031389255,89.51727033885679,0.21593206369585946,32526.368485818457,0.8276914419852907,41.488891340440766,0.05996425679322168,73.38186433620731,22.07503584185659,5943.960060124403,0.1551486260802243,2.3325888537841313,0.014808924514725172,99.2630326828162,0.00013272906938151312,89.51727033885679,1.064230536488407,0.9550421115299906,0.9036799378940049
40.97138579693916,60.616362147051646,47.934551636999416,0.057748078764497335,0.9821200498503988,219.5647009698609,336.60115135276203,0.00043861664149216306,87.33641299170904,0.4397,0.9435521004138453,78.79093117975556,0.2174143476208148,18696.38001792945,0.8659548876461904,41.907576639813385,0.05926309624524213,35.678943876478804,27.579455511858534,4613.3404175597,0.14233937714904493,1.80154732512759,0.012333812116701853,31.64764540656217,0.00012186666214469281,78.79093117975556,1.0397072214526573,0.9768193527028056,0.9274733346773923
49.21539210479132,72.22297625389191,42.900777340495544,0.05593630824806109,0.9879193460618073,479.63403451135156,544.5611779354751,0.00043309192727902324,145.8751919172683,0.4397,0.9315819926869767,133.83376594408645,0.2209441560529244,20306.851795469098,0.8324649365027257,42.02708837647718,0.0585756686297928,50.46059453291775,17.941881018668756,4048.4939936276824,0.22025317549246515,2.1847224578544817,0.012391731940555508,69.88337625135698,0.00017207505688135054,133.83376594408645,1.0270686812960594,0.974746298695382,0.9229709731075579
54.231160831935554,79.21360539194043,46.98422363247559,0.05794669209242076,0.9863107349180568,350.4985526196449,493.4422952874148,0.0005172703656829801,89.93384723306754,0.4397,0.9557323586555966,82.51447445940816,0.23232997938603261,18771.151428872818,0.8493385677744385,44.08671429316028,0.05511230472720451,37.15390796966278,17.36421219444817,6310.616343479764,0.228867468272557,1.8562074045233878,0.022054792481328925,73.19124232729915,0.00016165388646991984,82.51447445940816,1.0285695114830542,0.9587094804322658,0.9157663566716455
43.00908023114948,62.211827502096966,42.31049847362331,0.057893101024991206,0.9825945621380981,351.12690133014144,437.51157943268976,0.0004898590125773009,98.1606975011619,0.4397,0.926096926573857,84.81254812417,0.20407225609599172,29390.6907792346,0.830678967359457,42.82266677654595,0.055341887226841205,36.7585857776057,19.996105562388486,5644.405384372043,0.2018498308216819,2.2860849873187905,0.02210910646440389,98.26957596259231,0.00013065909917052825,84.81254812417,1.0917863397016017,0.9829271579530771,0.9414884209847338
40.94748040010964,64.29417239820768,44.86589261743782,0.05542771384698134,0.9938959662249752,476.5893002609628,536.7092448536403,0.0005141445385838338,128.37750256986288,0.4397,0.9361951491816054,109.85696044989551,0.16932781638698932,20000.17768378464,0.8652270978599315,42.13974657445864,0.05897008549221346,73.55125822685746,29.825194906940627,5841.936611367254,0.11392799132246219,2.327737435292251,0.01089544218874686,48.25933457115659,0.00017845143644652764,109.85696044989551,1.0400247009870733,0.9542100338128238,0.8972235185977573
42.764107432770615,66.39323113110524,47.318008943598144,0.05714477290868857,0.9854769672872047,352.1971938779209,419.665594369985,0.0005596085468971017,129.71067065201947,0.4397,0.9599312387567814,118.36563243356463,0.21796408416190555,33628.99514757004,0.8347560328307467,43.59722328468176,0.056882224270954844,55.74552516265531,22.331984528231132,7110.407949764944,0.05761790208363074,2.1699690932221354,0.021878705036008264,30.648528644172693,0.00017734783335688226,118.36563243356463,1.0925604241289395,0.9633029959701015,0.9358226665009243
58.37646387061366,80.248236187728,45.99128379362473,0.05680241466738121,0.986897316062506,331.52212715904466,474.79673475979047,0.0005863428960098492,91.25380932218158,0.4397,0.9439127073880009,83.52665854093688,0.1577118083492162,31552.82048767138,0.8351925051095015,42.289324381719034,0.058342159387295235,41.662871296185116,25.147164433035886,4853.955312601936,0.23506719184877573,2.167893274321765,0.012916371880674031,89.8113842587167,0.00013347586829548242,83.52665854093688,1.0296094327039194,0.9795547057521451,0.9282655406080604
40.18519563642247,57.099166502519125,46.1112877161968,0.05707194121931546,0.9818071775340284,281.7465776351597,356.4585064720617,0.0004834831650397116,136.98918125359393,0.4397,0.9452877645112044,124.0670429533428,0.1718955022461184,26768.022551393464,0.8265533409604179,40.64120008442395,0.05869590813521579,64.937971688994,18.909011136150653,6482.691105134954,0.24840245033173386,2.0228889054322345,0.01754451469614479,69.25941295713304,0.00015882058518256265,124.0670429533428,1.0987148205607964,0.9745560484084965,0.8996887508839487
43.766439496227036,54.983749502585525,43.57990369353891,0.055288573000043424,0.9899593511755733,397.64503004522624,513.8719104283549,0.0005435865291087249,115.72010884234538,0.4397,0.9678755151775034,101.20605845123204,0.2292157528664799,15178.764494274265,0.8632363874178323,40.53744592134764,0.05711092088762544,69.38599796861283,18.88211334699144,5612.244627140028,0.0754041524645016,1.949681381617717,0.029793677193351645,104.22940597187164,0.00016008617500413514,101.20605845123204,1.0866679256689848,0.9740028381261413,0.909518002822763
40.62567025803289,50.8627535896349,44.511448748168725,0.05556568023590368,0.9831633572730412,370.89352729392846,436.51004964775495,0.0004393598375682819,139.39196746805763,0.4397,0.9790706931974592,129.78458822283127,0.1935070144330066,32673.388128333332,0.8377506778468526,41.62978339897586,0.0557169087535039,71.29217715545005,28.0090251846962,4446.935805336992,0.18712320475664052,2.099562497491948,0.020440107264408976,68.1489693538685,0.00012024100530128695,129.78458822283127,1.0292982993277613,0.9774509651578857,0.8848309919366156
42.21258935124406,59.37059885048793,44.1994863809943,0.055229915984352645,0.9886418084715898,264.30363108433494,333.71380031921274,0.0005069103898709047,86.10997728932811,0.4397,0.9539040669952528,73.84521280347914,0.1998044167651217,29555.232930651084,0.851096800792118,43.014351188075864,0.05693347251539606,71.98432369350924,17.167505037369075,3790.3979951517304,0.13502930709794408,1.8802303340859323,0.010683760267246902,104.6270779188329,0.00016132678753611,73.84521280347914,1.0268845202253072,0.97585850899355,0.92183036603923
52.402985732565924,69.81770373558518,45.12865926094796,0.056812402615651215,0.9828668444420661,412.8238745183974,550.7476964083952,0.000404360955556104,82.99809993655828,0.4397,0.9247440302878165,75.79645265419035,0.248739691848353,30758.147930820127,0.8399346134420224,40.67420663824117,0.05935524221159302,70.75118233898829,28.356814544328124,5817.639211160258,0.0797040809678159,2.2033349369165482,0.016953164033584163,70.7835001818419,0.00013328041168632324,75.79645265419035,1.0842749745937215,0.9849708295916113,0.9421523662182857
44.832778174781716,60.9432139927263,44.77336758086201,0.05795977322754728,0.9990769977990029,393.22605720099216,458.02937921124834,0.0005007501134266193,124.58932670460447,0.4397,0.9261741784534182,107.40112691718163,0.1735172485848918,16436.50409143982,0.866482075529334,42.75067085348704,0.05665542889515989,58.75195781669568,23.014037046978125,4671.418090959264,0.2496202621931134,2.082052137227831,0.02341796317673532,98.26985098229143,0.00017407912503611037,107.40112691718163,1.0262453004231744,0.9727506939027998,0.8882472896378615
51.384241008613536,69.906751277984,43.961390111261935,0.057015953612973826,0.9828996506639428,319.20016526196224,371.07522393559015,0.0005090672918251,90.50166579768718,0.4397,0.978110043321765,82.84927677950407,0.15195527495359346,29171.203404370845,0.83358901938964,41.348048224043666,0.055313247212972864,45.41099924131757,28.425418272352513,6103.722047331148,0.23664577089235483,1.9065609036185585,0.014491957692701798,92.07451789197667,0.00017031042795357095,82.84927677950407,1.0409744788539808,0.966051379294463,0.8892398922004188
51.80390765532252,70.08634820488892,43.83288367422702,0.057132284605065795,0.9904377430770126,201.32027657106516,301.4435955236928,0.0005470890671556662,116.746433201331,0.4397,0.9607540947649083,104.11126779959227,0.1611372609517844,31091.789472482873,0.8764500700027835,43.47706707804146,0.05979565708592391,71.6505454847497,22.634589540309772,6122.617782258247,0.24652177525654273,2.1529885516735696,0.029288984739171527,46.60825403801307,0.00017431761508025743,104.11126779959227,1.0840999847413417,0.9806435730878339,0.9132196796720365
56.98870666179558,79.53790227728598,43.505117349930735,0.057953755124629844,0.9839395965063797,333.9743450528563,470.24702637914976,0.0005298969580413984,80.98761314991562,0.4397,0.9651481471000292,74.65521642298413,0.17445018596608297,34132.707123141096,0.8392803984933824,40.141313505881854,0.05840338454486934,35.51234376001737,31.921043672989967,5239.657684149579,0.07877925087402902,2.2771967019514374,0.01850587395781831,50.93983250870408,0.00016545323774066082,74.65521642298413,1.092606400987866,0.9603695877797962,0.8996861072840486
40.09482785823748,51.72468440717142,44.19028348130855,0.05703403466251539,0.9815272360694521,201.8174351390755,284.416539680638,0.0004716793468611603,134.595048238374,0.4397,0.9605458254611325,115.1082722036229,0.2225920024396469,26609.40945564871,0.826231097277445,42.34511715740287,0.05770428375968783,37.59599167728679,16.111123384313085,5531.029620622552,0.14838490506459892,2.1532796770002784,0.01042174613485421,109.91955225192292,0.00012989432631285505,115.1082722036229,1.0814121646606951,0.980383681430074,0.8993850237989659
57.067389186847336,70.44505417843052,42.89964886760436,0.05512054471788541,0.984046172376842,222.49954678971196,285.315773854283,0.0004011461801426243,142.9671119124951,0.4397,0.9307770561017092,129.45790629910033,0.2275822031984762,25160.837039985432,0.8344183139688959,40.26132074507116,0.05914553673340619,49.52223932230622,32.86594623624354,5855.568687604467,0.22915483266427283,2.1177968469939263,0.020811323292259175,43.10071276300043,0.00014163325877931095,129.45790629910033,1.0911914256602298,0.9611993591574615,0.9247069093881766
52.38238172853948,74.27745641293393,47.23262581202144,0.05760101680256979,0.9810954821478087,329.1829707442502,477.40605370081397,0.0004230971747245898,138.72179333750017,0.4397,0.9469017296494857,119.92329653163651,0.2065488954014114,23507.935799638235,0.8244364557440305,41.6525388763766,0.05705580339048548,42.764922399593175,20.373223544761906,5286.977797680269,0.18503168915580814,2.308630486878486,0.023523792487050738,89.75005562609415,0.00016253588841518517,119.92329653163651,1.0647910650429941,0.9692152303380399,0.9087179464225003
43.25486972209915,65.97242273045397,45.612716351000564,0.05609403487113639,0.9827879476624197,224.5759652555983,342.24982820453965,0.0005946121307034904,147.08469692052927,0.4397,0.967884826257162,135.05878192940614,0.17550463986981613,29025.753619292875,0.8481243238595455,40.077875721434395,0.059925578970052976,57.70797664007421,15.850844199309632,6758.534181416659,0.13692036065831675,1.806453231000498,0.01911982354103471,34.51201319973047,0.00013939950259549274,135.05878192940614,1.0823688929639608,0.9795677327296244,0.9391253291222531
55.458747762705684,80.3811109670187,42.80271855356313,0.055013090864544145,0.9898696831552644,282.69963013614984,417.76869333096545,0.0005844666316630611,143.21670282611527,0.4397,0.9719817777765244,123.45216240238639,0.20217418945268237,33416.42609429227,0.8350150732434081,42.345493802889656,0.05928786534698911,70.73858653340804,26.248088437643652,3873.364470899141,0.15333884817591553,2.1700485767007778,0.028563416795477324,95.51583712492418,0.0001626019760170045,123.45216240238639,1.047534906279154,0.9751063699128616,0.9100234284520509
57.109830835811714,80.20351108161798,46.16315600525401,0.05652170253268246,0.9930363104211515,396.6474105676905,521.8612378005829,0.0004650186326162291,111.08126128032556,0.4397,0.9342401308847823,95.23644492054648,0.15149575559339343,26995.100974320714,0.8731627626666926,43.83507934239006,0.05640272370827995,52.09640968676014,19.487084607621927,7127.345373950755,0.05772032094021125,2.0458153099167404,0.028038643349312123,42.32898495793264,0.00014016952349835628,95.23644492054648,1.0828171255196812,0.9534275618118399,0.923069283714875
45.08526967508315,68.43375478116812,47.08599880798784,0.05781104500262879,0.9817467963014357,292.5846027828257,412.40883018174475,0.00045177058798477756,107.88437459105526,0.4397,0.9557577074500292,99.39519911126321,0.21818009427417961,19545.672830166797,0.8510277172132088,40.50110018872972,0.0568552399358882,54.92417670383395,24.184062463682395,3720.4232810698127,0.17230343536285844,1.9161396891946016,0.012779201463055157,79.4065372751316,0.0001306637672610725,99.39519911126321,1.074379272593959,0.9678623870754393,0.9078523965207834
58.37587361805362,73.0910927575022,43.425214032313555,0.05577199206158495,0.9888203724780854,499.2945782364531,587.7509849495451,0.0004872832587380075,142.732856758008,0.4397,0.9294261141643072,122.2297376959362,0.21142975554091678,15351.479006183536,0.8340021069237571,43.67611345997014,0.05637871482099223,49.04101780414916,31.04628412124207,4349.146881226983,0.2219431033400524,2.3877467100516596,0.011598963346889138,76.42434877370377,0.00015108982910337217,122.2297376959362,1.0659864050927248,0.9824742223987296,0.8979216448018807
49.08914860597316,65.1140731161138,42.903603566023584,0.05647453951915852,0.9916249404570671,474.8906101744943,557.3246094948582,0.0005379880059224146,144.88571567500588,0.4397,0.9774966123873051,126.40598914846522,0.15217965393815436,27382.26236535055,0.8470762197942965,42.92097633546165,0.05829670421424119,61.84061219891724,30.830935214963034,6149.908276755698,0.050558725308256385,2.0422882974883136,0.016246179948615803,40.35142530335162,0.00016117366557021496,126.40598914846522,1.0993841056545801,0.9898705988948486,0.9129932474519727
52.06848908666643,66.0897656589747,42.051703542802514,0.055521330663347176,0.9846845135242213,375.5929713756571,497.2888309651045,0.0004713655345315947,148.09851638226257,0.4397,0.9351322573395493,138.09794483517769,0.23170116336327956,32291.957760381054,0.8317596563284254,42.5230263656801,0.05819665965533702,34.530995093079625,27.007712325668294,3905.856933629799,0.08199293552954481,2.0011576874653336,0.022162653245353728,69.14033211256898,0.00015103174123696554,138.09794483517769,1.0575823619899873,0.9686719192693574,0.9304336298263678
59.69299067235288,78.78748164524362,42.28350203313891,0.05517307801499932,0.9874415682303205,490.08414159047913,611.7554424082022,0.0004134587695462311,133.7822064389948,0.4397,0.9635981077162338,124.54706430778961,0.2263426535162122,16319.505551468188,0.8307237625554951,42.99741631140121,0.057612529367563586,32.18654486669527,34.557438173152946,4543.821911340987,0.15359802440106432,1.901405063844388,0.022031906286306788,107.92480254429206,0.0001585120378979574,124.54706430778961,1.0695397790056442,0.9534370289022042,0.9466966398472828
47.230721572783985,71.31280188588956,46.57350808982107,0.05524163484013934,0.9814366973946722,460.40518832975664,605.4640267346659,0.00048055901848887924,94.13921809589662,0.4397,0.9338667766536113,88.05900848081687,0.1808223745568313,22951.424179226917,0.8380393882080066,41.67948565864598,0.059829201872864154,58.860231349492324,24.275021904919935,4154.316044575959,0.16219286520417314,2.39865957074729,0.015432861994500464,88.05293481520263,0.00014628306108625984,88.05900848081687,1.060792454949108,0.9646474284157974,0.8829516778133919
56.26318691640226,71.43280021407652,47.92311799225016,0.05718103271788407,0.9844026216046619,295.66955565214613,402.53553743697836,0.0004521177988962864,146.14678952775057,0.4397,0.9569632365727125,128.99061629146243,0.21353766506323058,33800.93852161805,0.8264980878861368,43.55169776884145,0.05736137644088845,54.06953453193684,15.787767807096266,6204.857629738366,0.11867046903328521,2.313630813617806,0.029022010935540007,119.2654399099166,0.0001666998797390007,128.99061629146243,1.0408409071660767,0.9695969199058417,0.9172278863376685
46.36798235656919,64.72300908479095,42.26928193485766,0.05759222341222645,0.9893350585183788,424.8788737955928,504.3409843743602,0.00046498600224224233,146.29990267713538,0.4397,0.9595558584213594,132.08025479706595,0.21014929634649732,25033.539917136106,0.8313188522146534,43.89832920960386,0.058918611970982825,48.331111305872,31.388502996209475,5684.160208716522,0.05558689599890816,1.8419834512049706,0.01614663433431068,98.45542609961967,0.00015899798535868247,132.08025479706595,1.0464292384773382,0.9529371411318946,0.9245176206430152
55.98427044482982,70.42876490163209,46.48842575447936,0.055429896517757475,0.9998088435785064,241.0495352011842,340.0024151342319,0.00043259144915746086,126.629195473908,0.4397,0.9397056862072852,117.42765146106116,0.16431802792268702,19413.16459577186,0.8762828123797253,43.89111932793439,0.05829047558588335,45.02966888456274,19.425877401137214,3832.1230024514257,0.19872001910996778,2.13945232567631,0.026083988722023124,84.34554343030048,0.00015447639804511902,117.42765146106116,1.0983028614364754,0.9845703593302758,0.8860004368717197
52.01467837725285,64.56167798384347,42.43117299504576,0.055864955703431404,0.9999253012587827,405.3654273136223,516.7368089862142,0.0005317680138891295,140.00961864446393,0.4397,0.969130031925563,120.92610481944601,0.1693259301114366,22073.128235376967,0.8600081580818477,41.34729894696844,0.05759092470072334,32.33133498194065,18.52477617994049,5256.483247445785,0.0985850236490286,1.8884407265252796,0.026639603611694034,76.3202064155418,0.00014612230292853365,120.92610481944601,1.0513688366411766,0.971551644196285,0.9380419716745649
44.327113904508025,57.25489685178786,45.552796949422,0.05558508840293448,0.9995924336224857,347.3245479483741,439.99752790606533,0.0005053261866490449,119.28234948147666,0.4397,0.973122253894847,110.0307016608355,0.21832061362281296,23162.791323896126,0.8752661598074359,43.269535048449264,0.05521047553605699,60.6250273086299,16.40019843932983,4350.610540857764,0.17891546038016026,2.2294688490077683,0.01196870037854685,113.74286460287283,0.00015214365336827732,110.0307016608355,1.0743525013949398,0.9666446238976546,0.8993166399060635
48.28052187578473,59.14970204385668,46.53645169456943,0.05508056733077928,0.9884617277260065,205.04778177584743,334.16109411180224,0.00045417262345907086,146.0888861788206,0.4397,0.9713041958152397,125.59972047206793,0.24335516462700085,17345.790288335844,0.835410816488067,40.74047862872638,0.05828747511910066,48.966039111932275,21.557998872772778,7083.714952736646,0.16182934821552947,2.090450057556262,0.014651058243617038,72.7013437352529,0.0001230605833014877,125.59972047206793,1.0653677810934972,0.9658873801844399,0.9412438362170472
46.352712687271236,70.5921155324101,44.155226383606426,0.056660294109660954,0.9816136075682933,282.26894671711125,390.730267938695,0.0005107724962612483,86.57554776144639,0.4397,0.9398478931678831,81.49573276576396,0.2076284320698753,28215.84487696822,0.8714208001480555,42.47709806798134,0.058212975421381125,50.03706177838275,21.523179341083758,3988.504610312587,0.13616761649198508,1.8662333785195655,0.014303830159004872,60.26727706358195,0.0001600031806010121,81.49573276576396,1.0911844217447613,0.9511323414737816,0.9186824873225151
41.56216786160728,57.60536198922172,42.065608326663984,0.057099766510412944,0.9864714687449867,486.61466522127455,537.5582379840396,0.0004985415694334476,140.47745875393394,0.4397,0.9646604155407592,128.35861142856774,0.2067813145559545,26843.286581849527,0.841736368411239,40.013146300297585,0.05562436997296274,70.20501831353513,21.055430639329046,5752.998631310527,0.168057900655673,2.1342233347585737,0.028393026335495987,103.44935793691035,0.00013226470375592527,128.35861142856774,1.0806152062450405,0.9707550248560118,0.8906455249377366
40.59669540199395,63.10850878202557,45.571136112752555,0.05694363244265521,0.9847542875074196,294.7494455265442,401.73343434974504,0.0005591949713132056,83.88525403259976,0.4397,0.9535694452921535,75.44057007477092,0.21466816947038386,27954.457557311547,0.8286516988673491,40.9679337950417,0.058979574876803324,63.18965471355654,26.86385879537355,5334.650049048545,0.1890077487941324,2.3464053906616873,0.017022098478778704,114.02444189203516,0.00017160893762351053,75.44057007477092,1.0264521124799886,0.9690230432660468,0.9317454623153363
46.929573108143614,67.14951519848898,47.94746776884017,0.05616416064190674,0.9802825314981971,254.4363365904322,367.7967151846183,0.0005911968538680403,103.73749365526143,0.4397,0.9555576994695207,93.20532940502767,0.19405783001781288,27215.83137360376,0.8682824260002519,43.15867057916303,0.05733497041722521,39.87494169119812,30.03084338656212,5681.104189194171,0.16444886358919242,2.0047168093998917,0.026729426667830146,67.89168919001712,0.00016874062609139836,93.20532940502767,1.0484353497150996,0.9638354102816327,0.8910059951834037
40.38068295634973,53.25950037751601,43.54570453703097,0.05666503073781972,0.9819046722057675,256.2594339716625,397.78555912606953,0.0004261341017957312,89.47279498306834,0.4397,0.9486455051155077,77.6745726680618,0.15541720435013437,15333.441365766794,0.823579007911765,44.371807526015644,0.05662073007202404,59.57249234348022,33.755334372946784,7043.374262542129,0.16150508642053646,1.8304833688571873,0.0195603600435455,33.723852361260256,0.00015167727997239918,77.6745726680618,1.0769530834206247,0.9763470916762335,0.9304264907193808
43.3097551516355,55.94168885032182,43.136947663123294,0.05528229791990867,0.9890638387009814,343.7639793925847,435.13614675900357,0.0005767826957815965,113.53945647240386,0.4397,0.9560156688781323,100.43606504682963,0.18965038467246972,18489.256991326394,0.8442911703360979,40.245141492930124,0.05911979692922983,35.95148933266459,16.88100157360295,4828.6147601393495,0.13721554937141733,2.3671242667587866,0.01914438088388041,80.83728182121689,0.00017082786409874497,100.43606504682963,1.032908544640936,0.966441289806722,0.9365738753572576
54.50366641701738,76.68348943967555,42.74355535652109,0.055462911156168054,0.9867932492760859,452.79477220116047,560.2415381282963,0.0005409593876569804,96.2572310594729,0.4397,0.928139249482145,88.81773746667632,0.24002522101178897,18311.44003891721,0.8691588801106986,42.79276396087165,0.05671685479748912,38.73287405334644,18.00763664976294,6295.558943559883,0.13600690449442304,1.8850795128056703,0.028068427151864882,94.08822619290649,0.00016024819462895644,88.81773746667632,1.0602751345247816,0.9728705601535486,0.9202870401589647
54.161824713671756,68.13250037296481,45.33153371940034,0.057795383858658955,0.9836070744326897,427.40052954000396,524.9002746114413,0.0005385107090595809,146.64506655337982,0.4397,0.9445308339870473,132.58097789855464,0.23049468003915485,16959.02972595979,0.8570310955267906,43.18387510052515,0.05810925395641913,62.13671583295955,26.796850210491346,5210.879317831848,0.14819319700588277,2.08503120052874,0.01881802814388854,57.363608318344035,0.0001284756026934788,132.58097789855464,1.0454215238663094,0.9854016969916148,0.89897647121952
80.93344409113527,100.45392896621486,44.75322942611362,0.05783152153138194,0.9954575911545458,491.76222286681895,571.8946735825132,0.0005689543280392952,96.93884489476464,0.4397,0.9677772724595693,91.18184106267879,0.21271302183482255,19008.150727507054,0.8603261402770452,43.38302431278485,0.056777654356617045,51.389947958786024,23.70437620545585,4849.651705268773,0.10783268771883472,2.27953944544771,0.025995850026776762,49.97627081481868,0.00012905135480466992,91.18184106267879,1.0460694930095338,0.9816289961097132,0.9130580811409522
83.20051137427515,111.89761709395117,46.03642945417488,0.056957285293123855,0.9907713970557427,206.3306247214433,292.60818031006045,0.00040640811475874025,148.58706399218255,0.4397,0.9725893602350056,131.05762209242445,0.22740149550396005,29480.44571260081,0.8725683024335464,41.304479787320254,0.05607944925376362,74.78250534243466,20.71046193206339,5115.658935761324,0.2102320850976293,2.2642043934570375,0.012443003085624698,25.862694699616135,0.000148142139180252,131.05762209242445,1.061892422116572,0.9674827755557561,0.9134305074560538
86.64452749307057,108.65346892185023,42.89536123639468,0.05668414966414197,0.9837523517241171,241.10622031719467,361.9950139808446,0.0005541909798010451,87.94355190687475,0.4397,0.9581753014617193,74.78587015166134,0.1819439671967803,26990.121342351304,0.8608978149142503,43.84480444218584,0.05564275773166828,58.688202585275604,18.15459016304639,7144.917778625886,0.13094674702514822,1.866875216580965,0.02821314760132492,96.48857933964356,0.00013928969472919335,74.78587015166134,1.0967863906607185,0.9638336343822952,0.9078655711519417
85.84813845667256,119.24539009399383,45.18769490661574,0.05587575862293153,0.9834967706791462,413.64231462928365,499.9499857553683,0.0005544185141050996,133.03950433795626,0.4397,0.9472791760888759,123.29044964121834,0.18088168020175824,21923.698730623226,0.8433255841214099,42.05612704264795,0.05941963851622291,43.86479535338654,26.707612691390903,3903.0987249484306,0.19279292204164195,2.0871833969038245,0.02548293698639742,37.8453739809579,0.00017576898854314963,123.29044964121834,1.0476540087767265,0.9754607620707683,0.9327541343400896
80.01060823406408,99.1617126170834,47.083121709831595,0.05678957684344995,0.986024645876311,299.02209120276666,349.3369313223665,0.0004699953932010342,124.6211588831713,0.4397,0.971194895337051,109.67330271780413,0.23968193088565712,29355.851069739598,0.8781541852617506,44.02517007353282,0.05507469198658202,65.71691010295828,21.681756486712068,4001.944057497306,0.19165877754574817,2.0917556838006055,0.016980565342280603,55.11118747407509,0.0001579608978256599,109.67330271780413,1.037640139273054,0.9677777983704526,0.8876777957885581
88.95415918651199,110.95068287301879,45.50448451059655,0.05539373926740417,0.9860602514115883,219.13193945313245,360.8260695200214,0.00048196980200132706,93.65298887973518,0.4397,0.9667070191743192,79.81247567398789,0.15994059470240243,15484.210190340802,0.871754941392771,41.370265928235554,0.05953726862514935,36.78448336647717,28.358873750748366,5167.333228730668,0.07715564820169676,2.2724749401826188,0.01020363158564056,79.46562610977898,0.00013109564590071013,79.81247567398789,1.0968581754751048,0.9621370574809612,0.8911450341781547
89.28540912338761,122.92169884425877,44.89431863381519,0.05624873228639705,0.9827334909216227,290.28744085510294,399.2278599449494,0.0005490980000251334,145.47365525860224,0.4397,0.9481760056666587,130.29500084400485,0.16573556473001164,19617.396986975942,0.8611251045622021,43.95139984472715,0.055308860121024886,72.11042190608725,20.61993645083861,4209.277156865093,0.061316276772982174,2.1516645074333294,0.012104514501487246,26.861639265998065,0.00017954034280133789,130.29500084400485,1.0846771469988574,0.98654185608926,0.906053738674112
87.4082799770749,120.1018950591165,47.033273368233075,0.05585328383735426,0.9966932132442298,226.31507764829075,297.39088518846273,0.0005973109481740911,94.09915158103216,0.4397,0.9547921432089274,83.9755504016854,0.191095519138061,20225.91057112406,0.8438479389335136,44.53345883471139,0.05876329679087474,45.315836735756115,15.011830363428038,6065.388578308675,0.21839879799586842,2.2919116199827356,0.012887906854715692,40.19335548662432,0.000161650527906162,83.9755504016854,1.07307361753823,0.9789309442284633,0.8849821103275408
76.80386760517212,97.66727052483321,47.68351156427323,0.057010829510413454,0.985652532557361,451.2817266833419,526.5104892361455,0.0005975650322879939,116.09092910774595,0.4397,0.9611495151839566,102.87697875822751,0.22983909668263897,17349.408133785146,0.8610296464691712,44.90410387822253,0.056468254753830445,60.82714479741381,30.34455566721051,4898.439116336529,0.19017020045890004,2.3738703477724363,0.012071600553565374,68.90722330222299,0.00012808052624981663,102.87697875822751,1.052770908178834,0.9578750976229069,0.9491176879035703
81.73490716786657,106.39628072160995,46.9259123964207,0.057291987944587765,0.9960449300518812,463.07994662137986,525.493970281126,0.0004947685722825064,135.33653581355708,0.4397,0.9612992949679455,123.87850346459578,0.1954991600094264,15679.22208872907,0.8444797067831215,43.88354993579837,0.056249537037549445,58.13886850341592,18.22654359916035,6646.346872420625,0.08499618183918459,2.1327983123783447,0.012055579589852122,62.190297037894176,0.0001679731015698035,123.87850346459578,1.0536363983937183,0.9796042388020174,0.914705608169039
80.81892505358248,113.49302472264404,44.45045669160453,0.05778588656435565,0.999469003641989,391.06697659612234,531.7216514182151,0.0005579101480907982,133.44998060188902,0.4397,0.9386622282290147,123.12114359551244,0.17705659417110975,22058.95013959597,0.8293112202798905,43.52006610737895,0.05589967696566013,34.31428895150149,20.05006720203555,6294.997977419355,0.18599837935637376,2.2750266202768854,0.029202903577248918,75.75733891057246,0.0001534535033599792,123.12114359551244,1.0960536353921848,0.9600958725942284,0.8835074318541853
90.41980589862163,118.83249711211359,45.67015853201576,0.055666302312343076,0.9866392281241125,315.67917681121156,388.7000356157486,0.0004932122985261344,102.37956036547823,0.4397,0.9375615001279843,92.74752518220262,0.19202950360882326,19365.49319976647,0.8571300822754678,42.59970984004618,0.05567257583183938,62.47288686702377,19.707084135804067,5294.904460555134,0.11589359593534923,2.136335991852982,0.023169200349328643,92.8632855246773,0.0001440156757786546,92.74752518220262,1.0255166799698483,0.9672509325357965,0.9225527336291865
90.20449952336205,117.95009315002777,45.159850170180505,0.0576542520948021,0.999404619875972,430.63677372087875,574.7014872741179,0.0005731918296810739,138.74906564814546,0.4397,0.9732408137653732,118.13077097605067,0.19454604419830462,17657.338991009237,0.8618861371138455,40.528671439746006,0.0553311733737817,44.031840384114936,21.84482031929932,6641.925809617219,0.06135081671726195,2.1754216083021705,0.026412774533527562,55.29922724830743,0.00013177903311966304,118.13077097605067,1.0806000164428187,0.9586968815683228,0.9346773204187476
91.6520226156445,119.86319401751228,43.81985173610471,0.057537854455567645,0.9838240159806941,389.4770790017418,465.9082148259937,0.0005299455322037192,147.346763401006,0.4397,0.9762206684008397,125.57504119032332,0.22270252096575804,18146.21488746289,0.8409582235523182,42.799269503708516,0.055775222981473506,47.15314002047315,24.70683842311035,3962.947841933602,0.0957525455194897,2.0856037963263727,0.021256275245607692,60.440569444394534,0.0001366756619292496,125.57504119032332,1.0680920381935792,0.9545319138143287,0.9085401375195946
75.77939453433729,109.1990172187963,44.61192077375515,0.057587294724858594,0.9929490661538137,437.59459375825577,567.5197134033743,0.0005873280781848953,113.18138771170564,0.4397,0.9441239076120984,106.18387790065566,0.23687500810501375,31525.32937921656,0.8757584690404102,42.81626510482073,0.05794238659600625,34.343600793948085,31.249044059942324,5691.956416542822,0.20116097051147058,2.3757572182612017,0.02238969396981428,47.23813617480326,0.0001300354620095765,106.18387790065566,1.0974748192264292,0.9659625462322824,0.9136372548281156
88.71136417468458,114.05484098888644,46.975600676664826,0.05722142758460412,0.9998236029830573,353.2722064009568,404.31742164261925,0.000599448032270035,125.66207097500407,0.4397,0.974802613642418,109.15563727434704,0.1821251064508892,16898.057430388013,0.8712555736817102,40.323669304408334,0.05784839305642337,66.45379527765407,28.004399449524833,5778.478680515327,0.12814544965786215,2.2905463849517713,0.02761996640407751,53.9697005425612,0.0001682012997399617,109.15563727434704,1.0646724251221282,0.972203255809777,0.9290420001788163
91.75998021689259,110.39557742812832,43.802879057202176,0.05580316433073175,0.9961674382907405,487.5034713472051,585.8308308689265,0.00046603753206857516,105.51598542805439,0.4397,0.9482415355118249,93.88880305402219,0.22085396089308054,29497.104524570488,0.8549711525426206,43.45313109682928,0.056405373462973384,68.71224439019485,17.919965935170463,4485.67600978727,0.1589724039074893,2.2511648292150697,0.015239383945637794,25.10291730117339,0.00013637849931640071,93.88880305402219,1.04244320236039,0.9620848678943824,0.8963672451747351
74.16226852658406,98.61674360415077,47.33734234269368,0.057633616525037595,0.9845940157350532,287.0101083465486,373.9315616470411,0.0005958647626624246,104.78579817261043,0.4397,0.9300321427902674,90.15274740897719,0.22013883951648933,16079.088403765156,0.8236141456395687,40.74471219048141,0.05839940935233934,36.04202937592572,18.67352100042973,3778.6367753650034,0.07730843585402652,1.9977499951375957,0.02389049283581342,78.01241326393898,0.00014819771231744668,90.15274740897719,1.0823935021786855,0.9530001199612346,0.9218364720899808
70.99842651562253,100.57619255179127,47.948575915248874,0.056798645386158766,0.985146653041622,381.25547823506804,464.71405412845604,0.0005385025933661412,112.8801106073782,0.4397,0.9639728268072107,98.53644595903198,0.2266947555457013,15812.640230263165,0.8210329502394553,42.98305961326403,0.05884814511829984,66.56755306004939,31.941252984993657,5526.71626486841,0.06853209070724482,2.091248994453355,0.0279861795802318,37.27787254060331,0.00017807485852468818,98.53644595903198,1.0988502862932168,0.95998549243745,0.9241661728112949
72.63771371139806,97.48039999215405,43.84060377441294,0.0572218351115282,0.9852486121334191,442.41578009322666,591.6314094622545,0.0004476172400458065,93.79931670640916,0.4397,0.9227531053411148,84.28200335558506,0.20752606371254717,23844.86067394871,0.8583931769397485,42.36316615721758,0.05990087472975762,70.40998222007454,19.99710916300709,5449.237378415462,0.0978504477682885,2.3177453848359106,0.02872584527704697,91.6286737785434,0.00017967343262792484,84.28200335558506,1.0925962924267232,0.959826295356504,0.936325056491535
85.15505941754667,106.42031390473846,42.736428327757025,0.05561577206797909,0.9988598527515995,468.16184566490597,590.2485168019665,0.00040062238998396553,128.2581065239067,0.4397,0.926834982218668,112.04046623147647,0.15146984983086773,22637.060293371112,0.8688283528078533,44.375271311599356,0.057198846583393664,34.37824210277136,19.37366224372413,5953.002333661773,0.144507529756843,2.361829942263574,0.018880964789190827,24.21934662379685,0.00016747608719513477,112.04046623147647,1.043579137418769,0.9736300883742076,0.9423750148195388
80.54119676138963,108.86779500046606,47.74304609313208,0.05547223160654208,0.9849082313925583,484.0244869671073,559.6022788771081,0.000536767698470734,91.59025313260659,0.4397,0.9764603347458947,83.88826984875574,0.21558673357415498,25914.970373026576,0.8500211700070673,41.1612222023713,0.05687294532219407,74.88425597858955,15.07140241947183,4366.543467337324,0.21939823433874633,2.3985300062729076,0.027134244140000124,25.987593904989076,0.00016793463783435175,83.88826984875574,1.0477080233079468,0.9612859471539088,0.9458621699636698
74.87628409819725,98.88087915498816,43.02639095805636,0.05583055490522418,0.9901923062820027,318.50329179368975,443.74746727776676,0.00044447593611206634,80.36267014762004,0.4397,0.9510573042916427,71.26005802358488,0.21122975776449784,29052.861523736,0.8214092756901653,40.85603514578423,0.05986587429930075,30.204765384144675,30.481514581107646,4246.7161023230465,0.20267832327585827,2.2406575439792498,0.02007719125262193,48.46894325527089,0.00017669081434833135,71.26005802358488,1.0803856153867484,0.9713510348763783,0.8888428474047964
83.2075892939207,117.46399452036816,46.62878285361706,0.05653411233032712,0.9869977859012686,409.80281875123023,472.7596959754852,0.0004462757242093192,110.76332726529188,0.4397,0.9359825821897042,102.88214842772129,0.21115194562185347,21196.214322323867,0.8286897329028478,42.75585556901133,0.05971076273509389,67.9082558742861,29.769036505393085,7120.497201680468,0.08201288226470824,2.2385031314213544,0.015157719581214493,63.84042450964824,0.00016780937470875506,102.88214842772129,1.0678552391087643,0.9688135852455066,0.9371387306217285
89.63806285686604,111.68087387522496,42.23468087188921,0.05624987528835918,0.9872253880050903,287.059136594121,429.6519820081678,0.0005104336129704011,85.34941969191235,0.4397,0.9488245687834225,77.68461891774761,0.1781298579239147,18888.1469773281,0.8326746955520357,42.30121465949994,0.05963473928071451,55.123081740575664,21.952282984361524,4009.27858302447,0.06429432159031719,1.8563252103527386,0.015019181425101318,89.36083521208147,0.00014705707907545373,77.68461891774761,1.02092902094339,0.9606543116820031,0.9272801542690657
91.39544201742449,120.74518049000072,43.413390590820924,0.057662824108116045,0.988164357495915,394.8137922843416,487.452414751251,0.00040618518433870716,119.37071343348549,0.4397,0.9546906579769453,104.4967054218417,0.1597885432204006,31442.336223049264,0.8576653440230723,40.80648779383227,0.05804392875280478,73.07776177733186,15.146296985938188,7197.870909676724,0.09510154908714717,2.2509244996405036,0.019035330296100668,89.21834053926572,0.00012361865437936264,104.4967054218417,1.031348931833996,0.9796486870185003,0.9059509690993842
88.7930245698874,114.89446436828516,43.560931866179786,0.05503905550945765,0.9869008988841471,255.26789154170928,324.33418273752665,0.0004832738510380409,116.42583375508633,0.4397,0.958334929483607,108.37362477349852,0.16893525896907086,18306.13873014005,0.8491635715560011,43.06856090950717,0.05808865893295464,45.214496320653865,30.711506758259688,6191.916386948714,0.22046569694094215,2.008044788730383,0.015157770489411231,117.33790846042815,0.00013250219419544594,108.37362477349852,1.0268393642848197,0.9767036488286553,0.9445967821089402
92.13778487005462,108.6890803380431,43.78341019231977,0.055240145178837845,0.9919985511780762,326.4353554346833,403.7174038497392,0.0005598746944301472,89.60850784890218,0.4397,0.9408933392127762,84.51952482692421,0.1716205092547158,30969.05474823818,0.8261324075559314,44.52908679267149,0.05963990097389485,46.23815813589719,16.987304245957564,5865.5600579169495,0.15316949869443414,2.318774121479332,0.010599572865687242,55.16444866188901,0.00014667295607749653,84.51952482692421,1.0342982973209167,0.977210918525166,0.9402081910817264
85.10463496795984,109.49979331766542,47.51582256223901,0.05597622958089305,0.9885094318615348,476.0711227045749,541.5860066946693,0.0004054520477617577,97.21978216124518,0.4397,0.9432441776042522,83.80388289706283,0.16736095075857213,26742.93751351102,0.8501004642730575,43.70126919354675,0.05739909536374902,67.81700348679415,24.209358712767433,4823.2205837495185,0.2113805162618425,1.8067504674593609,0.01211093985716942,25.935096671884267,0.00013592460989965633,83.80388289706283,1.044392780515269,0.9673432474607421,0.9342051197648465
90.92684201957911,106.51011686288798,43.05185825525947,0.05550319669733854,0.9888202313200719,443.2718951449582,586.3276946095484,0.0005247883158093016,81.71165528842513,0.4397,0.9529857941292947,74.92683813852622,0.1744536915194227,20787.399665717865,0.8721695694014676,41.04778514674732,0.056067376462025705,61.98086994557356,31.802952339744376,6724.091170386676,0.1239164401872383,2.3606313851454166,0.02698440271303218,106.12643910736462,0.0001397509586515216,74.92683813852622,1.0973759637820464,0.9626638538285104,0.8840239026910548
80.42967730906355,111.22631137119208,43.041833784531654,0.05622025184857042,0.9901198795763929,348.951844659191,429.54120591233,0.0004316759316563552,121.57671720756818,0.4397,0.9575998729458157,111.00921411574903,0.15686916793530875,21285.181280271663,0.8463469003929821,41.19203076835595,0.059926293612985855,57.02332880880638,19.885642314626523,6876.221804244751,0.16808861892492813,2.0903285042645057,0.02765017501265525,93.06376680055284,0.00012353584606661328,111.00921411574903,1.0741175467081217,0.973629639628118,0.8923904780455774
91.31196544144218,121.00256714598729,46.150049620260745,0.057152779301455445,0.987123570476869,244.05359781464074,308.3386865319843,0.0005725678748768106,100.50063362534401,0.4397,0.975281387498866,92.15619399948127,0.1769325821545172,22412.58922549439,0.8289857439546758,42.78780616253505,0.0592103486406468,58.997307255376924,22.593373943056495,6198.78239997769,0.1689465685823728,1.876773453092229,0.027460877100901622,26.81219264991544,0.00015312772736034196,92.15619399948127,1.0243809030519102,0.9883636134660594,0.9442830429925474
92.39532972042545,108.40556647922361,47.713902641998786,0.05798025361540317,0.9950911916497249,319.57148010923936,450.86155759547216,0.0004781373857802143,129.90892824569497,0.4397,0.9435365685532333,110.82771975119597,0.24978852268893312,26821.59455594405,0.85468047366741,43.3875856990428,0.0552802689560873,60.7187153266389,28.21712512518599,6155.598885039615,0.17534561902291113,2.1605991503182786,0.021074246845765844,28.333843891839088,0.00014109479847057463,110.82771975119597,1.0685892104635708,0.9673584073009418,0.9487565495366848
87.16020151796025,112.15409578987732,44.335706150589324,0.05560622424167388,0.9900696470926694,241.60369357667025,312.9296057443605,0.0005624244658034999,124.08781157608863,0.4397,0.9724812333060772,105.82364749857251,0.20113812234450953,34592.53561568297,0.875763156693897,44.89497715942718,0.05556232513266236,32.152874071305966,28.46325508003391,5375.356678229231,0.14403025492726731,2.2152215122667287,0.02870434712808853,67.66359746294953,0.00013553041842650536,105.82364749857251,1.0549331437784997,0.9766113348343451,0.8994112795648124
80.77615761623429,115.00694686737936,46.638771936910636,0.055797923903741345,0.990184222639118,220.55829144569313,279.9733264497872,0.0005447640528037717,106.15113134083626,0.4397,0.9795930884572672,93.35791906605465,0.18444228604972515,21365.46038035394,0.8269546266553531,40.5240989565642,0.05941058753804994,35.3002512970402,24.254127537973726,3880.205515298019,0.097847920248535,2.267878990046139,0.019981852237630358,54.16449504602029,0.00015662238669828297,93.35791906605465,1.0803231714158106,0.9676939867536909,0.8994170903116008
77.04184782402686,97.7346234285653,42.18621535503354,0.05730621594864655,0.9841969028646279,471.9534150335601,588.7929061984978,0.0005755670251915986,81.52062221716672,0.4397,0.9403402094649702,69.94659390916694,0.22204872228067996,33837.35823416424,0.8293844648925468,42.73172462467388,0.05650543338543369,38.1565568754178,23.675052191665248,7196.504558560551,0.13569696981879498,2.221108513656544,0.01925089434625414,79.63720469160367,0.00013660663179567342,69.94659390916694,1.0907142444361873,0.9873040664135995,0.9227213428017973
78.12948682368915,111.21555277023714,46.944382312842414,0.055816149121900804,0.9806167351462481,347.42944161170385,398.17001010813465,0.0005033719789767553,102.41151068285862,0.4397,0.9216370678059089,90.79884395134277,0.19694604558520235,19102.9370459891,0.8540105626740666,44.9368717469593,0.05848192895767367,37.95541203638492,23.390184117930353,3655.999372420834,0.24495169128891597,2.1320251764817377,0.019487643129547774,41.91609144339867,0.00014857579332263357,90.79884395134277,1.0252170580878242,0.9605886674752029,0.8853327180496452
73.30887755183608,91.33073074718041,46.340381406734515,0.057111249918212724,0.9961855023217022,226.81661385561017,360.0586732231319,0.000497222601035634,102.74046427487174,0.4397,0.956262273325921,96.29268541826096,0.15294979627678826,17259.162346728026,0.8403998030827953,40.55448393417051,0.05558910941393127,67.93080069159234,24.72065410387838,5383.430637788423,0.10442245027209769,1.8491664151601197,0.01508223866489709,115.93391246147588,0.000134784130279538,96.29268541826096,1.098394601444758,0.9683359978036513,0.9216720828965164
71.17904513151979,86.31109420710936,47.379693911132776,0.05675046714484715,0.9971096369441133,415.0005774184457,521.2715339195917,0.00040748610647312576,103.28935519090294,0.4397,0.9742188599672241,91.45690140654185,0.2047389711150219,25642.27563962848,0.8737336366756996,44.86284324988361,0.0558526683615925,47.75294162916805,21.932900350418976,4921.683525676295,0.19496566657033287,2.3177390252605616,0.022270067378721926,71.21350497750379,0.00016083084968121614,91.45690140654185,1.0246324204547823,0.9697460908799475,0.9478082363153975
80.36045115245281,105.97087885697297,45.824725701229816,0.05756468229649214,0.9848249359330932,222.2544503356919,296.9362924936664,0.0005067628175419701,146.74104065692882,0.4397,0.9232033385132984,130.49455127957475,0.18040665738553893,34529.61741417484,0.8627658338134517,42.3108896813792,0.05873683354334064,52.02408307054925,20.128289023972876,6394.076491284803,0.2389458306676004,2.3900426966141373,0.018979022705589356,95.07188349101885,0.0001712491757693277,130.49455127957475,1.0785898679191757,0.9791459192581611,0.900786700958993
71.06671713895115,90.8515832982177,47.64801986496279,0.05510001032468894,0.9872006460299854,318.8496251430985,416.20900086553286,0.0005043952734954797,91.51917411078728,0.4397,0.9318289906043752,80.23963755703662,0.2071183899452851,24697.275896640458,0.8288252683708518,43.586948302229516,0.05989645843508162,34.022851604500055,21.321027662400887,6248.809309711007,0.16325113476255726,2.266804191640944,0.02949315333739542,32.5784476277626,0.00012490263558677243,80.23963755703662,1.0922505586418194,0.9788523551991508,0.9319921531159838
92.01470066745568,124.59918470854946,44.33914445696846,0.05793924087988602,0.9871603583376568,269.08716284376095,345.3286578544763,0.0005212789565105359,98.90417112891052,0.4397,0.9605690257950624,88.23837706554353,0.16732180133974192,30998.30120375812,0.8722431032027631,42.12635743797631,0.05751099400203347,69.17668828259058,24.555345654587335,5860.9789468934,0.14786719690015732,1.8208453052518638,0.013439627924076531,81.69250416325575,0.00016919101833299578,88.23837706554353,1.080137533969301,0.9795776759953869,0.9167430519868343
86.24895225556622,114.72739234487054,46.395188668324494,0.057892752008713036,0.9936842467046456,249.38908495946487,352.6747971068968,0.00042620432774626737,138.26792669141554,0.4397,0.9685791734719237,128.55477257827107,0.19825498571434394,24450.926640335085,0.8585375225061661,44.205220564793244,0.05521458065739168,30.461859075297813,22.64281749842602,3869.058753440542,0.0741675589524532,2.2534187252546602,0.011534085170418066,106.5179790449541,0.0001711018898638624,128.55477257827107,1.0320631521335413,0.9793176098104235,0.9001117932088566
91.09168115568173,119.82948823184987,46.35338524926564,0.05506716338403678,0.983744718411065,360.0647624015018,467.22917452191695,0.0005079935819389882,144.761026692293,0.4397,0.9251984134454136,135.07494095258195,0.16936402020621832,32000.036260830457,0.8496180603074373,44.542589447600214,0.05617158510849295,33.74832463987359,26.710760240826374,4452.658011867518,0.20065343790963708,1.961784622131655,0.0170227963885451,22.299063234406795,0.00017789566749373996,135.07494095258195,1.0366394181885126,0.9687903306255998,0.9088735123297627
81.1104165187303,109.57602457450177,43.61164716410961,0.056498528265034105,0.9995742676471305,415.90688397802285,543.0750999710699,0.0004908064609480127,112.7799922224911,0.4397,0.9418242716188296,100.61169608845081,0.179881541003389,31254.815194439943,0.8353927865460814,40.833325920421885,0.0560635047951748,66.54492175870897,27.622823992167383,3938.9703473930545,0.23229820281061536,2.377260110895774,0.014310998254083912,73.99861953611764,0.00016967027507946931,100.61169608845081,1.023294325548293,0.9562225798973113,0.9185757356941124
75.59882359188374,104.17797700459161,47.523477234570834,0.056204278314907534,0.9812372295045658,346.1569204333365,442.7656624408982,0.000519195198249314,117.80341499411321,0.4397,0.934324312033731,104.80805569255526,0.21871647440037853,28723.84999651748,0.8589826364747937,43.73621178804759,0.05967636102472055,35.87686744055997,34.9228742692243,7124.314902177428,0.24613696307651178,1.8381045360085848,0.029838091697091257,44.67616238695736,0.00015314344961706166,104.80805569255526,1.0304857536618304,0.9848175244352332,0.9333113590138302
77.256970723374,107.19926785252295,46.675060747227654,0.055762489453611036,0.9994753498797109,446.240736467725,574.904517661864,0.0005321100166145911,83.70008684963358,0.4397,0.9778925865781568,72.77777350923945,0.17276527593323832,27308.211918876477,0.8739091500406733,40.10369764450216,0.05709574995613144,65.70109824937813,27.303389341033746,4060.018424839114,0.09033150021755071,1.8553550356978281,0.021171565193237263,67.83887976448332,0.00012421524498507344,72.77777350923945,1.024881318917203,0.9629933281683406,0.9178556496070364
91.36832801560357,119.76608108191658,47.19811070114738,0.05793347776350798,0.9813756417585252,475.21607766158627,532.1404444993118,0.0004722846817663326,136.56269003587704,0.4397,0.9609481297093285,129.4013650888265,0.19171373754035276,25362.856543009766,0.822308575437768,41.38430071155095,0.059738364015125674,45.76879039118321,29.692663585031895,7081.893807542725,0.2340110826029242,1.9088222024246069,0.017194352604508887,101.59951295516771,0.00012446692486335755,129.4013650888265,1.024291100849347,0.9544127227505752,0.9447598200249872
73.04733076227537,104.73283627372993,44.1755460047908,0.05552380140043767,0.9863502805224247,442.154331360015,584.288624540912,0.0005008106128833466,121.61922587306705,0.4397,0.94853831004661,107.15864297277284,0.15731385824177166,34135.17810183079,0.8425090002527239,42.76171255121265,0.059297923053787255,64.92440551622883,16.960635793203075,4005.763820795082,0.12405359087506561,2.251894866570698,0.022854822741592923,89.00706992738618,0.00013180204616112723,107.15864297277284,1.0649689492576058,0.9551512788219015,0.8881864095369942
87.45664585469709,113.61908859519133,47.047528700973444,0.05579066347690397,0.985013865008646,486.94749654305417,555.4983688423233,0.00047901956386011356,113.53070415603226,0.4397,0.9717411373650948,100.39114452458583,0.21871622466654117,26147.5968298972,0.8761395707312378,43.016025216914144,0.057254032026967216,32.26599041065552,30.208976216285322,6704.029238843195,0.17383050266728794,2.1908429773248788,0.01906223008420638,95.4499129799899,0.00014682598302494292,100.39114452458583,1.026136014266213,0.96979035104219,0.9470388373431831
75.64225606425452,97.65602054148991,43.889858763778406,0.05502466892083165,0.9851926856084353,478.71079144576333,612.368525406406,0.0005530979866906675,101.1802907459003,0.4397,0.9522597394337822,90.35254714124153,0.20389431872990482,21742.76123476191,0.8429745667506202,41.8263322520781,0.05512430021155234,45.35679083545674,25.178069697704366,5668.668629200114,0.09473012724466677,2.2363420232990268,0.01417650278437409,41.168285195764646,0.00017732637828941182,90.35254714124153,1.0540049312984225,0.9670373586529672,0.9185455990035757
78.82924700411574,103.16619043779936,47.78640630000269,0.056740669384392255,0.9998933897325375,449.7550516403668,549.2182300128545,0.0005592847396888786,111.06396895469715,0.4397,0.9746800467918457,95.2977000993985,0.2313790432323203,32644.341726099454,0.822152218101656,41.352190924614526,0.059864752595058676,51.657324906557335,32.33116176450136,6594.212370971041,0.09967795425160647,2.0123305464852623,0.01789038614589159,103.25199291748446,0.00013052121905174135,95.2977000993985,1.0767730381924665,0.9765410657700665,0.9074270673666002
70.07616882427148,93.88086946491237,42.14368281819488,0.05758239591679996,0.9891670350361792,287.78978018095177,348.2615208004033,0.00045858827941799846,131.4718422316302,0.4397,0.9343285030251821,116.07041060102152,0.2035075450485389,28200.697412586072,0.8260866474355989,40.8582507973571,0.055050357162481175,58.15670299076875,34.41817519151881,5882.522249636453,0.173791631651996,2.3277454541069726,0.015727087150114297,81.39921161163147,0.00015232783949032392,116.07041060102152,1.0212107805711037,0.974474621023003,0.8853235744962619
81.97721923325167,103.62734532981071,45.71512528411439,0.05686573880696044,0.9823902112972639,252.29961942010652,338.279860178996,0.00045190918764822954,85.65419038142443,0.4397,0.9216403038781735,80.77690976761765,0.2494213758633997,26163.460106253544,0.8614456020747654,41.19856333384715,0.05928064835845019,67.62990288191398,19.607312193137663,6367.813801578391,0.14696657607163233,2.0677536457296037,0.022751851556347985,26.93021173606676,0.00017988425309458996,80.77690976761765,1.0711102079265165,0.954296478424628,0.9007373752666961
73.20882042850718,96.51818287855085,42.67343706807986,0.05695482167798108,0.9996455992993174,418.10341086195393,559.936472312894,0.0005356646212280917,115.476993647531,0.4397,0.9457243087379418,99.0149603803059,0.1741131878168566,28643.41150769902,0.8620072306087572,40.651135349936865,0.05706615916714524,41.0010901475175,33.57350223832759,6230.921761671278,0.24287966633779756,1.8804686652305258,0.026331372035792083,106.27093488844176,0.00012082667485122762,99.0149603803059,1.0805747093085616,0.9618699502597998,0.9106554165463806
91.49118520459805,114.19092024018546,46.312399039966934,0.05519896110872294,0.9848533114663753,453.65871028177366,587.1301058217502,0.0005548032410634639,82.42466454869195,0.4397,0.9322566345943842,72.04315652333305,0.22421064822594045,21977.442313526855,0.8269027023154409,41.30583026742623,0.05650654467443944,59.649979845553496,28.43281753846962,4536.673116801209,0.1028927841610057,2.2604844224000566,0.015251541962014887,25.575524044441504,0.00012281893426286305,72.04315652333305,1.0629336075412141,0.9858501919277249,0.9455946697953144
72.44319797516346,89.66600358955651,44.18212982204423,0.05714442165733217,0.9814509408378446,446.93705559064915,569.1686336759516,0.00040217309831563675,134.05770615751402,0.4397,0.9701438642088159,116.86817020310899,0.19323266545594936,23417.059785496876,0.833152960632131,44.106396626619116,0.05704150305032429,36.829669640203726,29.782273038607165,6966.173853013354,0.2256073323612242,2.1177230263289326,0.022426533443763726,22.87706188017851,0.00013619474389546743,116.86817020310899,1.058047339642942,0.9806673057073477,0.9329497732673723
76.25921343389126,107.87025945508026,47.22384356056858,0.056227013256380395,0.9804836125911537,393.08673221242105,481.0713203110977,0.0004854871962944452,94.77125220841357,0.4397,0.9519754158798083,82.78334772872212,0.18759645176139567,18911.89519917605,0.8538323763204891,41.43761138145342,0.05678454718427305,65.78255869266312,24.44722133027951,5917.125975208768,0.14209493423830488,2.1560466062983044,0.024169597240827283,103.37471775451735,0.00013350889420042896,82.78334772872212,1.0784672691129633,0.9848216481037747,0.8841331459922176
70.36996014711863,100.49927477175439,47.236215065432155,0.0564211373886184,0.9892646152364781,448.96044942553306,557.8395307761385,0.0004615461756826859,143.23713807624867,0.4397,0.9373198176015138,135.4252104440986,0.2231529325171884,32100.416214671917,0.8611919790870465,44.53844472025358,0.058445596310544544,71.99495423777074,22.09587164083689,4327.502826871087,0.07691081312607406,2.031072487354761,0.017400216324916812,21.302370655939423,0.00014991608537826784,135.4252104440986,1.0623786097506829,0.950879504905744,0.9029525415500724
94.82193445557697,116.57270909820045,44.208539241023246,0.056755046708221686,0.9983666473639853,412.14985832458706,485.3620554182818,0.0005533040907851202,113.32662046051513,0.4397,0.9664144336541449,104.35744725479924,0.24555570378196465,28311.841474062472,0.8294074147388572,41.22614558353408,0.0578636156741964,32.12757588708042,31.000680539632924,4701.75130903442,0.09782534314884728,2.226431724071726,0.019750712948528162,28.843409430613526,0.0001452271201455218,104.35744725479924,1.060742643043091,0.9864835478247095,0.914400262193437
86.03594319886452,119.93858398012128,46.85989066176917,0.05792609309152093,0.980339209485358,399.60975839087513,514.3941097206038,0.00042870814492416694,112.00846085035496,0.4397,0.9516131229819941,105.50963747022966,0.22555768591611372,31485.234707670887,0.8473829405104609,42.45981945735711,0.05628452426564338,33.59361343799394,15.439435865070399,5518.983625867857,0.20113992352193028,1.821340772531356,0.017176333481861192,21.69530016956,0.0001550186031547875,105.50963747022966,1.0841453101374785,0.9844431207394323,0.9395059620552031
86.08942052509605,120.07667133836539,46.08682126295683,0.057244549767152327,0.9945035286205804,213.97294929726857,290.06698185659195,0.0005556493006001587,105.22463667180708,0.4397,0.9501676817229912,98.4651173962269,0.18301227485696447,21347.81137971519,0.8537221119086875,40.837849502770275,0.05763750574816968,65.43933685787607,25.811914564082223,6774.576244178955,0.2153267497528738,2.0947054594405787,0.017458099365914748,108.0278742520822,0.0001288246450801459,98.4651173962269,1.0870043807837155,0.9680910849534772,0.9343499241630968
82.97152121373772,115.10591570412208,44.55940157192227,0.05705178126950369,0.985208436635012,338.1423583825892,471.0430403352753,0.0005322813233902914,116.14526304985678,0.4397,0.9308473868886412,105.97960352238826,0.20098916506198075,34908.74619735805,0.8229822120410573,40.08547340977585,0.05702475044690553,69.61035147124156,16.4765954875842,6468.311231985759,0.057912667873601165,2.0562951461811947,0.018924330838431556,24.469548847133364,0.00016115056074229796,105.97960352238826,1.0494734594879873,0.9769435215008452,0.8951296401979999
91.70138748016764,107.28884425737667,44.059418663722816,0.05629567910435595,0.984381209310365,210.1538340768584,330.60365655663895,0.0005685859147449784,103.66195345812096,0.4397,0.9797129140726328,93.91574626894,0.17171399800264103,22144.20348266133,0.833425389459832,43.1277011827027,0.05960323127960893,59.16979918561842,20.092696655031563,4687.372824156003,0.13200592731205857,2.247886818987651,0.01590845851440245,57.267981448410566,0.00013288162251956232,93.91574626894,1.0532383274497605,0.960879744526854,0.8835321694618274
73.60470212110953,96.02906200454936,43.261829588815324,0.05510335154958658,0.9940757957073947,227.711014384928,316.3199761359585,0.0005980486694813901,105.19472410652646,0.4397,0.9595410842656138,94.77097787526793,0.21202388106170816,22074.26055265614,0.8751337442531824,41.68882902888616,0.05946189018390527,50.75342157449003,29.503982360117543,6078.550724186689,0.14883453009284564,1.9595215256930958,0.01976659932934536,41.69923699368877,0.0001471195129932376,94.77097787526793,1.0840608183449443,0.9763435285620004,0.8892662776580749
89.82129641165123,113.96802774708931,42.37925071713906,0.056616054017096525,0.9949574652902694,362.30139593993124,478.24958911685354,0.0004953110240100446,93.6928914292419,0.4397,0.9712894100147653,86.09939296459824,0.1902587100532507,34212.70918915664,0.8727988931878908,41.72537541479898,0.05808672955134901,64.6080131757522,30.09477223927767,3605.9645882720674,0.17300667113145596,1.9402268591316132,0.025044904445434054,54.166101283795314,0.00012200100770643055,86.09939296459824,1.0635894471058305,0.9819508503698272,0.9152302775902295
90.1780868987994,119.55241254824676,45.10415621161538,0.056982643691130194,0.9911803051039635,214.24371016826797,296.75732553693547,0.000539882298945058,104.16501148309263,0.4397,0.9655839404719063,95.8508185892843,0.17281330868650482,28101.297643817496,0.8393489869843362,42.03876062957386,0.059826839048289344,43.48691906602581,32.780866675972156,4797.507770967416,0.18012342830002276,1.9918993623548056,0.017885954593683844,49.05926144659744,0.00016787163442717038,95.8508185892843,1.0749450738852677,0.9693422347841133,0.8862914323897366
70.90320894949741,98.59945563822124,45.24024322245306,0.057112569054124644,0.9840451087000055,473.9661148147025,539.5314097506312,0.0005419921876921186,136.82005695274586,0.4397,0.9501760317767274,124.49882937620913,0.1521092704200882,33668.84656805158,0.8720786248296908,43.888798085321284,0.05687563524055094,74.62894033222382,29.308744689110362,6622.542807000564,0.21611174717231846,2.088326154365792,0.028908756028500196,108.7871725790772,0.00015762642065456572,124.49882937620913,1.0260140029317768,0.9511309401223215,0.8974830434184147
73.31692373030216,101.88449600208969,44.66411195076205,0.05682364324982575,0.9801261628260034,335.10228714994344,408.620682005241,0.0005689146498709578,97.19835818167651,0.4397,0.9205838952138535,86.98224129181295,0.242532430894659,27462.83772599769,0.8579531199348464,41.99870792025958,0.055439851379969124,68.15970107184737,28.49491952190413,4144.324312460934,0.1046779127667721,1.9259264393662456,0.014359910573418,96.87055556533724,0.00013252636248221885,86.98224129181295,1.0276294991646855,0.9666538153075902,0.9374943389868942
83.67872252181544,114.02299079784704,47.70358307828063,0.055901101075306006,0.9947455558595706,409.98999491436473,487.15879831598755,0.0005036250363721507,137.48876803585793,0.4397,0.9600002121085299,126.15094296203274,0.15788208325345007,19929.496113266272,0.8788973304090736,40.43203376673846,0.055238261519307545,69.92098569029726,33.9023459478583,4872.222949757624,0.07238562645287733,2.210524208135067,0.018990094975317624,108.50168758955735,0.0001561050929200488,126.15094296203274,1.0625441154972644,0.9789992099173584,0.9081367170396776
72.25478801108032,106.22349659246254,42.082140703579,0.05566309420505243,0.9919922898878484,244.33855473891285,317.00021629336237,0.0004215295481136078,140.29189042035793,0.4397,0.9260446587800983,121.44625868309858,0.1829309412544202,22814.73015250234,0.8779731368130308,41.3937679962631,0.059167226171960026,68.46972233268777,25.748192054621757,3603.755941455095,0.08729735472816313,1.9989667561984323,0.022033700200001834,92.00426155098359,0.00014622044435341,121.44625868309858,1.0855382035380698,0.9781502450732553,0.94973025461685
77.05915565549668,103.08932300049773,47.10182975985953,0.05527028206509451,0.9884509246827567,454.2785750314886,572.1141750410152,0.0005958725910178977,126.64340766454994,0.4397,0.9776879021028821,114.6317070579249,0.16904536712881993,32178.247484143798,0.8570162679808393,42.88064606311072,0.056917453113037766,71.97987224690044,28.07763297896535,3683.2778143426694,0.23736924623318695,2.052916323929913,0.02086528842931841,53.03480902107726,0.0001695760651698616,114.6317070579249,1.0453233674326212,0.9694521392952112,0.9329187927771248
80.09182774975041,113.17267703955282,46.804928682198465,0.057108494118653534,0.9842716390358606,343.4200748998179,467.38621077131626,0.0004113674689147744,82.14787473608219,0.4397,0.9349558978175928,74.09163149534884,0.19941272761165843,24789.238584795952,0.848070365878856,44.96743452435949,0.05930136894419928,32.902261083928536,32.361257083502636,4125.6683676095945,0.15933642569565087,2.1345560562518524,0.028938813396299133,38.584511955630276,0.00017902322736170994,74.09163149534884,1.0968505810725622,0.989428363016288,0.8985442787968448
73.93043896925842,105.2268166707313,46.55251436552411,0.057912357823730665,0.9952386878887685,367.6327758838589,463.34669625144545,0.0005924749013741408,119.2723454622824,0.4397,0.942039977631272,107.7586860829831,0.16949448454047272,29179.59245862046,0.8285368481463223,40.71573494341315,0.05729367594944272,70.88824936147375,30.273902923658504,3966.7069990747973,0.0938189784798109,2.026125200589724,0.016486560722322803,72.97794803939858,0.00012747122694041032,107.7586860829831,1.080826026109083,0.9546818347806589,0.8805299239883027
87.60366720245479,109.36215216870424,45.14949187428386,0.05657506739443465,0.9814179053941628,394.545253959261,543.3246424839824,0.00045107164513705884,138.32042319516185,0.4397,0.9530935663639931,124.63802596823292,0.22362110364035986,18330.575319650565,0.8518210419934544,41.61725798347411,0.055055868016000535,41.1871244138205,30.398510979416287,5363.02563743518,0.2071729545197319,2.220736241318876,0.017552644466800722,55.666835416709944,0.00014940639667779834,124.63802596823292,1.0825369327909424,0.956331527416935,0.9169045232590785
82.37653327399094,113.64994261777966,43.14213226924776,0.057019547996100144,0.9928540481042355,361.96947586306453,501.0715363909187,0.0004984967842025618,105.60483400489747,0.4397,0.9501568679808392,97.68725262758896,0.17248194729053928,22995.372162,0.8438979205557672,42.427966463979104,0.0576432420313457,46.162782767929855,25.73511593743868,6840.015717927172,0.16740148010251604,2.1937171188703553,0.021913631390661013,84.34129978790544,0.00013548137940545178,97.68725262758896,1.086722715286161,0.9603330939693664,0.9294099042994614
85.99541102081258,103.34231646027368,47.17727621264063,0.057077807507686616,0.9937679683445901,368.9561366764536,427.661155177709,0.0005901323007487572,99.79756050387832,0.4397,0.9593088765208142,92.38752069692414,0.16854566688280326,31789.14368028149,0.8587364134345244,44.723218132222044,0.057972730936906,46.675663963835476,25.556896137732462,3904.710143050221,0.12346555979661403,2.2541009312958913,0.0219273378731083,23.893259211068834,0.00016498093017561764,92.38752069692414,1.0403590559321292,0.9821417969990034,0.9128778132049067
81.85748822477831,100.03268070296174,46.46756792737981,0.055484326317468365,0.9844651457976282,423.3569986867884,519.4020643176026,0.0005353321080262919,102.4963763473677,0.4397,0.9670068571495385,90.50002369859318,0.17168852177931737,33820.206754376515,0.8253694525823867,40.542109719310744,0.057257544377642675,40.45952367940805,27.974133812127562,6731.412730258831,0.05366050603909254,2.1138027466694838,0.025748819449609786,91.29820288422992,0.00012206779964746869,90.50002369859318,1.0464260479751142,0.980512731715886,0.9434553262336576
80.31210992077906,115.15967963064003,46.99692728628291,0.05557540425656509,0.9896664982653591,441.94141123915733,582.7890820921725,0.0005171122690410339,109.61534780399421,0.4397,0.9654586378396918,97.0178348894468,0.1797563312570483,21486.01328523986,0.8700950656204471,43.96910976155524,0.05919017139352597,49.72916314718228,29.010927807946434,6005.368217964588,0.20655729207537576,2.020453112730464,0.025890314929852276,49.95591769977971,0.00015267450416216028,97.0178348894468,1.0294745435571515,0.980910473593578,0.9337565648965209
82.30972633720337,105.88349836172742,43.414725439638815,0.05562453169111058,0.9904039873879901,291.84981902556126,363.8762398640357,0.00046517857177669436,84.91184228096787,0.4397,0.9744851360414095,72.31505194128421,0.21418313860133759,18451.456367314786,0.8780268694971405,43.61477338386306,0.058220040793670144,52.74839848645219,25.92203682053334,4208.021551542087,0.19348831317267895,1.9206766266317064,0.010217419168846487,66.22405047020115,0.00017142571427579932,72.31505194128421,1.050428465770006,0.985184913965895,0.9164188385913604
92.4878692008247,116.70022968088108,45.32624995862362,0.057798524601132044,0.9918256384718116,476.6147885147324,564.4543910679694,0.0004584812089248764,96.63795695128493,0.4397,0.9481949885913946,83.23713377181859,0.1709628381775933,15468.416774522604,0.8325617632247547,41.53218939822668,0.0568236961816726,36.68988654516963,18.709338844300735,4643.0513791326075,0.102421330335372,2.0621316675395587,0.025283987634663108,117.86139557672914,0.00014335718015418247,83.23713377181859,1.0228665730756514,0.9677164322675414,0.8813246739512841
79.90097070732351,113.92158805992597,44.49575543373036,0.0550467401816689,0.9980237593542369,306.169003728726,450.8637493421725,0.00040655553281851735,125.28545360883822,0.4397,0.9520503586539659,109.77918718755136,0.21968502884239247,17547.689114679473,0.8579670188141939,43.86876829504519,0.05859501194018464,46.17834758152877,19.96823274876912,4299.060537201194,0.10312399482066506,2.3238088070117877,0.024357373482180457,41.55754446105128,0.000170273816175185,109.77918718755136,1.0801189993329565,0.9627429187977056,0.9036772836385323
86.05656492034319,108.29336064361104,45.838028611429365,0.05662350631902854,0.9909283020002055,281.6976818593523,409.3039193282552,0.000517266445390264,113.07389693910255,0.4397,0.9724446322899712,104.77099758901252,0.19301708844122334,31713.357898934206,0.8681163059297463,42.874369288988525,0.05659806718460151,45.66659067913902,24.861502238051898,6441.47444432014,0.10429760590115256,1.8726156592874632,0.021715403600810763,31.76555827298955,0.00012881342498795916,104.77099758901252,1.084204569573151,0.9740152841490969,0.9146085695647451
90.84906290536627,110.58839485331032,46.51564616121582,0.05613153286705064,0.9813463691810821,293.42912663790736,426.66162672337856,0.000486020253116259,97.31389397506909,0.4397,0.9369398673056598,90.48138180716964,0.1697008578073564,24113.679033443826,0.8532645571473705,40.85680111862788,0.05919273817670437,60.36016747883973,19.081297268679833,6210.361282578526,0.18408395595085114,1.9292410536377456,0.016339735023920776,40.98138608357324,0.0001750995400420208,90.48138180716964,1.0370897980697296,0.9663948693538755,0.8975164038988392
85.52719125572045,102.08362600446742,43.04229221066992,0.05697805100849036,0.9868994381033653,307.5545472163487,445.50292495617794,0.0004448602393901214,145.16154102832797,0.4397,0.934755211049363,126.98753575665887,0.1740044514951041,20832.42954019149,0.8761262140922124,41.4286985662673,0.05640051852335758,56.13527166998043,23.46974762325099,4695.873646779602,0.10883545678266011,2.199147485192894,0.02814112133280188,55.1503525653289,0.00016748714617185353,126.98753575665887,1.0591919226925972,0.970953624562595,0.9386356344986166
75.65160951683103,101.10400556091669,43.04422939268971,0.055661476494307374,0.99256653693708,295.0791817428796,362.1967489841692,0.0004768428248774351,100.68796696956696,0.4397,0.9205474104339236,94.34216081878738,0.20273338162025534,30513.20123246703,0.8507119948482241,41.64170151012353,0.05833305539381802,62.22491340228905,17.942820423858123,3795.603586540404,0.11207255100639607,2.144971017901178,0.024764392525975253,73.6235289471322,0.00014346590899557755,94.34216081878738,1.0737594223095903,0.9556086928492303,0.9097129810263007
73.04899206268576,92.04277492347919,42.26164125563264,0.057883512459173746,0.9866628147485752,453.12505306543864,573.0524547970415,0.0005881884416242111,89.05225110016157,0.4397,0.9643088313905599,79.0400884230308,0.18786288838602255,30868.9184185185,0.8362328435080226,41.61514701344115,0.057075460212336164,65.27745852341542,17.92464866264815,4207.466735900884,0.12532379877819982,2.349711315696931,0.015145748069850057,118.02262357101552,0.00012783766623817441,79.0400884230308,1.0794032425369666,0.9658553003643751,0.8942660348328357
84.77192824120561,101.06804893555996,42.94311022998679,0.0559936460024197,0.9953588045623291,368.34580415539466,498.6259331669777,0.0005696800236886737,93.95438563462221,0.4397,0.9612551395620093,87.35927586873252,0.201372334066033,22243.2092646358,0.8482960115848566,43.73182690588703,0.05550591637973283,60.01527457859625,31.864303460242958,5867.554900774263,0.2460402652545352,1.817419962873242,0.016104403998777096,106.98833829051061,0.0001512253611914494,87.35927586873252,1.0975550657811488,0.9689053617020378,0.9345369576751068
88.18488228939233,119.4462714784264,43.44103937777801,0.05777778034484972,0.9837981081218855,490.29361458120627,562.9415644173997,0.00048608145981043194,100.7609364628849,0.4397,0.9366032191668459,90.35085827324875,0.23125795891506287,33027.35288112801,0.8492719753078727,43.3014741858332,0.05814852382107049,40.85599470210748,25.844999905229805,3925.342103082492,0.1420196813882751,2.327109771838357,0.024209114188588777,91.4956445426563,0.00016022557689429124,90.35085827324875,1.0360522636476153,0.9534976173790795,0.922579864684089
89.2184287548922,110.79036708172416,42.43511147459674,0.05676760107090337,0.9828601022884068,225.18667261271798,279.52265835931985,0.0005959906053137746,116.57913502531107,0.4397,0.9277949282889052,107.39970044266234,0.15458313771021856,24262.246662884405,0.8352226879546379,44.09927578031715,0.05691526902892203,52.595380971128634,30.608697745451025,5531.275803032679,0.12547507106433145,2.2352939515366765,0.02835308637525534,92.05295448688908,0.00012773559244482014,107.39970044266234,1.0397379126982198,0.9897798102634133,0.8937954912790289
87.34505493674422,113.93285857731223,44.13414572943072,0.056243383296914515,0.9846206533945198,384.1940522149149,452.0296336429132,0.0004924235545931711,84.64244759746153,0.4397,0.9225518554690625,74.96200148840246,0.18936106307641995,20224.623618519392,0.8672171674763913,42.55397920040156,0.05817131699004431,50.99587001942956,15.23078749379842,5806.544443831954,0.1440045955288794,2.265310012277425,0.019810823567139747,48.378339642606186,0.00017599045996093262,74.96200148840246,1.0883103303010246,0.9515114370348047,0.917292223368305
70.08635562142818,87.17926841705014,46.05099777147339,0.05720165656980505,0.9975217001059573,228.80728919990256,352.9475763207292,0.00046982837564301966,139.84594528525793,0.4397,0.9492717732732003,119.85645758970044,0.19154427889583703,32995.117827080365,0.8570647969308881,41.75265828428878,0.05769951789955843,33.33225873592721,20.71261933661092,6075.9129904843685,0.19384070096936923,2.0272002475581092,0.027583993806873465,112.79691405742815,0.00016576210419093557,119.85645758970044,1.0277770573141376,0.9867806245894531,0.9286164866201185
89.34600737117341,114.45766003218937,46.758438766464906,0.0566591940227973,0.9936186940211011,337.65502540415844,457.08408913486164,0.0004775841219097495,141.42336510549535,0.4397,0.9316089373115981,123.80274265296816,0.1750917159544031,18059.02955697802,0.842222107462314,40.338756335906986,0.0552079756244689,70.25167221783322,15.353612763962419,4051.2806820560963,0.22673814705990464,1.9843951341093318,0.017642289799498834,73.95521608177157,0.00017709788055494057,123.80274265296816,1.082870581014458,0.953207926607803,0.9113903327759462
85.11556723575448,112.7523694863381,44.0748975771498,0.05541574757791396,0.9904009730303746,314.8205067600163,453.9931215466838,0.0005749233373021437,102.28454144419217,0.4397,0.9676038273443198,94.07200392999815,0.19418792028899298,34918.87038547892,0.8452993736809086,43.97196208628609,0.0560248914167087,34.114591048467965,15.067642909127628,5254.941171095225,0.24816036324967777,1.8086267003906453,0.01790327495313243,36.252061871435856,0.00013795460213046599,94.07200392999815,1.0306672577383948,0.9843719057685623,0.9011667431676486
94.70453456078764,118.70180677967153,42.50294938777377,0.05711346759900284,0.9860067457109318,404.2324745335902,485.9277766665221,0.0004535509501181963,134.27186976284196,0.4397,0.9770020237431065,126.45666950999329,0.20666330897398638,27265.044529263607,0.8423020671153036,40.37384497047714,0.0585021054133969,73.93991649446424,15.64032808855618,5268.227838922705,0.14721284573402288,2.272443098688333,0.023718824035099943,115.03025160361453,0.00014600581550101518,126.45666950999329,1.0571576569664343,0.971929671077983,0.9282768076476834
89.11468200831871,110.86431833664366,46.55623395695045,0.056738481736918915,0.9983718167988708,423.6334439843588,535.8078501078508,0.0004444205525914754,121.97849126687322,0.4397,0.966611565939567,111.3455232803619,0.2084958207847286,33306.94928805136,0.8468739122613061,41.50732289437844,0.0573382791833161,31.428563545143408,25.430485155738467,6607.017349084957,0.14202860679534504,1.896931929231872,0.011010753696554063,70.65259154805392,0.0001344065552551059,111.3455232803619,1.0673794522157032,0.9578533947218476,0.9281086259906134
80.75517901926739,101.97427970725401,44.347102130217785,0.05669693495699439,0.9977755280664489,271.4280956197094,324.10743615152063,0.000592109464830607,139.18108054331896,0.4397,0.9710957236045155,129.00629632366568,0.21698333210348278,18576.71614828927,0.8516856736276605,43.34441825077883,0.05733234705661712,62.83554823875319,16.81644110637115,5287.381234928429,0.11606231671867118,1.9356775049636683,0.012778436616270886,35.551214631035634,0.00013642700937078296,129.00629632366568,1.081430206140442,0.9592531355550511,0.8811856199992569
86.90374897919799,104.09142403728724,43.508565570324436,0.05721443734109678,0.9879880090933487,258.1144449415711,401.6228754648848,0.0005468537815999454,99.38764099663007,0.4397,0.979447538528774,84.61986407891753,0.15767688695067836,22782.225290858947,0.8398556183298136,43.82085157112614,0.05501199300095682,42.940852614916274,30.967479783170596,5064.464737475865,0.20581852292562292,1.9659368684680831,0.024568500207195604,93.5232166294298,0.00012871720174685775,84.61986407891753,1.0291623737467999,0.9640643344966978,0.8963887716310271
85.39839337291576,102.71221756748625,44.82414585268408,0.056960440562748814,0.9950544767534151,325.85312975817436,431.3023903778003,0.0005527561629532268,122.71650184027702,0.4397,0.9644486268800769,113.63625429794575,0.19600075509056786,32465.0186526947,0.8690894064641256,40.34256387421812,0.056513990986469684,70.71225766123268,25.32375253871475,4044.4576165821745,0.18111723359965531,2.3218045944114767,0.014841709841006558,43.379010650932365,0.0001275141589797802,113.63625429794575,1.0859246473657387,0.981760908957694,0.9252421239101144
78.43483695477357,103.34876021277582,47.8191856564446,0.0560987276904237,0.998271278315868,272.59619015086224,397.4347249206964,0.000548058079770882,85.08863652371203,0.4397,0.9540394200358792,79.43481572147802,0.2257612564721148,31742.01767800964,0.8757020276904048,43.03808841972065,0.058347329816021795,67.08143632288707,19.907061226990596,6100.071664034891,0.12267290271455951,1.9727402382930732,0.013501581173922377,38.7666939110371,0.00016024706635494956,79.43481572147802,1.0880446035044133,0.9558858486037012,0.895690134891156
83.33822861088461,101.11481368857993,44.23583901988771,0.055955466308959693,0.9862670682114224,402.9872021363642,481.36879741998393,0.0005365814725757322,80.66164371040506,0.4397,0.9686006737789798,71.89090998680922,0.19550453217762606,32437.022996814445,0.8513680179677247,40.68569455381345,0.059434940444998315,31.125490634223226,31.77314287984074,5831.2421328477085,0.15370833631926029,2.055409940028545,0.011781054487767537,46.759147585953635,0.00012941659967804847,71.89090998680922,1.0834799575320746,0.9596892569706535,0.9473858396205357
75.10952448705254,94.57854132645676,47.75671844632025,0.05575245656864221,0.986574366872544,355.30929492886344,413.5047322406896,0.0004182495935148786,141.22885196687866,0.4397,0.9538310999615539,127.01969492293625,0.21564860352341392,20609.18299907494,0.8626817676342393,43.786199821984646,0.05787003532520299,30.98778026122193,25.192753286071984,6181.01946137104,0.09116415465703281,2.2484067139514092,0.014497089442758345,77.8276448121984,0.00012800610725147935,127.01969492293625,1.0949848999008767,0.9777071172249384,0.8913953655654641
72.19575429957032,90.49210774806954,43.519014958078756,0.05672543629133179,0.9909161258550943,448.0931053794194,504.37531125419196,0.000550735769444524,100.61834462494252,0.4397,0.9459509052407005,86.05256223509797,0.20904488650949304,27352.360498277587,0.875832350840601,43.64926418623399,0.05770322654140478,57.143596459798744,22.015980765364517,5962.619717881854,0.18879872972619544,2.335362600464002,0.015009418176879435,49.258945960259624,0.00015207514350034306,86.05256223509797,1.089778011630296,0.9745596528997956,0.9323751242887017
88.32561108560206,119.37529831228574,42.6332685601134,0.055899663277419104,0.988167331777502,494.38161268360227,625.8476519668844,0.00044978438002718404,111.17875312274457,0.4397,0.92195029881982,96.44351760633303,0.19647189192855902,22791.970553152554,0.8315163710855397,43.74028784527639,0.05735157381924513,36.731621377491535,26.35901293690857,6751.0217797807,0.10042470942270543,2.274709516234287,0.016823226125846875,24.081347376007926,0.00016223988463679023,96.44351760633303,1.0814382979379284,0.9668329828648271,0.9498825838814577
79.60321735639408,103.59755870983213,42.94307281801436,0.055361254875395303,0.9952295915140523,313.4323593561427,378.62695449683554,0.00042648105284172165,96.22455688785425,0.4397,0.9585788235801729,82.33432234650296,0.15789285452434604,21415.48806922583,0.8313833523114817,40.3187878642895,0.05839240561944908,30.6371385670761,28.452174662612663,6758.445982582901,0.11990921380451192,2.1212483201137102,0.028766591070001755,58.749705458809736,0.00016668230781450034,82.33432234650296,1.066346865571532,0.952421449151431,0.9042604926770216
88.89283305831168,114.94462368629716,46.64269043905304,0.05734809247648237,0.9907386053367284,473.59901524274386,605.9992003863745,0.0005966005983631618,141.3765219373689,0.4397,0.9738510819782924,130.50987478631197,0.21332249923070631,25402.552065437638,0.8243566617967795,42.797126401639794,0.05899065581028444,73.54929263993048,26.176073969917653,4707.659727676315,0.06362371613834575,1.80130751899638,0.022892370134528432,43.438760239670586,0.00015481434230825273,130.50987478631197,1.0846899662809948,0.972339951570391,0.9222189165269755
82.20842543001602,108.86758839136212,45.22567869869336,0.055627396726546985,0.984237109172407,433.1516711463008,509.678237580049,0.00040557275668178704,106.9173937880636,0.4397,0.961589088924575,99.4317226180495,0.20345130045241105,29301.058949227147,0.8465261795481844,41.20424807514442,0.05610341858707686,58.47881375256417,33.65570570736784,4256.683412713024,0.09397408758997633,1.8947053678103098,0.02386627196610383,71.14473419546985,0.00013209368490657773,99.4317226180495,1.0980266296026482,0.9591688505491102,0.8873998378856021
90.2447343686683,113.1724318250036,45.49153350229836,0.05549463097553346,0.9871277453436144,244.7370234516176,348.8642283262958,0.00040632721871470374,92.53831280870635,0.4397,0.9442487765420173,79.66315060517834,0.15056845748170028,25370.356615912213,0.8398688478152857,42.47903969125944,0.05856988208465359,30.487470286160352,22.079474589601418,6935.319004671204,0.08897651016497643,1.952161661524526,0.012654967787401892,65.95616036748834,0.00015439380653143984,79.66315060517834,1.070985539903245,0.9744840130783956,0.9235276443577886
88.49022054156174,109.45884155442829,47.80625038111313,0.057547002918477565,0.9934247810484634,450.7784921576015,526.9701514413498,0.0004619825064884167,122.55950200087489,0.4397,0.9570139634612269,115.4706116634398,0.1706856694528389,19609.958159829064,0.8536320431475146,44.947056654424095,0.05621927400627935,52.073390042468034,23.198988209902318,6166.943660098576,0.19706133670157872,2.048259332397327,0.013853333771840174,27.808307491299903,0.00015754784022152074,115.4706116634398,1.0394084098671124,0.9609806363997531,0.9491265945953541
89.10327424304259,111.75218444179771,45.02902422311379,0.057106384025985286,0.9810686848764107,344.45219369082076,399.4605750524046,0.00056884041264529,94.38243282582471,0.4397,0.9687773704047574,88.14872477416611,0.15613995759944846,31149.852672510824,0.8470641216383913,40.45236458017433,0.05515896149848394,37.08915731802238,32.177089041529754,7095.518640773365,0.1888935576879629,2.017313768774965,0.027973422009742073,44.531404740660236,0.0001354858456855172,88.14872477416611,1.0398276695934823,0.989213238483123,0.948100141850794
80.73328719844405,106.42975114684056,42.702125333667034,0.05729847089713279,0.9868433435028926,412.74826136005777,516.9761520832726,0.0005955888242663349,98.24829203710007,0.4397,0.9658544080814344,89.17294966070648,0.20702342601290055,34555.77358920165,0.8314116344685297,42.97026011423869,0.05537339940095505,66.23319564209422,27.74975096233632,5389.040532962675,0.15762876177098395,2.1086438059254284,0.02268618253819288,48.1484278408375,0.00012866911828944905,89.17294966070648,1.0836789794194557,0.9736237588124819,0.9088244732787855
94.02948149366709,116.20102670513249,46.31109140615995,0.056051081638354795,0.9803219222318736,410.7834812959097,497.4955223594393,0.0004237055445764938,127.09565382066697,0.4397,0.9494707067595095,120.46492238184939,0.15151479511190225,22257.572449459454,0.8434708188920446,40.82499766050639,0.055232707652990966,31.29069458326992,34.32533498637548,7064.076083734475,0.1274113022939523,2.047216516580972,0.026193019906505563,68.47366321877347,0.00017553904215309243,120.46492238184939,1.0991559965061226,0.9728522218681824,0.9374434318660549
80.13136453695108,97.86368302454571,43.24710818441786,0.05685230862316632,0.9964173391264217,465.7896811963165,559.3006794781982,0.0004790879667693898,147.14536130946334,0.4397,0.9417006166980932,138.0586591105324,0.2342420951081169,31985.056379169855,0.8217338101256197,42.55025460652156,0.056400867781546675,46.691220816221666,30.843293160404308,4041.7876580521815,0.2278826239175164,2.235640022535579,0.017149252652725083,102.22188327381954,0.00012575682985262898,138.0586591105324,1.0368249467604547,0.9834707353766389,0.9378619791558775
89.82859395634303,123.10233279921557,45.489228088814514,0.05779658275065651,0.9823437986349589,428.34941103496715,538.5053014325264,0.0005468603657039539,132.83669076653143,0.4397,0.9438118264897167,115.868686924196,0.2447453999003183,32277.255435489784,0.852243085373723,42.604500728301645,0.05563586650387914,40.71127451356576,25.258565575589184,5725.312423247404,0.22681666954462976,1.831338425165589,0.02154413746359561,41.86026985971083,0.00013663088446585683,115.868686924196,1.0976067757290462,0.9897265913448501,0.9029086635602894
82.23972013502822,111.88784497290442,47.12627259277197,0.055848091787332875,0.9815440944170275,447.3871214353676,528.7531921721193,0.000529105649559744,88.6899666093902,0.4397,0.9744745487464146,83.84781093988065,0.2475578995354071,20210.424811429133,0.8362636088851523,42.28112839363424,0.05542602022982938,74.1392866710226,27.694366334002694,5388.247099678421,0.17056703463979667,2.396836905523746,0.020044152237281967,35.81866718185554,0.00013388689782348583,83.84781093988065,1.0414631322125734,0.9811668797111268,0.9375923345354408
75.87714159001156,92.20253879931634,44.86248645259559,0.05520688628678331,0.9957318603333255,296.27358174116193,402.65412501389085,0.00044667533578317297,101.87900481078815,0.4397,0.9301912206428378,91.10998041424413,0.17265844605637892,29106.142555744773,0.8267415300770274,43.19807757471463,0.05573793595406053,33.51502258466963,23.121688184328193,3609.521717347198,0.18158960900469,2.3058353115223675,0.014108240203263702,20.10215775176138,0.00017351905895025862,91.10998041424413,1.0530242343426799,0.9737558198394308,0.891368320686481
85.72284841759874,118.83684742038747,43.88571060540957,0.05551263417727741,0.9817901372521778,491.941257788599,607.7185764316098,0.0004658411880153832,135.7455465569198,0.4397,0.9717787755331736,117.48595035924329,0.19951408554197184,33768.344034226044,0.8239514118370121,44.87096473283166,0.0551909915113701,62.39501093131642,17.552912384797615,4294.435372844216,0.20929014113805205,2.0009800003430893,0.026495390220964768,80.650318917313,0.0001501175603531245,117.48595035924329,1.0926522621934585,0.9845409916705101,0.948521543756396
81.72773551265985,100.13703931302864,45.45327952324226,0.05769239884703217,0.993685250854819,398.4776486080351,457.43214200177175,0.0005188749303719812,99.2603152284118,0.4397,0.9317170229284942,86.3573651741015,0.23911687748642724,29797.118826689286,0.8628669344406008,44.026093510458814,0.056717758271588176,51.511255439159655,23.142210828032987,4152.499744404005,0.1945549917242475,2.038081264963151,0.016675124800330957,52.56398560058338,0.00017739476796497497,86.3573651741015,1.0969451573892413,0.957248362561772,0.9404919049421497
76.60174655761166,93.55635022745375,42.76170774769268,0.055844593246580525,0.9875972715151868,432.1074933435998,517.117150038885,0.0004070813114228687,131.80486874946763,0.4397,0.9788533849900667,121.0521554327714,0.21873350235332056,15600.435271731292,0.834840431043924,44.79261828428235,0.05911408004399467,66.74204459552982,20.629715607520776,3818.913438461594,0.09498029643751615,2.378224025612133,0.01933774910151869,87.01553525144845,0.00016969315398372868,121.0521554327714,1.0653563527771381,0.9805691748522951,0.9157415271585054
79.5632919925175,98.02762994722917,43.84538433766655,0.05647375872034349,0.9964339891783788,457.6643856538124,516.6591154711243,0.0005516457954709696,113.02547091218375,0.4397,0.9469005761321225,107.2335757453412,0.17987460553669518,27090.384638043724,0.8595278185703923,40.94726484086268,0.05776889291738818,39.64100508293582,28.561597222905135,7013.336672080954,0.1506721403392315,2.36148257593262,0.012659861940465571,89.01423944245859,0.000165292268414663,107.2335757453412,1.0960072375569925,0.9771959549572724,0.9069725439856223
73.99843344156633,107.65911155475627,45.02485672116226,0.05660370680219958,0.9836570250897267,237.13496582326974,287.82832458801613,0.0004550809838549826,141.9085969222527,0.4397,0.9640058273464436,126.9410955244318,0.2333951883945378,30569.02834300988,0.8689305108930447,44.966146811123,0.05532483309891368,68.48828030765571,28.383944414877188,7075.321865176169,0.08037718074034482,2.0359041393248862,0.022767133913872487,24.47035243664903,0.00013060676941068937,126.9410955244318,1.0873935262845775,0.9725300432216217,0.9462164042684915
94.67613536859338,114.10202091666376,43.52490698172743,0.057880040875053024,0.9816883414711508,300.92326234682025,356.04627761732706,0.0005656692368645408,105.14043668932842,0.4397,0.9637624661904896,95.39533478485254,0.20739361898808772,27362.731644444575,0.8499991449528499,41.525818852007575,0.05687461640102978,72.76652616486882,33.747357870805615,6810.299987784188,0.2118761706980996,1.8357694972641567,0.025822708873193857,61.84116971550834,0.00014066122586000224,95.39533478485254,1.0893116426079694,0.9846702464289777,0.8849788287821401
86.07959301949661,116.8194315335367,42.235548729133974,0.055904437045914,0.9845681490448823,450.7807914459737,560.002270366043,0.0005367337683641574,145.42000196732306,0.4397,0.966351863182893,127.97308583274055,0.2229984530729611,15574.796891628273,0.8279831592865736,40.170828361818074,0.057149173411130065,39.58983862857432,16.58914880965715,7159.971137306105,0.1807153727698188,2.3927798200605963,0.0182077661472956,116.79826973607484,0.0001692162230213656,127.97308583274055,1.0894598668909252,0.978386285531966,0.9148872697882473
74.33862117698072,102.19938568115549,45.51084587653115,0.0565641738729701,0.9986427006962062,476.5945973396781,535.0251243963155,0.0005290829041733223,108.52042767727258,0.4397,0.9673637514970542,101.41730466860868,0.24694094266532482,17403.38166884483,0.8568728720529137,42.18118047336236,0.05586205718441307,40.92351742456966,24.35136910905913,6590.3911825236355,0.24581824349545006,2.1922520281777937,0.02956264020113602,47.514379708076,0.00017901184692397954,101.41730466860868,1.0508999047013234,0.9786693384219978,0.914086283030984
89.11470840434447,114.47916997166357,44.40748418886769,0.057874372985683424,0.9965824194632863,426.82802661586175,563.6781857673404,0.0005534722241888266,130.8364997695054,0.4397,0.9223444839312275,112.71768502960401,0.2497509348103772,31032.44575181316,0.8242964508490661,41.23098514320399,0.05686505938943016,73.36504092338049,22.972783685412544,6955.851852366098,0.0773019372872924,2.2158010862594253,0.015151679166651912,72.95504347304534,0.00017267524750666106,112.71768502960401,1.0224532855279813,0.9863896584523643,0.9066927288497866
85.04696243701109,107.35883518027944,44.34366155660898,0.05560403446018834,0.9857157461486714,344.69267946519744,470.63708750364316,0.00041502690432335446,93.66361901940657,0.4397,0.9364000617994876,85.06761559230506,0.20048217628612955,24761.06721905973,0.8690286119058855,43.810602702529025,0.056683775160918576,49.535731663017444,25.54876765973478,4311.472066320862,0.15202953693468085,1.9647572766489907,0.02746161151533373,73.78135706371125,0.0001769047299428481,85.06761559230506,1.0331721813437122,0.9779764824854024,0.8878839305502898
88.06378013982446,104.92246225771862,47.98087677538785,0.05679365590542205,0.9841222828238265,275.3366790818511,326.2185061734148,0.00045199414637617816,117.15526153699405,0.4397,0.9337825692565629,106.44985372242998,0.16566125191283376,34159.53750875202,0.8656924128355729,40.434706521014256,0.05746904175818376,67.58593990890998,17.391261593502797,4524.781893626449,0.19480206765227515,2.2912226818462824,0.024424309937558498,46.055125738942024,0.0001585109866218464,106.44985372242998,1.0259574694099802,0.9602169565918521,0.8975966921784706
84.61215933533042,113.82525489136144,42.67070419132176,0.05519082026810785,0.9831368377575558,357.5082469780431,464.832766603392,0.0005043474935281455,101.70945100672732,0.4397,0.9619155936869949,86.46462556926141,0.21195592025005572,23299.631785167305,0.8441250032954842,42.74001603477929,0.05848646078421824,67.90932866003345,24.828530801215102,6703.437957109691,0.22346846650717028,2.134489125814694,0.028545232527972142,97.92563689106838,0.00014896903586027923,86.46462556926141,1.0393918556389388,0.9573450086250745,0.9488182770915842
71.51168048466012,94.40730998107526,42.92505382683726,0.055788925535974206,0.9844240681205813,319.1900674254763,370.2152586801893,0.0005554312667305769,80.89085846154373,0.4397,0.9609990473015786,76.36551958319001,0.21438534985047752,31434.16529583611,0.8361457154198978,41.446983362637845,0.05739418477942784,43.988365105080014,28.14022007392939,5326.069424265386,0.22067954624775926,2.082145400293221,0.024812964268878468,20.368286344886183,0.00015088329188470457,76.36551958319001,1.0244235122249006,0.970527873038317,0.9365565971967499
75.08099329668141,100.78071610006704,47.25757090490674,0.05520764481875235,0.984100878868466,465.6892388876968,526.6087202455373,0.0005698111505316426,110.60916288040067,0.4397,0.9378220090504169,104.79490800888468,0.2072144892265119,15709.85081661391,0.862573267225688,41.03366579109992,0.05536977025570267,38.045328050536035,21.27572607592407,6181.100738220401,0.0903998920855774,2.244721194563805,0.019897045554482934,42.67905068358469,0.0001475095082274953,104.79490800888468,1.0421552589577496,0.9593964862773808,0.9386798209935523
89.2186082911621,105.25384461039692,42.78156995432429,0.055990458242985236,0.9977637573698622,370.17950274238126,519.0044303954787,0.00047642073094708473,92.07474878544733,0.4397,0.9676125160045093,82.56778642224434,0.19220488505389144,31820.294604791598,0.8540325885361459,44.37819340497958,0.05527614352945081,46.49386190439695,28.008843226534488,5622.872731073725,0.2464641877319737,2.023139685523174,0.018269409270622018,79.25272735967901,0.0001292922220844845,82.56778642224434,1.0671168059810745,0.9779854333122123,0.915667211661895
88.85875830260224,119.37751489957074,47.5057369924867,0.055619301423389576,0.9803997181672833,317.6199055567523,413.3222249863775,0.0005587295302216873,147.10096727643426,0.4397,0.9386972344913058,135.71008005525002,0.20815602400266328,32181.15415355969,0.8287055297457588,42.577526192047756,0.05943979715533296,56.63562739678106,20.31343372888768,4700.299464368578,0.24626855752839988,2.05764289072118,0.02658798973523284,111.72936667042279,0.00013834572507542012,135.71008005525002,1.031284789672395,0.9837083833919127,0.9263277801748172
88.84688328287766,117.69231354073288,46.03176516770525,0.05739524716846667,0.9976024501922099,349.5439761516684,402.2650963216253,0.0004440548220273631,136.601213778896,0.4397,0.94057611322956,127.70453985027218,0.20340403032753512,22241.516584259254,0.8655512244001826,41.627222865340684,0.05847382031705836,52.368858644005165,22.386108150643594,4625.405452051406,0.2438117295663147,2.1913960968044535,0.026807269454602885,20.953115312394026,0.0001254224453630673,127.70453985027218,1.0452594250349976,0.9616726403493828,0.9153504151514202
70.38036793567387,95.96637533393994,45.168977429543176,0.05639018634734863,0.9808284941667411,480.0702631169846,615.1017149761842,0.0004164870486348154,131.76675878650363,0.4397,0.9439310515849337,113.53952866571173,0.2444692629223587,21189.0408292655,0.8400385103136587,43.73058948032019,0.05828589628598841,63.15586110652576,33.14576600635846,6293.446565738755,0.17272256193911964,2.183751852076478,0.02177807835574701,80.08678616936129,0.00012531360972422675,113.53952866571173,1.0379308806862146,0.9865389764361752,0.9274151583344605
90.12876978396525,115.05491834211483,43.67040408917683,0.05621500064126351,0.9965366966102696,383.977543559414,525.7120265968207,0.00044931668501344143,111.73324221873327,0.4397,0.9646753825611835,95.91873027100914,0.23376004326936284,33198.17555033747,0.8736308495547435,44.26595244499068,0.0595660063859347,54.69640496861584,15.501167813097041,5515.542406905444,0.21638705169476774,2.3827115802083867,0.024042486531699575,20.336671302469526,0.00013871006968250708,95.91873027100914,1.0276081765069975,0.9798761450924637,0.9404427897030929
80.97820486956113,102.71882010114928,44.15684089242803,0.057076969382465176,0.9885149447288317,268.69382003468985,373.5321640153525,0.0005806296324847731,98.13733769195709,0.4397,0.9207066758859225,90.18144009526188,0.18936891209752038,30554.094486689486,0.8697681019024855,42.21043919690869,0.057707529320719216,66.24816614008601,20.45646867830981,4893.788450242076,0.0652067215401609,2.1377107855607114,0.019257150722804643,82.2817458692586,0.00015996755100190207,90.18144009526188,1.0740878870679977,0.9895256364691398,0.8969816292489085
87.34153628358418,109.18961419160006,46.95572741948058,0.057841597945752096,0.9815441110923495,350.02327371190165,470.6174839349137,0.0005088072841177105,102.70541352092187,0.4397,0.9743879150752462,93.04589042199092,0.2070866541305668,26958.9745802677,0.8365487908060022,40.910620225861095,0.05536861656406705,34.67720380779269,33.71451236316612,5821.342914686279,0.10109208334162278,1.9925912695718284,0.0143674261336339,61.159541089783794,0.00015682260402108097,93.04589042199092,1.0914421070865004,0.9579481725612703,0.9465625289921777
76.80199195685164,93.17131032977474,42.345027289511584,0.05590463017888684,0.9959801041438493,339.6974710982745,467.70958478503337,0.0004962698220190015,94.30549144530885,0.4397,0.961523296171232,86.56672317096401,0.20660528986752646,23726.898627719278,0.8353152243321504,44.97168879768,0.05857192360701338,49.75925128182268,17.94085636951972,5111.775304525413,0.06839918009337818,1.9724633264818414,0.01099960957852498,63.44542985291705,0.00015356778375570087,86.56672317096401,1.0772794343987768,0.9684618826761443,0.9439528271714885
89.23821592049708,117.9724877956157,46.61129164203752,0.05520025314203565,0.9851287941719712,293.1212825319735,416.58845928953474,0.0005486669379888519,118.63220624474262,0.4397,0.955195902787713,107.62309607556332,0.2010718183321171,33241.73236709709,0.843873370444906,41.79488119507852,0.055811361356866276,30.72282403417932,22.948156281419166,5310.269435690712,0.15111214340846058,2.1204114038422124,0.02307410764535205,116.7509624006101,0.00016493593655866743,107.62309607556332,1.0747371415706044,0.9756123166549392,0.9093503905951035
94.55704422026335,110.45650317274263,46.96692411214245,0.05532934050176261,0.997560561052418,420.8898535311779,520.3420656755313,0.0004020185862990113,136.78934796980266,0.4397,0.9342398985861677,126.20721147003363,0.1558065547566172,29944.441957579118,0.8682689900462578,41.02752184188358,0.05833097261625875,35.43631995583119,24.08191335003208,6040.474924853072,0.24294603190223152,1.8717353650819517,0.023384260652950614,88.22463436546903,0.00014536149591868545,126.20721147003363,1.098641459728645,0.980516702075038,0.9483769951061537
76.33846876748298,91.3668443542199,46.235801453301924,0.05757164507146203,0.9950451530841529,280.4860848352378,413.7545287625087,0.00042366062373943415,93.11876139230675,0.4397,0.9671307990799557,80.59344300980194,0.22125944961700622,23336.718209586455,0.8278392437895075,40.51654542532609,0.057003538389295186,44.91782790740553,28.052946746343526,5248.674727094338,0.17983415004644104,2.152859344945229,0.02330527123417667,39.6414632682566,0.00014652611296453943,80.59344300980194,1.0785020083062964,0.9864773074755078,0.9417766903585361
89.60494101042198,105.2245647249302,42.32702798844106,0.05753756497375791,0.9996354094593459,347.76469848866174,450.49755057000834,0.00041992054515227435,80.3183214675013,0.4397,0.9723672888101502,70.00238194836912,0.2231270609279974,24934.40266069486,0.838963062471639,40.61926968070687,0.055141129045537945,70.56808579524082,27.23546580981975,7019.786206287898,0.14225042340458663,2.0341529644694445,0.021248149310336105,119.73372148340607,0.0001510811043703245,70.00238194836912,1.0237682089799314,0.9856508012771628,0.8828054176206216
85.12376132572292,104.19271076106428,46.45592952218804,0.056426096220740955,0.996637457812618,332.3140108805203,408.2643375991564,0.0004243334222149805,88.79245616740201,0.4397,0.9500928032054167,77.57817465033455,0.19841848163846668,16968.63310692993,0.8595464766349914,44.71521345404192,0.05527764780930117,47.106987172192945,27.535246875102725,5346.6934799238825,0.20856714718654046,2.0111982471103738,0.016848017227756164,45.667773186535484,0.00012399543241797738,77.57817465033455,1.037459716046291,0.959444876659505,0.8829479916829769
76.82739542314187,103.2313097193363,46.33898339463697,0.05544292888991781,0.9848192280689387,340.0588001737347,390.465511658593,0.0004906900729397625,112.26525045261258,0.4397,0.937547649455185,100.10153620459589,0.2401572966379542,31214.899980913302,0.8220094333786946,44.73330202289762,0.05696316946828349,42.306005161458295,33.808215027449506,7062.562153880803,0.16006724070650513,1.9154864124064666,0.014840732814825208,88.59068226598829,0.00015490152741711233,100.10153620459589,1.07099696936115,0.9668988447106843,0.9295099205426114
77.35892609576617,105.98211011439743,42.07856325619753,0.05657946812977054,0.9881843040072055,370.032667242132,455.89165969002954,0.0004561365829129508,81.30172221147222,0.4397,0.9428332019611504,75.28182024667257,0.24839221676063197,31834.045502447465,0.8233540092756093,42.53966498761014,0.057972715646281536,60.18548651595785,22.85569877594365,6651.677356838809,0.14152953339007907,2.0972480174610397,0.011314096498307852,88.02949954461415,0.00016501436207315022,75.28182024667257,1.0711235470624985,0.9787321955621973,0.9348570377785224
88.29094179556643,111.70570944788868,47.353700191727356,0.05700526567053938,0.9939326060300278,404.98917981727936,463.2477469612662,0.000557145001558586,108.22875142840337,0.4397,0.9449750607563591,100.99254259748622,0.2312912799207437,22112.844819041864,0.8657302658585624,43.46067636045282,0.05585448606138172,61.65619532208528,24.796256671926898,6807.338502542412,0.1758656362036724,1.822579764732708,0.012960174656802562,104.97250173882489,0.00013581854274575752,100.99254259748622,1.0866078733737403,0.9552925697260652,0.8974080843797725
77.1086494649038,100.28142344600865,42.79317495196032,0.05599670947038283,0.9863212991254902,242.89995280572708,299.2275946692499,0.0005678078235514791,87.78106519114777,0.4397,0.9383549228547722,78.13652975558216,0.24278630630325648,21193.07467837054,0.8513405728877202,44.16320771971324,0.05553374941067898,51.659787916198454,34.2794832781581,6347.791187173447,0.15236013737314025,2.1643103555099517,0.02256596368629913,59.886687524007044,0.00017128883271368427,78.13652975558216,1.0327067850532536,0.9883746095374679,0.9149115654200316
71.19483917968631,97.73055694698233,47.764693032132286,0.05524755408646249,0.9909300723729729,286.4975305111491,383.4199536615258,0.0005849878694426669,87.54364932261896,0.4397,0.9627313110131831,79.68266540303777,0.19875026786558112,20044.68308562526,0.8534561395568162,42.78727290836973,0.0568811521104071,42.983343705762316,17.563049996123972,5776.292307470598,0.17830904247859364,1.9713294505663876,0.025361426910796,89.59645131253708,0.00013597298187231522,79.68266540303777,1.0984973448771331,0.9798781106532382,0.9177473891567758
91.849007496255,118.78555885557194,42.42462348656514,0.05596582492518443,0.984752942376431,431.8510301688691,576.2184718534779,0.00043921247984011986,129.882771180485,0.4397,0.9405304584751876,114.2342143679045,0.24142412875275368,18469.174371055833,0.8349318381638294,43.334906198889776,0.05902090364264994,43.58147075424854,33.964234478319895,5517.60357914808,0.21052740415089832,2.3430420159734227,0.02815245675272373,82.5941073879665,0.0001507928100218168,114.2342143679045,1.061303278128069,0.9831536753534696,0.9111917032442793
84.7237313427002,116.6236830159627,43.42829657313571,0.05707172189981251,0.9932590172217325,472.3236057159858,532.8750485214078,0.0005005703368782422,149.96480465495856,0.4397,0.9692730325464746,134.6050630249922,0.2435026803022893,33955.70234575153,0.8519070129508404,44.8348696758578,0.058920027591733565,38.349573822719904,33.96560823806186,5585.958435365723,0.1424837023091226,2.1158171368891194,0.011678335228788425,63.64199510351299,0.00017246845987908382,134.6050630249922,1.0936329957833366,0.9862977754180344,0.8848385700428779
88.9618408226478,120.34360412530393,46.141453147917915,0.05793510306646854,0.9868426796254484,213.3970958112568,290.7720958109354,0.0004097395638285018,93.61371330982779,0.4397,0.9478214623955153,88.37986916227035,0.21235671027025815,30180.669740885,0.8527003410382843,40.86268125042503,0.058420700646663624,46.31652073706242,34.069499131156036,4325.237068595148,0.13300424974199299,2.2683523422107412,0.02628052476105925,111.59574224045835,0.00016428771401329803,88.37986916227035,1.062347441969536,0.957118074665513,0.8953227271477467
85.08059346534009,116.55111755684584,42.82344788686134,0.055570270437829514,0.9811035607667415,222.00967253031598,355.0174885369715,0.00044798162502684134,96.07123820025302,0.4397,0.9577376108189813,84.24761551721966,0.16507211253650103,23668.110018737756,0.8448262841492175,40.69391765512548,0.05712678406004227,37.57140736996935,16.34058145323754,4371.821542402725,0.1617331074522671,2.310713317506379,0.021948395572786286,45.19295933542445,0.00015456764571237188,84.24761551721966,1.0349531843131656,0.9668852394717026,0.937015751740148
82.91143589201359,114.79489184681823,43.109805341885405,0.057743667242884635,0.9993554812469283,480.1489042589849,570.3318688940127,0.0005230154741051552,100.74927637043112,0.4397,0.9768771390924561,93.57536036366787,0.16523076747305837,17203.41018242041,0.8778653955011918,43.765158834344646,0.057209688002088636,58.93152451290865,26.551326629849846,3722.982581681099,0.23095072682217194,2.327389909092624,0.0160263277315107,42.427357633274354,0.00015736388505783414,93.57536036366787,1.0480815062515045,0.9760667912569475,0.8851160819272744
89.24955952967099,121.84616927010296,42.067029861942345,0.05636986873525281,0.9968780713776348,244.38226837593072,370.26264149965107,0.0004844784630635706,134.95765392589044,0.4397,0.9467632202792965,115.28344906037202,0.19723058410618466,17788.741767198062,0.8229558409070081,43.51664211226985,0.056129719315336814,70.26103928909606,31.76343697937247,6284.017088922905,0.134596456751782,2.322378593964563,0.02451585490247108,83.0388255205064,0.00012653319268390872,115.28344906037202,1.03769330557378,0.9828984449461169,0.9235498456486863
70.80390823507597,96.91024399387541,46.958880454819706,0.056989654376352485,0.9860743354521763,493.78673916113246,598.0201722363953,0.0005381398494279577,115.4125635154559,0.4397,0.9302207724434597,102.0852164752738,0.22355805076060842,29195.76834048605,0.8448956826554047,40.92976108010087,0.05568571250469575,41.44138773549406,21.27403033730463,4049.508621467991,0.21954994399753713,1.9352812418290106,0.029787080661678657,39.026663827837055,0.00016195928028102648,102.0852164752738,1.041138040956771,0.9795201763431841,0.9243910739975418
77.7971621873766,104.70050546595816,42.225703804375286,0.05759109679492065,0.9825924960038008,448.46663953817983,558.8597708229388,0.0005678454761108146,119.9473908949042,0.4397,0.9529953391938004,109.85719174293031,0.20013942085798236,19061.620790393194,0.8714491992036096,41.51207407591661,0.05507920395398479,40.89968202747457,26.811230578147384,5695.736872776819,0.17343257411628932,1.9819893304070646,0.017588352827367485,102.99948068065568,0.00015671554664636672,109.85719174293031,1.0912286273341048,0.9548612439989144,0.946954309287858
85.6867181385917,115.23123808276247,45.795438094364975,0.05667238123994201,0.9947045234653062,236.21132793429672,302.3256643086267,0.0004119070217768567,118.25550052912718,0.4397,0.949800531578269,109.69381362660769,0.2299849822394181,21957.47931754582,0.8323761865194798,43.426275320784214,0.059300750205770233,70.4168704332716,20.128903946287593,4096.523154443593,0.052479429318510774,2.224762867139362,0.02254875819871325,53.96752561183899,0.00012507205493108976,109.69381362660769,1.0501915674664206,0.9758268782644058,0.9491215867870153
93.59936737042975,112.57951848278756,45.493843969373486,0.05518438415208915,0.9844134556355475,230.7575159669193,315.9857365566314,0.0005877225936684118,145.61599472522778,0.4397,0.9669549980413524,132.3967593890353,0.2269788431217136,34140.182529215774,0.8760998486864856,42.471826482106636,0.057480923056557484,55.561491335560845,17.592268957564595,3839.5682332329034,0.1452405143094864,2.1225710324933185,0.015216651988505699,62.10994751816878,0.00012745853061906897,132.3967593890353,1.034613676379973,0.9617621475823409,0.946152976815916
79.84126807797179,102.05048867937809,45.06744156332276,0.055797336016360125,0.9921090814746485,493.1890789594622,605.3646229830111,0.0004084806657332594,82.4397078815133,0.4397,0.9716119677977351,77.23959358802956,0.17036081222098198,26623.958074130387,0.8455294491801304,44.46737569562875,0.05501521491312436,62.839885582521276,32.04512749738302,5520.939726771815,0.09210708559110975,2.16559937269545,0.014100561592125997,88.23158575917722,0.00017826032942000027,77.23959358802956,1.0491633868149473,0.9662599123780302,0.9178925004694594
94.38227263157628,127.63533224396176,44.25094634900775,0.057408717182239735,0.9955815825668595,276.44683990468053,329.1236595615571,0.0005963337445110964,91.0540923656522,0.4397,0.9627571861818298,84.86956935104527,0.1632764473596831,31166.94551671329,0.8293959384786294,44.18577349448285,0.057645867024164923,70.01104857330904,34.624407532078926,6743.1452140411275,0.08007327201510875,2.2066375889932264,0.012982625538215331,108.51016930006729,0.00013068668977981262,84.86956935104527,1.0693806117593356,0.9897691947256564,0.8829243005549297
88.8820465509096,114.33729516330578,43.79737538673246,0.056658675507705744,0.985448477267665,361.6001604966855,430.4328119708239,0.0005275263450184239,106.74790874734165,0.4397,0.9782872824236568,97.32745953281463,0.22058345307266547,17077.626772103205,0.8255859752570608,42.43559882982057,0.056291619512884826,59.92377618680809,16.39492821372166,4881.651966372261,0.09688757726439792,1.8685515689859071,0.010643072171733395,88.99674808236965,0.00017374638164379332,97.32745953281463,1.036070889607782,0.9562822324564288,0.8994110428358086
82.12241123118439,98.15816358961885,47.74168514856665,0.0559872227821853,0.9856927327025018,270.8707109509991,359.52017182376903,0.0004086600038574558,114.16216786225594,0.4397,0.9361516807346152,101.01209029929798,0.18203804506719415,21607.723846554763,0.8396241749336524,43.334322323327626,0.05713681323057132,63.41064854654744,17.426417862162083,6909.219031725559,0.192483869430568,1.9009838635486647,0.024476209236472382,29.420522497161098,0.0001365500328938882,101.01209029929798,1.024078484050254,0.9541752213692685,0.9132846880464565
80.72896014772003,103.84015583946473,46.71214965238914,0.05674990517726407,0.9812322532933044,380.20235393921416,497.6618128170999,0.0004787257636351363,87.97558369144565,0.4397,0.9343517336054926,77.97901064973624,0.24313968941522351,32912.14105349277,0.8751834362085077,43.217305305907246,0.05836205530026376,47.41261371330132,26.77213807739681,3637.105697413973,0.17547654497987009,2.1827017350298057,0.012919179278152379,53.80609875125194,0.00014376728752155278,77.97901064973624,1.0897696026677501,0.9663657650805708,0.8827383889577533
73.23606297340346,91.45184703815244,47.53639559199539,0.055805710318429125,0.9863969631506557,452.008563173306,552.9674417775421,0.00045164169144348035,142.52187615407357,0.4397,0.9374772086267281,129.91007138116842,0.236850774639892,31209.261685182468,0.876345736736933,40.460393267962296,0.05904872112721147,72.2175715592858,16.726225480175458,5276.660430143044,0.15737062566641027,2.175222791918319,0.02352545868724258,95.00629157335213,0.00015332935743792364,129.91007138116842,1.0391376258303513,0.9845651220593256,0.8825968132614292
85.37985351539342,107.50559075280293,46.403387716556836,0.05572303089950383,0.9919490213692965,397.0727559193332,518.9459691934326,0.0005597144695234311,127.4501237739617,0.4397,0.9602544373592988,116.7003646824876,0.19512380517811426,29468.999680445027,0.8537958688618926,42.12795931884408,0.05850240898701001,61.67549828648026,27.623307232951344,4128.351987906921,0.1490537080839895,2.2904589679370195,0.02739217749704609,110.77506423605726,0.00015755209651122497,116.7003646824876,1.0949090290592423,0.9564883308845714,0.902681613900687
71.3088416880981,97.20836089399896,46.974053527128106,0.05748517907221275,0.9831159365214689,213.98499768339232,336.6712022205186,0.0004450910338583191,145.257035050174,0.4397,0.9339524609194351,129.2001301106424,0.20805058244571045,26748.097371107862,0.8270914189532981,42.19940634124725,0.05948149319105238,33.22625718503748,29.389714875101184,4736.809759205424,0.1278356011653809,2.2162691035527557,0.0269319925700195,83.3827118027082,0.00014986674555526687,129.2001301106424,1.023771523745754,0.9531981129982086,0.9071141306857111
80.72685813546222,105.82958617059774,47.78505253121365,0.05620020281880847,0.9990616558859432,378.55680309012496,431.66227692954874,0.0005652425026906185,145.85608679693064,0.4397,0.9253050454470731,129.7757069211356,0.2347103943819571,20378.801276797283,0.8473955481343872,44.48683625074696,0.056173730706097935,56.78474609456099,23.29258871540335,3685.434221519028,0.22731357907619343,1.9246059824481239,0.015979300632265825,79.6155029379775,0.0001409062605001419,129.7757069211356,1.0720670568153363,0.9667539573706995,0.9206591059851027
75.94271906814485,100.75209967163885,44.72186733967964,0.055821966840194706,0.9944483146670771,398.30499037998993,538.4762317064096,0.0004624682800872891,115.87731380816739,0.4397,0.978663331015502,100.54419267659807,0.23713691962129324,26709.61104454327,0.845065581534479,44.426403616789294,0.05830692573031238,34.25955216517781,30.124863335249223,3727.250953927191,0.23649084761325928,1.8420434202127456,0.01248812392622695,57.92195578101073,0.00014992124302288252,100.54419267659807,1.073219402264757,0.9752919229678667,0.9453000354661737
93.90715241765226,109.27393136660366,47.441377640527286,0.05622752929620532,0.9840780177453907,260.26940038434407,392.69091559862864,0.0005978287342477143,139.71057670396,0.4397,0.9388766457800114,118.75800719579775,0.20569743324148823,16015.199170921129,0.8338640780480924,40.288177350087985,0.05944915635328493,53.49535707512252,17.27258042257561,6166.12927323942,0.20288755950756604,2.0346148635489123,0.0188612896644671,67.80516597150933,0.00016204124145269245,118.75800719579775,1.0324822551744024,0.9561877003911762,0.9073823852804924
79.08159888986769,102.98369645649767,42.25844497613996,0.057761899986884156,0.9906123334491299,428.6353702222382,505.7422021562904,0.0004540818214170786,131.57282141504402,0.4397,0.9333436805585561,117.90887237659454,0.24719131532446642,19045.88387581079,0.8245619400191001,44.22584490313538,0.0565424995719873,33.981935007923084,21.02472825529016,5956.344279114704,0.10764490929969853,2.022763408720468,0.01362578416986329,63.222754673698525,0.0001437889846236175,117.90887237659454,1.0732185641520633,0.9821835539609881,0.8833663404869952
82.23134319448646,97.81061854034809,42.647232811475526,0.05554236607123673,0.9878288176816516,388.06801088876847,486.5205029086337,0.000536992160645046,105.23557202311727,0.4397,0.9415249401341286,98.19364165424093,0.2020968658238245,25365.305211788178,0.8428944284548009,43.058412365431906,0.05899725802473638,58.225848774206966,31.152777952044662,4350.007624720204,0.232772816486348,2.2604496208153027,0.01747015794767972,25.517647655295534,0.0001527147560339598,98.19364165424093,1.0510110061941276,0.98383663559466,0.9178030536352771
79.38732753813001,102.48454305324793,44.942246010872125,0.05555568804355134,0.9876470631417735,202.86415311021628,283.67914826413516,0.0005600387513609698,126.0144495857478,0.4397,0.9295055085834442,116.77180953544246,0.1541107661166326,15039.54662029717,0.8423113067812334,40.081129835932565,0.05970107784969371,50.53646223035594,16.76695874395568,6844.136318848861,0.21382707535747175,2.202890014573695,0.021376427379359922,22.18528869033392,0.000142750395038749,116.77180953544246,1.0505415179660722,0.9709038370344996,0.9050573713443962
73.43024505222539,101.37024327025448,44.723839503168016,0.05606129459867541,0.9911997639937243,485.166521906001,625.8307378199985,0.0004432918829822637,146.6923192777168,0.4397,0.9221460688447396,139.26881272787654,0.20626951665321994,19644.536704941114,0.8622387819349565,41.908261739375284,0.0582193844036966,54.88856153628788,20.701710066010037,6076.716969715153,0.07480528854884316,2.323321474859997,0.022886939218955973,81.7403834236485,0.00013979560627743875,139.26881272787654,1.0901983604216559,0.9512185542981761,0.943077250324726
78.8145511490889,96.33264031322267,44.629278480235314,0.05518131635493448,0.9821630131797656,333.67387710781344,421.955776261775,0.00041515114899743494,133.48063263093078,0.4397,0.9383230140545539,122.39380842781475,0.22770069000246973,18044.96057350764,0.8436535872219,44.44045227809572,0.055821322809225776,59.20277510213425,27.4232561234,4810.223160834194,0.11833551015442766,2.1025570676560896,0.014366475173775381,70.98387837552275,0.0001379291162808291,122.39380842781475,1.0961931644735357,0.9706440912208154,0.9102048648260247
89.47497097960326,122.81042579408751,45.223149910652324,0.055224763678078666,0.9843062725170281,269.7136874048416,359.3190006834398,0.0005102494963138762,129.65884830634576,0.4397,0.9402717761460262,113.24290989776347,0.24849351530006833,21910.255617249662,0.8207880253865423,41.79116799508288,0.05630430085549425,41.26566303522864,19.94783946757219,5067.551443363614,0.11552118726581902,1.9732194474057865,0.014545922209438799,44.4890803768633,0.00013343723923351823,113.24290989776347,1.0336091145967021,0.9585672898822022,0.9025258194374275
85.52989189638254,113.14012169557046,45.23023675703391,0.055032935752222255,0.982993606093329,225.85932257505354,367.0505263230873,0.00053541581260809,95.5310045394312,0.4397,0.9686609742763361,87.67213500471343,0.16053685777440732,32167.06422026301,0.821201121299744,43.38223266810259,0.05839990123188782,44.37844924717248,24.617521507049084,4653.200868953469,0.19600935623404558,2.1025502247296584,0.027319348625094088,109.27509630669151,0.00016564620333878183,87.67213500471343,1.0747279196121564,0.9678438803348954,0.9306716179690432
80.935375073122,100.28734778493984,47.22338842981576,0.05543856124870221,0.9834795838871402,312.3286818803965,422.3980713457937,0.0005634552367838673,138.17899436310205,0.4397,0.9461382059493718,128.8999818498571,0.19405371966970436,33948.38201595562,0.8612509281137821,42.828317034752345,0.05933087707522466,51.69306100149181,31.743830632498003,6590.153562134037,0.1547797121179928,1.9293012075344451,0.02889775508389912,40.6594900032582,0.00017903378873233492,128.8999818498571,1.0323768124575414,0.9803894891346607,0.9145277063679839
90.51426674275783,113.39602009836474,44.07547687607203,0.05692116213779133,0.9931043489609107,292.3307333154716,356.11769493956564,0.00045455278924293717,107.27653270730978,0.4397,0.9642051365724135,98.06144647580183,0.20866498768347042,18301.168199587886,0.8596471461113389,42.94930050138887,0.05511878344134739,55.484015825311104,20.393327635118645,5378.2557634725545,0.10337691686948332,1.8363183645200214,0.022848921568030124,90.049882548795,0.00012173962900861896,98.06144647580183,1.0228000408782143,0.9521767544201473,0.9188569355879468
70.10371871345085,87.0418639796503,43.897445734161344,0.055589278406853584,0.9999232977551585,289.3859424484342,401.9876265578999,0.0005744571784715769,123.68545425014932,0.4397,0.9641427565627253,111.09086401754537,0.23814635952967478,19621.49222723899,0.8296211430662359,42.40400163351841,0.05663165684834891,71.56408005370557,23.71701692718582,4087.1073169989118,0.09615892338434953,2.0998098307356696,0.021136464043950094,98.83629109854435,0.00013176376737982924,111.09086401754537,1.0319624676480557,0.9500060811762021,0.8906447190812665
90.66502000783161,106.1062857611422,46.2113714357715,0.05613336989348694,0.993022122305837,437.96034239752555,567.4051167816483,0.0005831533297810683,127.44089717606994,0.4397,0.9673395247076992,116.20714110845702,0.22158899845200836,31937.545267694208,0.8719735034333445,42.41170932874843,0.05616784969186236,45.835638397212215,15.365047224499236,4326.16948422404,0.14150100862008996,2.048163068441301,0.023161465098073437,104.02269752712259,0.00017785498834678584,116.20714110845702,1.0707724681686968,0.9553379633405357,0.9062634895101039
71.48838956547365,104.80561917033614,45.8908616259604,0.057116756008923165,0.9996944704411279,393.7763466504116,477.56046334479805,0.000555837395579563,116.06689986705,0.4397,0.9751105330644471,98.95634778741655,0.17312462671198736,18453.523880170364,0.8597573642840575,44.513227227124055,0.05711030508738566,56.627863773355706,29.167389543423337,4667.684664195682,0.1831914059522562,1.8193374319894053,0.012572409479535989,103.9529938539704,0.00014050651199775405,98.95634778741655,1.0781149901483948,0.9518147729491775,0.883249684210753
91.75679772277583,120.26047873724411,46.97908190413999,0.055095469485291926,0.9915401471117958,239.91590327930112,342.61645811050323,0.00040151936995857964,91.59096751071745,0.4397,0.9499178800641934,80.28051348714769,0.23593891841248674,29826.328882209073,0.8292433011416255,42.06908089721575,0.058842388924338254,71.5145335563812,22.101184168489993,5051.351428659647,0.15174518682154295,2.2327642482213994,0.027940780827151672,99.41817554979856,0.00014333847170908145,80.28051348714769,1.0605629331027082,0.9604168031104513,0.9328415159702532
93.68930117153334,124.28222320115182,43.85566876166845,0.055627176744640586,0.9856661723918021,412.42223110854684,525.1063865222145,0.0004174432795841155,128.82193771278665,0.4397,0.9262371978881124,111.5306494555906,0.2164243287957294,16709.56917364265,0.8372567748741384,40.957061357546024,0.05751402751529124,62.30220120036147,32.20107203515759,5733.503646333129,0.10220670186386732,2.1866106744275213,0.014171913383391594,65.78001731969722,0.00015977806686047637,111.5306494555906,1.0961332519756057,0.9661707222517247,0.897190716395947
90.47923747848174,117.92269443527994,42.03836529752212,0.057987664640466945,0.9974460966087421,417.0446016239763,518.0862731299719,0.0005995474707631038,97.30696268176779,0.4397,0.9223197765669534,86.7337383146055,0.23951569165830808,27966.102015359662,0.8784197700543181,42.09865313764634,0.05759145363958951,44.77538307342191,16.771231017651758,7070.993928565329,0.17399701419327507,1.844281302198376,0.023393612192188544,82.39115599639901,0.0001411611113224755,86.7337383146055,1.0811338297347035,0.9811883392256538,0.8884361032600107
70.48984426407254,103.62515481624109,47.664382104515504,0.05679088540225922,0.9813438219036155,354.28058907825687,504.1930400251897,0.0005467897388630365,98.57551951332832,0.4397,0.9312145722487922,92.59234565974883,0.23343738752092635,20314.002451159686,0.8444647851873651,43.66456355474706,0.05804512970199071,48.661776642118404,30.644607028487528,4542.943117580657,0.24978246154324052,2.2260141459365954,0.014439413318845814,105.77113789533645,0.0001495620273137382,92.59234565974883,1.0329294578953254,0.9512130891474446,0.9212658421552367
83.1551991124754,116.07357553218874,42.265352362431045,0.05697993895049391,0.9820485587682791,498.7301046061845,599.4093893134625,0.0005253583273788997,88.87540468049717,0.4397,0.9697526988107831,77.21450254912402,0.16292624824921598,29991.22469238108,0.8342063278363444,42.37621077586893,0.05757836863542471,69.54528571148631,31.27589871341582,4782.252836547277,0.08533375025100218,1.849693377213337,0.024115830666625045,62.02893832011703,0.00017404317231966464,77.21450254912402,1.0366350085600156,0.9640396061629084,0.9205600758305079
90.7199070687862,106.88307811896952,46.0800776601628,0.056548144024014514,0.998952488177537,285.04378193843127,399.3810811620321,0.0005802724016220301,123.39595865534386,0.4397,0.9544609699418889,105.76248625973355,0.24604706370350285,25387.464597368053,0.8514478215948224,43.66048342302521,0.05844130670064791,49.6958959357989,30.5213775742211,3686.2272017867626,0.15567991513686857,2.110593979830135,0.025068676287506204,87.08549752865717,0.00015388702863229777,105.76248625973355,1.0676865565876075,0.9871777608575085,0.9021058298650683
83.62540905237046,102.41480872393456,43.93099195071467,0.05789767738776937,0.9930037039870752,217.5366914841152,346.8956351402949,0.00040792829304827396,88.21840189362939,0.4397,0.9284070946589357,81.83952280148503,0.19542964249933614,18577.90037846223,0.832333103971492,41.198919237596485,0.05553518676776144,41.34196824890476,29.68758936285866,4941.187038175247,0.12513122599430232,2.17334811577029,0.024820919384965938,35.95363309563888,0.0001600128230506852,81.83952280148503,1.0466640482865688,0.9730552066830175,0.9473645824560046
78.99841765114283,101.91421553538072,44.54119833234548,0.05543289106101783,0.9985792404780187,208.64186304477687,272.3001814914521,0.0005514755724824101,104.16517773632162,0.4397,0.9279581742766754,97.58092830550027,0.2482552501432332,23044.580948192775,0.8675030138756147,42.91380590052117,0.05511400575592855,53.53817677158114,19.755785984133784,6030.278878444893,0.09368317649906499,2.099391329728181,0.018573970490669327,76.46926115546486,0.00013302502617767274,97.58092830550027,1.0200714465639233,0.9830705374138405,0.9244864917404638
81.76738566834086,103.58917676064335,47.02819666445559,0.05520211837307736,0.9826577304022225,296.1644173735643,350.5554493715933,0.0005309355139838601,142.2665538749422,0.4397,0.9734901762761091,128.48654175877243,0.16870071385875257,25287.056718459975,0.867658137062391,44.32162793339202,0.05913394954661257,38.369918864372835,23.334649796048822,7067.0203605018,0.2250984458283526,2.248443517277339,0.022140650429732994,34.10459032721789,0.00013568714093165594,128.48654175877243,1.0219435434965252,0.9693405638560146,0.9448475720648359
72.01734777210596,97.52879840457044,44.51747692643115,0.05744849850238748,0.9953652190711532,349.3753916250957,496.67437750082263,0.0005696441662889845,111.71462207758901,0.4397,0.9512018215832825,99.16422799173344,0.22933180458135016,34919.53537631433,0.8680505910848971,42.64649766665125,0.05739453951956361,56.1920348092038,22.719046967147314,6264.682303872394,0.24155410050007425,2.0313399731641137,0.02195977282294656,86.0290993075945,0.0001734934546237471,99.16422799173344,1.052647918738973,0.9538896087124005,0.9010416978315932
82.4078411211467,102.73847715553637,42.86622916862014,0.05501228910858366,0.9846962090117334,223.46931772756457,346.69523270271156,0.0005555808467264711,142.6153301582928,0.4397,0.9303138594487502,127.36311935359845,0.18048916007529006,24607.247888588878,0.8570361624358465,43.184096216420095,0.05649236896316272,74.61757568666623,19.82076164526358,4024.787445586011,0.12003915650890368,1.9277733424627534,0.024406257076339824,57.683095323934864,0.00017505494222578097,127.36311935359845,1.0618892275593612,0.9574775645255779,0.9186262141494286
70.69617069757933,101.6453530567124,46.52661050961234,0.0566846854145615,0.9868670836860071,369.73958275276226,459.06778030517637,0.0004969861711432266,114.49018761321761,0.4397,0.9738048568921116,104.86146796558575,0.154480530334506,18024.793615032588,0.8616426935795735,43.3940345359148,0.05727152579594817,73.61759306390127,24.83380892257066,6804.138968163479,0.11945811625937924,2.091844789219074,0.01998001730817066,42.784293434168916,0.00016841874929212632,104.86146796558575,1.0722654996610428,0.9803232933775571,0.9089464510202377
86.10288619576247,101.25276315852496,42.12126910236024,0.05500423716141146,0.9979798275286927,470.2611695738894,522.0280491483383,0.0004141936905790619,92.51836658487906,0.4397,0.963243630458433,86.33121453566858,0.2494040425209049,26104.555821055535,0.8392841998526519,43.698397823447515,0.058250457861743585,57.62097573128227,28.950660719398215,6619.244863970026,0.06835241703123106,2.005342161140296,0.020145874211112632,56.07432475177495,0.00012732391786021252,86.33121453566858,1.0810511856168616,0.9845643010056677,0.9089298346256824
79.76130632701539,110.59156797661223,43.64839793060337,0.0560447339356433,0.9882251069855315,439.0588444216985,505.69881451747193,0.0005818803080945953,133.12409877512937,0.4397,0.9486661226192605,115.67739260307916,0.1803535320437015,19404.25133474076,0.8727332764885521,41.751448101249714,0.055608514455301225,69.88257656499724,24.57453552000202,4280.48079824607,0.1735506431643923,1.8907658100026281,0.02368816930165256,90.14171225840012,0.00016911194926425778,115.67739260307916,1.0975007098496594,0.96870167249842,0.8833437125371003
74.78357451306269,97.65098004468882,45.22844167134965,0.05695265940768157,0.9934107319389351,401.7405691776474,452.7153484459437,0.000552700449181628,104.74132070354747,0.4397,0.9479039262029728,98.48049557114186,0.15805192547547142,32591.312450533103,0.8286497026951607,43.1342335401219,0.0576180575059266,66.68187588883232,34.489287799107544,6963.634355344977,0.05530907138019286,2.0826500688928746,0.0134030181631584,110.80334240923946,0.00012115366361230347,98.48049557114186,1.0871092250980814,0.9696982649868413,0.8953745471385779
70.43457252743272,85.53727270242824,44.62658217308784,0.05664197910191577,0.9977455210848369,398.51950836321294,488.165234988853,0.00047127921294899737,147.6487423492854,0.4397,0.9603591075460346,135.20771279319277,0.2360497186254751,31681.36333774794,0.8352692281177808,42.08084237746002,0.05555354073537299,72.78010472659574,29.175168836843504,6170.756560110863,0.1492420837266647,1.9208582414901163,0.023049596618134906,21.12809486957627,0.0001557932672484903,135.20771279319277,1.0484752295607718,0.9680048916398147,0.9408527814457373
93.0529753557356,124.99426073455092,45.721370034078916,0.05667958690603508,0.9974174785674362,419.0901697498464,524.5757032591785,0.0005967856494469028,98.34904578129131,0.4397,0.9402985517261009,90.85770599566243,0.19320202983806167,17572.942425853173,0.8795612176434712,41.954793942651854,0.05929784680170743,69.28932789115073,23.853982053939426,6418.142420698557,0.08056290653589243,2.082177720815774,0.012964619338339853,36.78479468834581,0.00016051574083308551,90.85770599566243,1.0627755069850604,0.950734524504508,0.9394898710944076
83.90797567709718,107.84306561975296,44.28808615628286,0.0554720385861943,0.9801781450764663,348.2619152845815,414.3202353940735,0.0004622216440405196,137.5503195811666,0.4397,0.9799946098216299,118.11325266860295,0.2076452427539218,26767.505942443466,0.877623802840328,42.37600785580708,0.05781191954690292,70.4924571250767,23.07915078216061,5252.9027910034,0.18446365693058425,2.1555168131947986,0.024496700322603728,90.57333402691236,0.00014558415791044436,118.11325266860295,1.0372736010743249,0.9538203937069586,0.8873568606919803
86.17383464121592,115.6683675005965,44.34350827377688,0.05588419810629624,0.9831643055135137,320.5399454263506,434.5256763973284,0.00047411212245222116,114.57022454018811,0.4397,0.9670732744842869,107.90618663086416,0.24848436931486684,28930.14464792262,0.8504572383185127,42.03907231701211,0.05905429809767641,40.32963520853798,26.67213248946231,4322.461287948008,0.23578201882601152,2.269318565359794,0.017778262300708128,76.8734861735542,0.0001487528076853229,107.90618663086416,1.0975002505006315,0.9896755230361495,0.8812703633385147
89.48394286299603,122.05291735300904,44.09194356062479,0.057130087340202466,0.9983724327827133,291.9966509342803,437.42077618689166,0.0005949351397763896,138.94925862254706,0.4397,0.958457591303432,125.44609445784738,0.19807090730183574,20033.289692558734,0.8499464640811998,40.12934303987118,0.05860502711095016,37.11084279387266,23.63528006929547,6476.778772339566,0.06775653768459855,2.3118995906831836,0.026791654285535087,51.91830474613852,0.00016451095856083903,125.44609445784738,1.0628354345863593,0.9516805453779927,0.8871432038748751
85.6647605544953,101.35101541695683,47.32362281359731,0.055069891489622706,0.9912483173664453,229.8855094393066,378.9305556375727,0.0005336222154119068,92.81253615830742,0.4397,0.9612471464295116,82.25146367435018,0.1567098512934438,27527.50267179111,0.8270092227222539,43.7099753816886,0.05907627807267645,31.978731737904113,19.43876599715412,5318.793881188724,0.20554809616192843,2.2008979847654593,0.011768237532871588,85.17632530701277,0.00017369259919099454,82.25146367435018,1.0399736200888978,0.9639587622918286,0.9247160980419679
80.32760083782716,100.57084187174408,42.10377906656501,0.05678584990419176,0.989603999777593,368.64876350537224,501.96540665531694,0.0005758389812472355,124.35679380222314,0.4397,0.9797650324441468,110.66433166539635,0.21911861289824858,24253.772121804795,0.8595790000104554,42.9216931494091,0.05670903701571789,59.668765709428776,25.420919387815058,7082.749245912133,0.21611362055497635,2.336125316997319,0.019210469169885926,106.71875626364508,0.0001313602677136262,110.66433166539635,1.077923500999719,0.9776274495816034,0.8967876034014287
85.68970507582429,103.06753688135652,47.637851804050804,0.0565511968355904,0.9813051571654069,341.7554252537749,436.1438160828835,0.0005775508293470006,87.92299613250174,0.4397,0.9206468986686485,77.31098971069831,0.22105994935564227,24641.573906967555,0.8218619474524674,40.687898821781985,0.05569731291296216,72.00776002684192,28.45429210140914,4152.004268682096,0.08524126143781313,2.1346735140983935,0.013344348843475008,45.79786725312,0.00012830908182303005,77.31098971069831,1.0590312259174781,0.966993237762481,0.9333836948449681
76.3129144928756,93.27311770078762,44.14933005121036,0.056031871645426376,0.980501044818749,235.67086860155135,340.4118064088418,0.0005072896671839685,136.3861092356933,0.4397,0.9213694801407752,118.15091036672634,0.1694208236272291,26025.811058736326,0.8388607875546877,41.30653988407966,0.05945802410195692,74.72324929456646,22.168898907962813,4879.45265013431,0.23452846032640845,2.2262593538509616,0.027377263896477454,68.56721773074923,0.00015779952447377626,118.15091036672634,1.0997380056683987,0.9893065523941057,0.8804080401334033
84.03379084634273,117.94661268236096,44.189296534141846,0.05600432592889656,0.999068294740354,280.480924567609,380.8116222014785,0.00045339336391575117,96.49575378506741,0.4397,0.9671016722052214,82.35583421625358,0.20454119185792047,26402.74898280127,0.8451034330510692,43.05517323178007,0.05942319783051782,68.35541486906973,20.666474423267346,6247.969375684765,0.1741835678777665,2.262217563709557,0.012504960211091065,22.076734129706438,0.00013384557589164484,82.35583421625358,1.0259768469435357,0.9513095475853598,0.9301040809689792
75.13968253254691,106.25107011785872,46.3553570882989,0.057396841653391296,0.9894770216500989,436.16087305413953,501.72754559813444,0.0005694891721211003,109.93028347018314,0.4397,0.9325635176157179,96.34738740335807,0.18692209364831286,29195.961177777543,0.8736391153369107,42.5900842658146,0.05941636425892021,67.39547141707862,19.347852034463635,5660.213819419027,0.15698738830058193,2.29490756471343,0.019703905598194245,114.59959795442032,0.0001316534826793021,96.34738740335807,1.0468377740274377,0.98498235839069,0.942047354226689
92.93557012846787,115.23007332856182,44.32966043235516,0.05614599058826604,0.9957283463100921,276.68121468191987,412.1226317844563,0.0005003775134169349,125.91828194744392,0.4397,0.9611099939175021,113.2837889737818,0.15499215837381666,24048.557228503712,0.8781071597876723,43.61710665528285,0.05994635875803199,53.34972576901323,22.256435931297453,5159.790265468187,0.18428250095647736,2.251110869967475,0.012105024574719904,100.1643732725707,0.00013220948009984114,113.2837889737818,1.0953481515618602,0.9553897708265264,0.8831364532133505
82.7391919710563,111.48505282713134,45.699868932607366,0.05523957906962898,0.9844000278669894,327.7157429137952,445.29483660649987,0.0005128702073466433,113.4750240418735,0.4397,0.9502004264701219,104.01983815983235,0.1811602426092237,29452.712175692715,0.8784398828201291,42.44615970679725,0.05798083749765943,50.33811617901759,19.88735112252107,6125.797933823619,0.10762182694031695,2.3414484755580194,0.025954249077873387,70.50905368380026,0.00013181031421808048,104.01983815983235,1.0568959947008927,0.9581928836344042,0.940717645701952
75.84600702065843,109.23491249635777,47.42178407451685,0.05788611831688177,0.9847414390498441,248.3922967572745,362.18585837616956,0.0005082735926765778,134.52278522039344,0.4397,0.9391202075339052,124.20954886619674,0.24095326069076414,24718.711391604942,0.8679302203784305,44.22317988436674,0.05756248266355238,58.81424213347135,30.26197446138193,6240.063822795042,0.05508217334624402,2.0837128935605413,0.015640791515501268,119.19979909349492,0.0001486270869189435,124.20954886619674,1.044943561621498,0.9711321512716317,0.9442508167936822
85.99081314669777,105.40708302417357,47.07718828515581,0.055391107786950756,0.9912051064078842,250.95398359861957,322.9871004322675,0.000401917612081883,128.1719356737799,0.4397,0.9338804009035473,116.58011811455083,0.18002473453350573,28256.328346570077,0.8373998280920912,40.387275106637134,0.058986654865497375,31.021836570771192,27.77428478727557,5678.276447376029,0.13841024472841712,2.3720892659006427,0.021881183934221976,42.02186294839381,0.00017786339665818517,116.58011811455083,1.0683897769127724,0.984858186969584,0.9175088105023729
72.25799008727647,87.54100483877319,45.09220006565507,0.057392361490205775,0.9975205167209683,426.90371559279924,492.2196454696037,0.00040917382098277664,89.12840274077853,0.4397,0.9666047536233097,76.7935857938704,0.17230631354919018,20262.19823163012,0.8227210441695385,43.06594156690263,0.05555067258810325,65.74456126924748,20.73864462689535,4748.772234308469,0.1986692807410037,2.040171957138068,0.013402873952989072,94.3970548985943,0.00016968419921132907,76.7935857938704,1.0731594839917065,0.966563242735513,0.8999170102265808
80.85047546526688,112.33264228940573,46.299912767475234,0.05504183000108437,0.9857715987120919,220.0022603435628,357.3049080470177,0.0005232768651848539,134.14239677037705,0.4397,0.9302589148842737,119.80993323244938,0.24409128484192485,25834.028096450675,0.845537059914623,41.857752545087024,0.05891523532754102,59.586765289122496,34.8366255370959,5827.534034263453,0.2337300785244626,1.8421142689334833,0.017032117608334688,96.95065654298433,0.00015260013557212674,119.80993323244938,1.0274245989555408,0.9617429551629914,0.919396990435135
91.6491154735752,121.10308205613629,44.35460847063235,0.05609319526539362,0.9865759996751164,285.50784317875673,353.44923804097823,0.000558887471738845,109.64376204168799,0.4397,0.9295232606756354,100.51488382849456,0.18823268208889304,24359.915044814443,0.8378437760661588,41.53421405274818,0.059061129129277135,37.65220639715123,27.913442692306976,5562.873001878452,0.13602076345960734,1.9092692933267523,0.012273943456769569,103.08558121759482,0.00012486991517894405,100.51488382849456,1.0407509886119721,0.966066880236709,0.9017410674328759
89.19646257373347,107.40160808217325,46.65626494098512,0.05654554163994867,0.9910125661243934,494.25334699751124,551.6251937832366,0.0004914077168307847,121.84304075572292,0.4397,0.9465159565981364,112.62166331729412,0.24405590556107964,21043.925856985177,0.8593114031813353,44.7182093571799,0.05788596002944224,58.60635857288625,17.849458639458167,6471.561604325405,0.10272953832034891,2.134959534451969,0.02101662105892945,88.50963035835,0.00016037588742580155,112.62166331729412,1.0447180246767058,0.9537737330437559,0.9453246941358499
87.58598814680508,112.37890505650712,43.021100620497684,0.05508934745232707,0.9808001114353546,342.76787416662955,455.3283942795985,0.0004380816595365745,95.16012397473223,0.4397,0.9271566077857768,83.97411637994281,0.23802343665036654,16246.240003673469,0.8422635014253054,44.319037495759844,0.0569395990424652,56.976125318068696,31.586745893365233,5952.448243058919,0.07625910055598642,1.808752744644551,0.010069062141510566,39.059060249129686,0.00014706854739097606,83.97411637994281,1.0396648425872994,0.9835293729486623,0.9180542222532789
81.76508356609888,99.97376126699758,42.27379068861345,0.05720225988219537,0.9875752429649054,381.86400282044156,502.298328551394,0.00048132708124016264,109.61641146635935,0.4397,0.9584907111854852,103.351190634022,0.19704645001246718,25203.82794557372,0.8734453574142335,40.918580145683976,0.058281135325242546,65.4599976717915,30.07404189660225,5388.378290935617,0.23709886695470894,1.8944364885679918,0.029861429826490878,29.133411951104787,0.00016670159600121925,103.351190634022,1.0506302092510125,0.9866086039575668,0.935909310406015
81.1719779473997,108.22425518398269,45.244396055512546,0.05578174447360896,0.9911256577928339,392.2368802299521,454.19912126108625,0.0005536647103466788,137.20127832334796,0.4397,0.9795182467736593,127.53382288736861,0.18849616619579254,15195.101224161988,0.842441980485108,40.287185075452356,0.05957508842298979,67.68648752505112,25.000572911313526,3667.336938796547,0.09618901517572404,2.0244464093755132,0.018325577254482753,38.03572078627596,0.00014963744086477992,127.53382288736861,1.0467766799792655,0.9770309868779483,0.9226979143783915
70.28274068930014,98.23413959573762,43.292032108838804,0.056623505365062124,0.9800965360451268,258.8416037917524,329.5275443236509,0.0004217242774489371,144.8382959291342,0.4397,0.9648747974557929,135.4488772010066,0.16377179529798727,22796.605069557445,0.8426797704925058,44.33627452910551,0.055789821743062115,41.403875724661276,19.669270487298213,4200.985147926232,0.2322142464706024,2.174578268102896,0.02258894394148385,105.83185223156768,0.0001600964243003543,135.4488772010066,1.0785137318263218,0.9677867850959558,0.9001885072771628
85.00094867082873,105.53460282110882,46.37235565717898,0.05737698289714541,0.9927600703433191,310.80262819045214,439.67900769660605,0.0005120397773176681,145.70870896803578,0.4397,0.9561940972654794,133.56454363608245,0.16906164721524508,22413.09805317651,0.8655471229080671,40.84648488558475,0.05655551395574484,66.65149180722952,31.217525070871787,4811.739452109812,0.08675124071233117,1.8993300725459208,0.015735620090489753,60.19951032772131,0.00013200297193850853,133.56454363608245,1.0679147603817822,0.9745660319095525,0.9150090808504393
84.42520828228436,115.04195082062692,42.60794105217179,0.05677334145384385,0.9810192195630949,320.21199132870305,463.1705113021551,0.0005404425592802259,129.00621872775164,0.4397,0.9436783096293957,114.99305336775278,0.17324431819413577,27675.06504266806,0.8554016144868881,44.64125019983488,0.05835710225531938,38.19431224259183,17.49036434738653,5764.9630521601175,0.053626547833009866,2.144918516971039,0.015064963237064024,74.6166088899504,0.00016999292599073114,114.99305336775278,1.0543355446521643,0.972074672295118,0.9415923931973814
70.13197552389225,94.60390250237509,42.050970829011504,0.05636683982419298,0.9943991783946344,269.20496026957085,366.8538319735529,0.00048316658834565544,85.52372694018902,0.4397,0.9792793794954081,80.6845251661241,0.19703538938574588,34748.578722816004,0.8353173058401633,41.386599268054546,0.059166085478134144,47.739574977879414,23.360705235826984,6452.49150700804,0.09484406508496589,2.197887380639114,0.026922698702629214,22.537299506943402,0.00016676544367190746,80.6845251661241,1.036000321783296,0.952062206099315,0.9068011065255872
73.42608847830101,102.5532467042112,46.054220098451154,0.05600833708604472,0.9960335692184066,270.1951435818595,399.39564086709953,0.00052025242394042,110.9843314826023,0.4397,0.9727965950526678,104.34131109546036,0.1872113437416289,32160.02397730216,0.8606013737442116,42.05826935480078,0.05826034534409542,52.16910096144872,31.346451890959845,7055.834824537774,0.14855790737605967,2.2581956589444907,0.025163657756105844,69.1428528948401,0.00014244087261393505,104.34131109546036,1.0536511548046774,0.9657768533140897,0.9038932285314212
70.31090389695574,98.10712752542143,45.004796627509,0.05513531568676566,0.9967758951561464,382.36079195057766,464.3008037384857,0.000576695389164132,93.51498319386882,0.4397,0.9692354476950321,87.2352219598469,0.23003843249126155,34501.6762242172,0.8537796227855845,40.22491961436397,0.05795421253142096,66.2219070946684,31.02881594236689,5759.299418954493,0.11974099901195162,2.1962872543931318,0.02286584055514454,60.92692683332492,0.00017781864926373525,87.2352219598469,1.0344387221361773,0.9762731473123664,0.9469501327363306
76.32947364897045,100.34465229118274,47.7120924409811,0.05773906300830205,0.9934677621364909,232.54267730348414,352.86607137688526,0.00044256264634146084,128.8330195194312,0.4397,0.9338004007805779,120.98872646741563,0.1796675960135077,34018.7416867069,0.8262435659563122,42.687656866001056,0.055428705996955,70.54863622219128,27.59784473790581,6223.838383372724,0.23154414731687428,1.9500496622029169,0.025046098158520838,73.4560244012414,0.00012962368654513063,120.98872646741563,1.096171668702029,0.9839119631491648,0.9033842680789083
70.09632804950618,90.95067329105808,43.48491364718157,0.05677579438631494,0.9912314120915593,238.74363394977416,344.465679891921,0.0004270166313108246,91.29597997681375,0.4397,0.9274148416192823,85.96987111586449,0.19245197006337347,16482.25483516119,0.8480358303133084,40.94367986309944,0.05716858289744642,30.77474849316808,15.154845050007705,5837.188337868012,0.15901690734563229,2.3984161231373884,0.013506263059562776,57.52734351189848,0.00012120079550758329,85.96987111586449,1.0339018904505637,0.9643589198244541,0.9401650753700824
80.43423145572973,99.52031953284127,42.73953670500367,0.05689460665953632,0.9861512298842239,371.9906146565478,506.31170601439703,0.00041216966023622804,148.43033522945393,0.4397,0.9306764643054404,137.24399086030974,0.16227074235375402,20638.947682387836,0.8751222442588129,42.15537994190053,0.059450873493888626,63.17600250204873,21.66244619614657,5148.999801792356,0.07355389720400006,2.3329492068866045,0.028681844943718476,27.544220129501213,0.000165788247069248,137.24399086030974,1.0886941893843567,0.9827708844593427,0.8924796504108882
81.90982803332335,111.82870868186711,42.13863709091016,0.056321537433087876,0.9884922743713328,334.80142013816885,462.39152972329236,0.0005452426146838704,93.617497868833,0.4397,0.9355213456649689,81.45037047982768,0.17712199742378873,20939.7516137992,0.8327076114334911,44.59702855013258,0.05680820326445906,69.48845058236964,32.06395838664416,5794.836072040383,0.17506639732514762,2.0241113771715424,0.019094909802572318,24.396031941730083,0.00015603403218213897,81.45037047982768,1.069246460757858,0.9802766382458121,0.935420747345419
80.92704151649491,108.7659110583172,44.665484093672326,0.05611813646797669,0.981741121140604,383.58003974785953,461.9936279264349,0.0005801061664881093,83.68996057889977,0.4397,0.9249019296263516,75.64356648970495,0.2283020138768217,16420.410909488728,0.844877033655325,41.262863749623136,0.05690502797767474,72.94373966305486,29.42731683690519,5042.422707749518,0.12778937026190768,1.8175137971448454,0.027374233356607727,114.97969712069458,0.00012665529847312852,75.64356648970495,1.0848654270519673,0.9871724054892085,0.9230711155241006
74.98473014085673,95.60356870792049,42.60490131237547,0.05513996422239638,0.9941420311479453,208.0878543134304,273.03337640834417,0.0005380787252614147,139.0482831934612,0.4397,0.9733053397500728,126.75633109622113,0.22071004159420088,31933.011529666204,0.8365569866383668,43.17459438617212,0.05678778742524252,42.0550136119279,31.21190619538258,5233.101796188565,0.18578826908049,2.1172249348744825,0.024721138425353624,80.38186567706197,0.00012957039870242095,126.75633109622113,1.0910849094469899,0.9895772349879504,0.8884137605117248
83.08898074662227,117.43096420269202,46.65386062997763,0.05550697488506597,0.9804936873606895,411.4747181829403,542.240395440379,0.0005952905738274533,94.15899021033286,0.4397,0.9311120648972744,87.31714801685193,0.19022203665231324,32906.58672352783,0.8522152182058161,41.00994827327266,0.05681374268274855,37.78321741383813,16.259625022368247,6879.613997726715,0.20723533931303206,2.319113808550768,0.015718425095440955,84.33962719479499,0.0001278527293817695,87.31714801685193,1.0843187958388645,0.9516692902468785,0.8844761615917633
90.3523655412626,121.55914415560918,42.431914766313604,0.05627664551528437,0.9882687416907483,454.9668925511062,508.24614965062756,0.0005416221472255806,81.6808923944971,0.4397,0.9335965752921612,73.47316529378307,0.20774732030644172,27099.47997340974,0.8785067769497024,43.04923372843314,0.05702379389757646,52.452518652583585,33.81538891334905,5629.894783301686,0.24711028899332543,2.2931659592662346,0.021386337982943406,111.54187991661551,0.00013001118921102453,73.47316529378307,1.0671435916904597,0.9674988279329905,0.9008815106162736
77.2803812640631,94.81642648240819,47.524528862701985,0.05572511391219256,0.9901242140334678,357.24208961942395,475.1459708600988,0.0004576989539584723,118.36542765076797,0.4397,0.9732895013448142,106.68123469517036,0.19583336429130502,32819.81853888089,0.8385912553056265,41.445771159906684,0.05886682111104659,70.54514889595296,19.580997785703858,3961.4793980854106,0.1653292117561141,2.338534223237419,0.02933291596544848,75.08615045797819,0.0001476844386880529,106.68123469517036,1.0413595089863088,0.9809424076893628,0.9260219207572282
77.8143858580823,96.0656541253213,45.24512353945237,0.055133326048746434,0.9930017903600693,452.252095877784,549.8435202914977,0.0004511178757733046,147.8463640134898,0.4397,0.9774885920558015,140.38847615861377,0.2395220548726927,29287.38327715736,0.8699701127295806,43.407817885125404,0.05727531378397947,44.20261040895819,21.645860187691405,5485.556428296428,0.12335013407368865,2.3817097542351537,0.0107417627627492,81.5552836978253,0.00012305773793266594,140.38847615861377,1.072800469104158,0.9829266625488976,0.9052079608935781
83.57064606327766,109.45160228074172,46.17823169366105,0.05663804212122775,0.9868639778281295,319.89879581889824,377.4287263815805,0.0005333338734237834,98.72483531467626,0.4397,0.9333068675411335,88.38049882637328,0.18946907514236935,23811.0788629137,0.8702977523233346,43.853112769342594,0.058035428198174505,52.72773168898171,31.811660473647486,7031.736773634066,0.13672007029539351,2.2278168846390582,0.018529634599578335,72.30385863675659,0.0001511631902383125,88.38049882637328,1.0203874840725515,0.9533141689185455,0.8989806650134559
75.84385981181813,92.89145082147576,42.785502634828646,0.05639234111321512,0.9888557566577828,223.6772776448205,342.5333998621501,0.0005351623354347714,108.61060860854128,0.4397,0.9376510455794377,93.7310621008804,0.22221144806034307,17997.287919049864,0.8355649380139749,44.40338082438689,0.05721210153296123,74.7999736800118,23.124383264037654,3960.1543257331105,0.13052434879323682,1.8974385251876713,0.022410791938298945,37.597446074966825,0.00015632240309841947,93.7310621008804,1.0501973037887338,0.974263623927523,0.92073048210506
78.44465818743666,112.73141829143833,42.537031954707885,0.05626411901592636,0.9917475202388281,313.2632511557413,411.5506598356103,0.0005047624663242078,96.60168339941603,0.4397,0.968006173834162,88.96709590737547,0.1718529143375224,34169.93331107592,0.8663563992651482,44.592975598768554,0.05936917052369285,50.52145270789016,27.861534001517477,7096.274309238483,0.14010746641165361,1.8218478824061206,0.01679792120880399,51.15109075252603,0.00016364209031868371,88.96709590737547,1.0886370950344861,0.985938102648271,0.9466788349413536
81.3109306047263,109.07139870703483,44.122102659103255,0.05735268825219307,0.998463495816696,333.9105164964836,469.92064952091823,0.000505377816408198,119.05894706633075,0.4397,0.9782158332538522,105.51648783756113,0.1934097117841732,28845.574010613003,0.8792873170005808,41.206509523163156,0.05589374608910613,58.27127694630815,26.047271467865805,7155.505261433309,0.05601173371899511,1.8908443692786816,0.016358321952875968,108.43399115892775,0.0001767619920254132,105.51648783756113,1.0664428953479763,0.9590823628492131,0.8885296912462876
79.65756005690936,95.98104079151885,45.122607235626845,0.05679858353621615,0.9934394426234167,459.66131060295544,530.5245035140258,0.0004833282865446932,102.59524193901854,0.4397,0.9589805658372293,89.75584698766875,0.20293314219542252,22083.678179225102,0.8772412639407123,40.64496888068658,0.05561451183286591,74.80180672384682,32.32152606852193,5618.567398550901,0.09946564774436917,1.9206599252252636,0.024973832615488627,64.38643298114506,0.00012494862759308598,89.75584698766875,1.0408498957142636,0.9638943628892177,0.925120691825982
90.4558075945417,114.32552220179147,45.453011707977765,0.055004245444987776,0.9850886880514061,300.4149539495553,350.64491113303876,0.0004699842058603213,121.39544669092191,0.4397,0.9465550810477285,110.81537181093448,0.1604646790300489,17572.0053166333,0.8563444255003642,40.242585941779836,0.057038630360444265,46.526635043281324,18.122470713351806,4796.779426060391,0.24755216089356702,1.8368341795828103,0.02832653789032525,40.41495352725503,0.00012210947246925517,110.81537181093448,1.0913744664552387,0.9657939180881875,0.9438681508120649
91.22483901462938,110.66420858832174,43.97873074973817,0.057285729695743255,0.9969452724119868,294.5302475986749,357.5789293848648,0.00052681050234108,113.4614653165174,0.4397,0.960474772534448,107.27064097238116,0.20874184757689007,30979.3952801118,0.8291043501840858,43.601789336074404,0.059871438390354255,42.2818496711757,16.95582347739792,3631.084825816414,0.2356029054254007,2.0720710349252007,0.020752566641963746,102.8040394824245,0.0001283483172109336,107.27064097238116,1.0212215247968617,0.96578151012516,0.9178770321701272
80.07196187284309,104.88097659291323,43.63597377110603,0.05644776271116871,0.9811012894360477,466.4052303453144,543.366233627503,0.0005495034592083486,145.02406901024898,0.4397,0.966817010649019,127.80693995784704,0.20746649893289495,31040.299553865996,0.8271605130137927,40.934461654526075,0.0584989818438689,42.72327967251725,27.647074968962034,3655.8180341536654,0.059657793484112376,2.2703266279595464,0.028964194733649605,28.73048880023557,0.00014023888225091503,127.80693995784704,1.0906340062353395,0.9724682507718888,0.9474930396045687
81.19466374668013,101.13517374171514,47.888463253946995,0.056550441920068764,0.9854459812396934,275.28980097994145,390.51423782148095,0.0005626811467212775,126.90122478000828,0.4397,0.9267593542210114,112.59020878349513,0.16587528920128955,25860.183643564487,0.8360092619413725,44.000832677595675,0.05808134926908082,57.765597856890736,31.892834127866536,4997.14344526059,0.24591617553351802,1.8025510772424462,0.012025573950111636,83.95302860423931,0.0001515217028542176,112.59020878349513,1.0807563390896207,0.9524322570138911,0.9218526205669081
93.92235315504362,125.55827624119284,43.63597151966393,0.05766871830035688,0.9821630356803752,392.73396068029024,478.9982834318698,0.00046156736396785913,127.78158399027211,0.4397,0.9461179013031445,114.56245182457866,0.24986495119147942,34999.14182560181,0.8560787781498617,44.82409077092409,0.056951672826988924,37.32167159512252,33.46203245377009,6419.058458167453,0.20839083252726143,2.2821757904096813,0.014549407425480197,90.01244808996823,0.00012025715368004299,114.56245182457866,1.0317100997216984,0.9811675909740928,0.9270821428326681
82.57718779803193,111.9991719908666,42.82754944970748,0.05532765895944882,0.9889407728086052,297.9901138763718,359.81480520690127,0.0005715468472570062,114.05267473925923,0.4397,0.9714381238141473,104.79153432145421,0.15924932883088283,22728.40609248709,0.8431735346810995,40.73982270208087,0.05647575984259655,37.40340373525951,22.998512836823757,6992.54468111542,0.050549425227512185,2.355184402818522,0.011754238892809372,50.37682999268439,0.000161542180319685,104.79153432145421,1.0250323457097132,0.9549150831787571,0.9353896020023306
94.82580128424111,127.95736431986096,44.15675798632003,0.05679821153853422,0.9927385438150707,485.43676690537876,633.5941132223452,0.00046054844219084803,101.22015570960414,0.4397,0.9623254804469729,90.04493280436964,0.23953034885142702,33841.29899310367,0.8619412560561199,41.41665398073249,0.05978289031217438,41.70600014296621,29.69713202372575,4157.201898434231,0.2326927110427704,1.891191574209524,0.01871068570049399,36.68847928451789,0.00017741294540686125,90.04493280436964,1.0960988305506063,0.9825326386409264,0.8939806507309863
89.07006931719094,108.02922161198529,43.82322788628598,0.0558464791929175,0.9906199064254574,256.88747783402005,317.7102223551698,0.0004609756431166113,101.97742614323681,0.4397,0.9292264585407527,91.0157682744768,0.19915156466608927,27605.241369090534,0.8672667034148549,42.62032351235065,0.05713459794708413,54.34209252096987,22.815730005365598,5355.909379388796,0.24207384626276846,1.8128076951565868,0.022534294386328455,64.82927663989881,0.00013498673544105462,91.0157682744768,1.0253626546419012,0.950683774452723,0.9192134473987451
76.60580552162305,99.31365026861337,44.53041120603479,0.055110133932853245,0.9962252440427599,417.1814851624042,502.6935194657366,0.0005612004591247366,115.27940520809713,0.4397,0.9653127915353181,106.06749016376627,0.17227049611675024,29728.447746711157,0.8308252983093711,42.15274610960483,0.05855542471053285,67.98791162029636,21.377506742197134,5406.212284859556,0.17575160361357145,2.087618966240776,0.01400943841107885,95.50323047555771,0.00012052782235336454,106.06749016376627,1.097900929523421,0.9814810392426888,0.9229984400232397
75.7273166328226,106.83664757316832,45.74228241823705,0.05631214485916816,0.9913497632867415,365.019232779774,502.67965842894654,0.000593875086912475,93.43378253715946,0.4397,0.9600464668463891,88.62320490613128,0.1612798731867303,33341.54102154494,0.8743176465962273,42.129708168821594,0.05905219072085647,53.817183478486896,15.484245034854482,4969.092151424515,0.20766580035554483,2.3211181263462377,0.018970773638227068,108.66915579274806,0.00016519472033290294,88.62320490613128,1.0536503230926533,0.9642106848034672,0.888410336550957
73.97661220030658,96.45354421341551,45.618887599495835,0.05585083909288155,0.98465333892514,493.61234592232125,608.873883280836,0.0005864451389926556,89.26987524752965,0.4397,0.9358789261204371,78.70482184063034,0.21994201130105262,31623.027530936855,0.8236343820646553,41.08552796121009,0.058287614607404774,65.2188653775059,20.002210712407056,5543.841838620519,0.11650633108129241,2.242098852965765,0.02368789190033914,101.53368984663247,0.00016620301918638552,78.70482184063034,1.0482803458737773,0.9762343315226367,0.9118858258745748
90.15364315507972,112.73541081750903,46.18973931249111,0.05500447888248504,0.9907284372233686,498.2169313398019,580.1967225240171,0.00042221586653412124,106.06555580824568,0.4397,0.940640172938442,96.36403084223936,0.22544504152521463,20773.3580415143,0.8358956908888128,44.44607512535865,0.0561630289586749,73.0900694229349,18.40344531669895,6930.080034508435,0.164464252309783,1.8208194551346084,0.02278974550493428,30.95291980465609,0.0001226105633250966,96.36403084223936,1.0720035211593668,0.9571668809360063,0.9339474859536037
77.67155105439328,112.39231992219106,42.940110423684494,0.056478834974916424,0.9947097904306539,438.10943012717877,585.1441080915496,0.00045769532287146474,89.133282185686,0.4397,0.9388643896954474,82.84407512849953,0.2173440682623743,32344.694574399025,0.8688880040754565,43.40794653856302,0.056439918482471256,63.30006820514322,20.372252369003732,5178.704941862346,0.19630998982762354,2.20395864878323,0.022585638965269383,42.277658488318075,0.0001570393375249102,82.84407512849953,1.0596837395407779,0.9714803848634651,0.8828494363031948
86.89481275543693,117.31207649363918,42.27566618396387,0.05593337025762251,0.9900590672851768,231.0368196839996,331.14667511477296,0.0005519793051722287,96.1533109093628,0.4397,0.9795949122382079,83.7699946483886,0.19198708721969932,25794.174887689765,0.8310239330793228,40.76934144678061,0.05511491444396439,58.9254841423257,20.774542541102218,4096.007021128945,0.16225217854652818,2.29064695467196,0.022120645311386702,81.69857350779162,0.0001345703835713962,83.7699946483886,1.0512038238169283,0.9619644545118516,0.9089444405084278
83.50340373855526,115.71975397317253,46.74485879837072,0.05630236983955262,0.9888393909676678,340.702083298013,391.5130728849654,0.0005612487191685153,117.45166468537698,0.4397,0.9310232824895279,109.44520955663822,0.16725736990338264,15896.577027204357,0.8332082574799282,40.02219519740216,0.059846892802681975,30.368748305911662,32.17818941876641,5995.618442844025,0.11092101472512378,1.9626297891443056,0.029732206423678735,90.99101111301214,0.0001579724796324142,109.44520955663822,1.071212939001615,0.9501569867061203,0.8902002350681888
90.64993257266724,113.78938929490648,43.30291583764572,0.055035193435832214,0.9905819470679985,456.3538919319586,506.97022554709224,0.0005008533058094435,135.30663654475842,0.4397,0.9697649180462348,119.81308806253314,0.22895379029260965,28476.358892119264,0.8785393817305298,43.81341474079453,0.05917326499937087,50.17851140316468,19.06752218860175,3712.948288320246,0.1798400542609117,2.1920480113661953,0.02427843005636139,20.87382369223411,0.0001635827124982619,119.81308806253314,1.0480053227961208,0.9790056405930614,0.8923024018283154
88.77043584102344,115.48880630042271,43.89399002333803,0.05620534601975267,0.9909611634471907,391.5449873273807,535.6459202860547,0.00040322055560810285,95.73401109082388,0.4397,0.9518381251804486,82.43677646748542,0.23712304710634183,24993.952948419494,0.8747418602644328,40.079288101602614,0.05702005769629471,42.06222690429135,31.385974891715925,6984.414952169958,0.21768378511759962,2.096369375742456,0.028153460008702356,34.257372888375556,0.0001333645928740817,82.43677646748542,1.0227482959321121,0.9552470355209028,0.9158802160216538
71.59372310899401,95.60479452002859,44.73407828645483,0.05641121360779875,0.9862111426171927,463.6908180452363,541.8088810928151,0.0005003695146635013,135.4165138361518,0.4397,0.9728313010884778,115.44126098955113,0.18918709059063799,25732.47580556805,0.8687655602844121,44.402083005472534,0.0594621040929653,53.059025936042445,32.186847672098324,6983.595561925165,0.21720164297052574,1.9233774399285581,0.029034604262281064,29.40169079708637,0.00013564557476051814,115.44126098955113,1.0859711509076821,0.9875881686533855,0.8820637273191625
78.46069023512888,102.4665618333203,46.29783821006383,0.056398063441656654,0.9970845270211665,439.8098629986438,571.0163596022505,0.00040622938461383197,81.08791306120536,0.4397,0.9789116681145023,69.19302042220323,0.2341217558425238,23230.506777433286,0.8304280650979852,42.64713229274149,0.055768401859992225,72.79880100637156,24.275525003676563,3931.71337289855,0.07643419338606545,2.340905639621861,0.027193576476481705,54.110924439756914,0.00015669446023959833,69.19302042220323,1.0611711480120207,0.9717489801586561,0.9097469704831441
83.0024678035112,100.55645051724662,42.981506580396015,0.057150778580287484,0.9841536602955382,293.8881441905834,348.2441463790401,0.0004562790889589096,149.7915912333097,0.4397,0.9776649855760838,139.27086470423626,0.21356002351680942,16281.704470628623,0.8353082955162829,44.6504285131235,0.05521018875063183,44.420134977576254,29.490311328929163,5583.192645025374,0.13908415923636733,1.9338050188971057,0.011903361825608251,88.08023051916598,0.0001549357570033691,139.27086470423626,1.0749347601021964,0.9500669726551155,0.8817993612808999
90.09097280635817,121.93362983440431,47.41441358990568,0.0579738597264576,0.9806566424341657,258.51961381148527,323.21132473961086,0.0005313720100728964,116.18572656588219,0.4397,0.9712551830173228,106.59969103777806,0.2026978317667806,18604.267029421364,0.8341100625239966,43.859282639518696,0.055676466447496104,37.23519342040684,21.372152525595492,6470.605326285173,0.05774784460362042,2.3042852546954995,0.020584890390360898,114.31941647646303,0.00017317000378845452,106.59969103777806,1.0660139108138122,0.9877969196152688,0.9447892072874742
87.85068844721556,110.66153712065736,43.92916400514922,0.05508358705520873,0.9948298443171493,296.7691698038013,432.4471207877886,0.00042692047993164874,113.31211460669229,0.4397,0.9448143328178928,105.30650184240358,0.21106052958502763,30129.09202565012,0.831347460329662,44.47171801180171,0.05941709672653787,67.16532875565079,15.355418635077998,5272.482527085667,0.176553328887379,2.220993117515036,0.017630249627551855,28.952330879104288,0.0001506221064266027,105.30650184240358,1.0691353876650873,0.9553113479683606,0.9418067777039645
83.73509876670884,110.3715866460005,47.895976157034404,0.05618807965138831,0.9968462754199787,408.78349731607364,558.1926290001268,0.000542497908743083,125.53890967407803,0.4397,0.936276316361682,116.16049802412039,0.1607750920482283,19684.575326640894,0.8782267905726102,43.71908855308712,0.05580245380167657,74.57623436380962,29.19303045727183,5323.577884383321,0.09843244296825815,1.9325454068597088,0.011941369151943517,70.60913439420335,0.00016798604260717523,116.16049802412039,1.037515178636424,0.9833576472199497,0.894814675843863
90.2093835130434,122.35082043553587,43.712475377931746,0.05757015230070972,0.9928547254593991,344.31949284267137,399.5117859916984,0.0005242772472724626,113.26231396366563,0.4397,0.9391698435614383,100.58798169216674,0.16253990188823103,27554.533861741875,0.8299616903128147,42.88308477661261,0.055340631376212104,65.10319598352483,27.12825620192774,7092.7200126202715,0.23607096760823637,2.2267939408824136,0.021284179246912116,57.246659589581995,0.00016392042488877696,100.58798169216674,1.0947728502211695,0.9631711135388238,0.8846063057742624
80.87321190274281,111.34275696307881,46.35391809450948,0.05687709028364597,0.9893789028582514,213.15446130265693,279.9181586395506,0.0004859388437192609,108.56156003759244,0.4397,0.959188281883334,102.4063209207204,0.22267038664356115,25837.205267713347,0.8648027904472777,40.86530136257171,0.055927734391091055,36.22763968850938,24.227272711696372,4429.82913472719,0.1736511885488819,1.8156029510035336,0.014256490558367297,59.83215576292864,0.0001599419999699813,102.4063209207204,1.055817817612259,0.9727224812192121,0.8975444959117442
71.39148934814669,90.35624888893774,44.260014672013014,0.057950804471249964,0.9995041089248747,422.7430945658548,545.0342836460443,0.00047443101035546685,105.96883043381955,0.4397,0.9405116333748853,99.37699246370452,0.24699470895037975,19427.96985946658,0.823060885988624,43.63823260165279,0.05707531262118212,54.78126835149574,32.97380057795969,5494.71668003142,0.13012352294847485,1.9417629476970435,0.021634744320138538,26.80463183583333,0.00013150637867092164,99.37699246370452,1.0936077425176383,0.9834290101460934,0.8819874337284549
91.76339321537976,119.13362052751671,47.01952641524352,0.05714024783113605,0.987415204740874,213.40905993705897,316.3593555654088,0.0005829332800341669,148.4483107459003,0.4397,0.9460933186316979,131.35228523944912,0.2007804141400088,20611.42606867153,0.8526283831309693,42.961537369304885,0.05748215593904113,48.233561324077556,29.545156786781074,4013.885381283179,0.1962926378553374,1.9712430044052354,0.026347777782091346,48.83208897218831,0.0001365816261390853,131.35228523944912,1.084553441775345,0.9520063263991041,0.9314352157467642
83.16483379741202,108.07945558284297,44.774439554541594,0.057172741969873445,0.9881179570658907,322.7912784943683,413.3878831058224,0.0005106341323818542,140.30477028267643,0.4397,0.9247841835961682,130.10378582997973,0.1554000704715915,22671.352349873796,0.8242509958935414,42.27329165868407,0.05617958566098103,58.504473385226405,23.511624293362598,4688.784541003823,0.09147833903003406,2.333513961769783,0.017876761327581696,45.24559960567186,0.00015400616898431362,130.10378582997973,1.077606547504494,0.9772023202549367,0.9201726101075938
90.2100771840997,110.4131202160096,47.223191315680744,0.055228253593927294,0.9918222549452266,338.6853122364555,408.13206603167043,0.0005777799086151952,115.16874080403176,0.4397,0.9662606973584228,107.33332977931123,0.15680733557124757,32603.7278764688,0.8237052119550625,42.792956450296366,0.059028583703781314,60.08754215245424,16.06757682330575,6663.255938961267,0.06828636117171981,2.3492324937182887,0.028996571446056225,91.82986448167551,0.00012395661989100443,107.33332977931123,1.0568094289410925,0.955943294268466,0.9180687693757368
79.80204294884182,95.61920101904374,46.52363175102906,0.055825764250757,0.9886085376680569,350.90805546344257,495.4515913255535,0.0004824884506826082,138.55168341839243,0.4397,0.9266881615357186,124.53668731930699,0.19673646983666893,33826.12367238737,0.833813949630066,41.161281945858406,0.05979922214187446,66.31905940244192,32.52171470076834,6179.215166919143,0.06747630615490484,1.9625952389120398,0.025329370508411886,84.18583322320481,0.00012270296344931008,124.53668731930699,1.0218114915615655,0.9786558370838158,0.9396380553125936
84.71380629698712,112.30963245744033,45.5161715748384,0.056751429127452915,0.9911059675337675,241.7272664721235,308.9541217188003,0.0005189280360735577,90.4362565664582,0.4397,0.9402215931404201,77.95984168493847,0.21576645360013208,22735.109627475576,0.8755362035858929,42.022136143646385,0.05645418079151992,40.803893262613194,34.69285613616411,5803.213632824402,0.16656103196957067,2.084795141320014,0.026085641711169477,83.63104471609469,0.00012298902059090745,77.95984168493847,1.045216971967862,0.9564281603299541,0.9366518721142325
78.277325136572,108.87442343400161,43.49993957794686,0.05656717803178991,0.9993312742506675,424.3370543925331,500.86201097305803,0.0005909217403660377,117.06114764060949,0.4397,0.9554260383336257,103.41248296468707,0.16548766564384312,15923.01932237569,0.8583298100374982,40.62098816016755,0.05965543802762968,73.41053391995504,27.69042078183713,4009.9988338130174,0.22777370913483103,2.3889740684248992,0.012245827771007021,71.92582529400292,0.00017527846153276064,103.41248296468707,1.07318860740485,0.9508777466309759,0.9086217104927572
80.23937436113468,114.07374259519909,43.55920631436546,0.05728777427925887,0.9847499738450207,454.8116690964371,537.2414815174108,0.00042481719941156156,111.51198620326677,0.4397,0.9518704910644621,105.8116192462727,0.153303489348812,27017.967363595897,0.8590840902412297,42.048848157121306,0.05908959739237221,39.66101036345104,30.36401211785911,6662.514778333267,0.09455162095638064,2.1995865177220146,0.02883746166808622,54.20851879676563,0.00016133271338499204,105.8116192462727,1.0464522671201781,0.9562175253426893,0.9227235824416069
73.68495554207517,95.78463071706437,47.94853254920206,0.05798097307714745,0.9829712585158887,409.37016553679223,473.22848517869016,0.00045255613314290475,102.74174910942114,0.4397,0.9735878337453832,94.68613201355777,0.2229469283088183,23351.516079073645,0.8378593412468427,42.3346622756317,0.05943010137791324,35.58441052389752,25.120496791270696,4673.19346998345,0.20200967715222756,1.8418274377464772,0.01069058329690124,44.37920487304363,0.00017020569032277032,94.68613201355777,1.0279301895420423,0.9750295115283849,0.9109265553270411
88.54008917275995,111.52443220346986,47.55232798179949,0.055620412793542656,0.988471024667893,485.3211962423313,588.9445018657499,0.000583338788631389,144.29079612305793,0.4397,0.9595212882230224,133.8255416535456,0.16461315151198572,24846.305962590683,0.8634169884439242,44.288860438172286,0.05529849383829411,67.29920597224015,19.732856694164457,5525.938238222944,0.05752470513673611,2.0348592008154656,0.026877904077750002,21.128379903508403,0.0001778050100278944,133.8255416535456,1.0614207044035497,0.9894290716846041,0.9236806789783188
77.00710764995914,95.26722025845703,42.83051033854239,0.05628519736598656,0.9900799712640735,277.2501918138578,361.38269938654366,0.00048440088244226754,138.27452843355712,0.4397,0.9673426867146258,130.142939583164,0.19381799840089006,23839.00849397769,0.8608931497615305,42.63589914959513,0.05917020964835199,50.84621294078983,33.24134981953179,4440.508914348506,0.12066801463953146,2.0528629617336596,0.010593013258396072,34.792804494715526,0.00016205814812877994,130.142939583164,1.0323583637118188,0.9888048796552114,0.8906067398272566
77.5432786112666,112.23559907792448,43.22438709647504,0.05760051992631751,0.9942639316874978,248.21902816603347,359.0037782195957,0.00045440707767185125,143.4960166342954,0.4397,0.9382067555248405,124.8811806373954,0.2234136156088179,28091.471130993363,0.8477011264048322,44.54434272228574,0.05792962545125336,52.0603621815018,28.767012560757113,5474.651646849212,0.18074330191161392,1.983837998926673,0.013249148695892173,41.9881540716995,0.00015091927759555034,124.8811806373954,1.0444976409497249,0.9798276502183549,0.9010056165379667
78.85472406394534,110.84646399007819,42.64088631744616,0.05751444763500637,0.9991034636126175,220.1885783231826,306.97438709169074,0.0005994679423140559,124.46518516694786,0.4397,0.9279354402073048,117.84866609197839,0.16252949825340976,21088.802357339348,0.8609563242906418,44.839589236997334,0.055191292912204176,44.34309586486043,25.971261204235475,5623.70232542064,0.21525011251573856,2.1119479222985875,0.016306901887830263,117.55635330232957,0.00014874107452257767,117.84866609197839,1.0601530422169778,0.9829832182282938,0.8976318514257029
80.80315290993003,114.95522748938889,43.20802679111245,0.057451580296482535,0.9937734067413914,416.45592077421657,478.09827367702866,0.0004204418616195407,106.33548422246687,0.4397,0.9645997999460852,95.89484971819492,0.19427531648596574,32852.627734949245,0.8720281263792918,40.244938119816574,0.05876825197586499,32.08859543828308,28.641687055917295,4825.686390322698,0.23863835608577122,2.241612432393959,0.024755211350102405,117.04516563628177,0.00016476163204527135,95.89484971819492,1.0293023863200803,0.9849585811826326,0.891722690973155
84.4040978005341,109.31104056304304,43.741425469313754,0.05686118085734449,0.9997435031122864,248.63218115910314,385.89191887218436,0.0005223086021214239,132.97687988693838,0.4397,0.9292147386811578,122.9328506384268,0.16114551276056238,23424.986923144097,0.8776228415795639,42.98571726658809,0.05620857544274956,38.71204879333945,25.23722791604598,5421.317929054527,0.17651407299182004,2.2149004052886876,0.027988408320456307,96.76661608994398,0.00017207383495348633,122.9328506384268,1.029002283064781,0.9711341505361895,0.9089686661746375
87.07016579238666,106.26579347613517,47.025761590651264,0.05797958049447541,0.9849267738668726,481.4544274224461,582.4196347356743,0.0005576149072199685,87.5996882634496,0.4397,0.9700499722233256,77.24724757732879,0.18475080875123315,21833.228400300875,0.8797956342407416,41.49616840639749,0.058985378568198195,64.27354407446404,16.167689882823428,5061.788553052811,0.14253484651243978,2.010928901638009,0.023329975268199743,81.03260238044967,0.00016977696750491314,77.24724757732879,1.036807105702112,0.9591440996289309,0.930854957837733
86.89223771560506,113.35592879021013,42.57109350595718,0.05607371034774168,0.9841778017736132,379.505142958082,461.6901919564491,0.0005573477995955557,139.71557059201453,0.4397,0.9765810465917811,123.36056264266362,0.24124332954520727,33458.89971339717,0.8492987294374666,44.256628096297185,0.058129945696665464,40.09828398287465,28.2088228801783,6110.983476670509,0.06212727840358739,2.241983840310505,0.024555371020809617,86.88084042983705,0.00014957671918287244,123.36056264266362,1.0673444541715713,0.9764438294574187,0.9077239670989955
80.59202289820735,103.03386121438487,47.292723396015745,0.055348884532407126,0.9861306950179755,441.240699889173,492.8771751166309,0.0004883684038482216,82.01455211241552,0.4397,0.9369756715607579,72.6616103631216,0.21861332201197586,22162.85815933955,0.8219651889774432,42.470389841055486,0.05746165885455784,74.66996626813378,15.104337702899047,5558.008799381267,0.10512952936824349,2.1204443763744902,0.015795456514641797,80.05490533862388,0.00016641054220423396,72.6616103631216,1.0946558310267545,0.9556637139817711,0.9487844947528454
82.04726668952897,104.00455530573703,47.8315807885617,0.05539767972448542,0.9957424784521495,330.40952391605265,440.19417100437937,0.0004087922068409136,137.27486690710887,0.4397,0.965660302234336,121.46161051050225,0.15230931425078317,16661.459979908017,0.8337506890574036,40.39042599990634,0.0551169174770509,65.38020465252401,19.40691582469806,6761.073961113221,0.2346223611643769,2.261707929907889,0.02950753017648463,84.68301430778415,0.0001485951868718058,121.46161051050225,1.0391229323533873,0.9832944264116449,0.9011463474341926
73.50801294889638,90.15529862935831,43.690440410478836,0.0563070757777113,0.9837302944496794,420.4537591615856,548.7041921595053,0.0005682054181079516,129.27583530303897,0.4397,0.9462402991125408,110.69247530388901,0.16344768091362927,18106.72126946268,0.831810936332309,41.07503314815795,0.05944837365900411,68.18655664462582,18.119585345865485,3778.7110470734183,0.16657930861604234,1.86833340759095,0.01815468435992642,41.923690856285745,0.00014306313622418267,110.69247530388901,1.0775858969448604,0.9664836412607986,0.9463690847429927
83.0376520674569,99.50063636149714,44.73740307445261,0.05741484995439605,0.9839238009933686,333.095339416853,448.10146443856576,0.000560547494851111,86.19222967710432,0.4397,0.9379398407444347,75.93168527508375,0.1793820568367806,29285.899920199583,0.8380323250052416,43.36944084214014,0.05573782188521922,69.29763105402213,21.802445108259434,3695.899171201264,0.11853545766336629,2.042856006077029,0.028258276072480458,117.67019166390935,0.00013786029375661952,75.93168527508375,1.0351502803531407,0.9606596710342838,0.893548757975938
91.92641755422471,114.50238861393493,45.1759702417442,0.05635853874727253,0.9882347152122892,361.6291423442074,490.4010738274633,0.0004474761504702182,90.28984935531807,0.4397,0.9458686000028209,82.59156273125318,0.23955491984223146,26246.510258108465,0.8416301297468638,40.398075449550575,0.059148474248248255,62.35070120413946,33.166312792038354,4278.777669703987,0.0997633746676623,2.036789843846389,0.02558508549656492,95.66385194499537,0.00012327273914621432,82.59156273125318,1.070841198692265,0.9837383201938728,0.9024542210263424
81.51124703153515,115.03521791116135,43.23413599714404,0.056834149548121916,0.9863508857479265,432.0745199057185,497.57310369766043,0.0004681054847384907,111.6674017787339,0.4397,0.9588060370245384,104.98938902600612,0.22470863392197865,25692.342811928538,0.8601206361235009,41.895391986553,0.058440812595825356,50.978226170468915,16.594032462957657,4026.8756733396544,0.07273140553753121,2.01108168812869,0.01734533110582256,43.424372803968126,0.00013206975232977548,104.98938902600612,1.0310175503874335,0.9544477006282499,0.8914857028287275
93.45033982748373,122.91081403706819,46.38945827362049,0.056074064831212314,0.9929295617828762,271.44606666274456,418.61636452432094,0.0005025184662230157,100.99124255156278,0.4397,0.9792840963929186,86.26333959609174,0.21174929558885,16639.822077065957,0.851541337556991,44.35810933010961,0.05534786364102117,71.26555481359316,22.148125088257125,5493.22478206664,0.20032099570251188,2.2188203263856665,0.016862705174532203,71.36479396162419,0.00016380042328819337,86.26333959609174,1.0876304866717215,0.9889930563253804,0.8966537105446865
73.89458849824412,104.10576010176322,45.479992797533804,0.05714449361253226,0.9978033406568901,465.352853933507,536.4861827397656,0.000422828741532692,140.71048599439038,0.4397,0.9380026240205377,119.83789149235245,0.16525947984063397,18281.524106959365,0.858984675016526,40.146007058404216,0.05771107549786335,49.193704881517235,30.191239019896642,4320.482585709545,0.13247522730766176,2.134277111344621,0.023589620098326894,98.92173103140652,0.00013030264912482705,119.83789149235245,1.0794007188649137,0.9880164726992194,0.8909978099295291
88.42273647843315,108.10855000753871,42.67306413005687,0.05545942497878848,0.9827732114368379,414.8896486908839,491.56760864822763,0.0005641129054198969,93.49835198440678,0.4397,0.9623565916911874,85.01243328219412,0.24288746871592157,22924.28920296886,0.8783103727320645,43.48100185410588,0.059808768830079934,34.311858554667374,32.261832377959124,3657.775048777503,0.23730987307512186,2.0315352315632764,0.02880942600074131,111.11601074888462,0.00017407062333395584,85.01243328219412,1.0744581155726511,0.9743515230480598,0.9237379117829506
87.69972275948787,117.39031498114207,47.375893875786105,0.056560346855086,0.9909350985389888,423.9620403787882,525.1949966536633,0.0005844199942214485,109.19559727623115,0.4397,0.9400922061896435,100.45639293242887,0.23081291468381168,23960.113731986254,0.8229443172553282,43.37742086452048,0.05961404421914533,56.83993037232939,29.722582740626567,4617.439399541127,0.14087834223913104,2.121781385406507,0.02344688925280477,58.384449958161845,0.00012471495867624735,100.45639293242887,1.0211729420962712,0.9784850916465521,0.8940430605342603
87.03822383939055,110.1646063672095,43.81315615253588,0.05555538858111148,0.9817680143542623,271.4489020107498,321.9684547081183,0.00046163886627790737,98.23297201266143,0.4397,0.9350836444915779,89.47293413632781,0.17394256890809,22531.643323551107,0.8208639208344628,41.603684756377376,0.055731491843745734,34.750415382330814,34.30423262514796,5433.130935866291,0.21367531271929102,2.2226357539351764,0.027148540555266873,68.37302818079911,0.0001230676125936438,89.47293413632781,1.0869127881294858,0.9514859773551066,0.8859592506463732
86.57142998400721,102.75924219347128,42.937483900628266,0.056405776410113774,0.9844298682012559,227.03821500364484,321.2830638154967,0.000584805893067169,88.90275144309413,0.4397,0.9579105285053913,84.21796177685977,0.19043258897657175,25054.88498808883,0.859930326463661,40.56358336782043,0.0558659171244486,59.49247796066531,28.918348512198968,6171.318532989439,0.07604752464876213,2.205076468384028,0.02932565632757035,50.98826924226032,0.000148864948832667,84.21796177685977,1.0320680412032444,0.9674833213151158,0.8986494510179371
70.55770683942167,93.45397818978778,47.89112640984242,0.05629148207312778,0.9861820309279072,221.856935376711,291.42946289799295,0.0005601739024351767,98.18189926995794,0.4397,0.9656772831605929,85.70168650866617,0.1928383798567324,29670.96739343471,0.8527752259023893,40.51203634635811,0.05576817054389258,74.888704094238,29.89601748633989,5178.221304785744,0.0801815254553429,2.256404471752062,0.016600052578755693,57.65793538894646,0.00013335983675244798,85.70168650866617,1.0626791212232807,0.9853846648241696,0.9274880047749371
88.55305630130262,106.17813204995,42.61745398207018,0.056813686420095336,0.9915820589149346,394.10496794950154,519.006779791527,0.0005455650888007312,140.19909675961958,0.4397,0.9630431619031661,125.9162406265538,0.2087506373558973,27714.0867103794,0.8489649497832591,44.84614024104551,0.058780872369455686,60.38435922795457,23.441354708035036,7065.771582156884,0.10464238294842565,2.310885052960354,0.020769830500872832,42.77093490483393,0.00012617717640781327,125.9162406265538,1.0821329310497925,0.9504608861861791,0.9100041911079533
82.49210686982249,114.56609612845146,42.35818010783022,0.05652863570795819,0.9910975798450615,245.00071472980864,370.77605314798006,0.0005938307428013199,130.08500985222187,0.4397,0.9765551407155972,122.4867704367372,0.18748103914250552,27225.708835543453,0.8711996508569181,43.38458144088528,0.0558037696964188,39.474844530893066,21.041065571443003,4318.029584173345,0.08824693188638799,2.243635121849612,0.022182162753302773,22.99117051574209,0.0001235920767989602,122.4867704367372,1.0705336413511624,0.9616247970997038,0.8909310659073867
83.10465474249975,114.9105360319979,43.425318040980926,0.05792722338610881,0.9928613250335957,499.7574351183662,611.3309195824111,0.00046493003233661484,143.99680072354815,0.4397,0.926442150246658,131.28904383498897,0.1710026521432363,26155.576345223228,0.8295325451332304,41.87995609554618,0.05532290735885804,36.203678050739114,24.237506543639427,5450.623143632622,0.24534811745137614,1.908083481091078,0.014343533113500673,61.633079746267796,0.00015163779186508933,131.28904383498897,1.08552197869755,0.9641536264428636,0.884441513226882
71.27181600527993,92.02119457127844,43.915589504381096,0.057700934785396264,0.9963781283445547,488.31429831217457,580.4828158441983,0.0005831285594367938,108.3695530196018,0.4397,0.9524398198440311,98.3683650056373,0.21669895195904998,19018.56531146986,0.8544171620804445,44.16772721766647,0.056951660623438906,46.037378553396266,30.35833966951965,4511.461425318118,0.21162835013122527,2.3079473282068217,0.025950975343108668,67.0578593435372,0.0001355678523636832,98.3683650056373,1.076708170905712,0.9770031855064917,0.9310548294502812
74.70952820781557,101.94797426332727,44.60281599690421,0.05588223396379857,0.9837445975625486,208.75302708520758,289.77642877809865,0.0004196807195217845,96.82888811639162,0.4397,0.9374506276013838,91.33715692264839,0.2177555040469527,27092.72982257577,0.8759156293726674,40.51668102568856,0.05983444711579303,36.55943247414269,28.005261149516958,6504.00447126421,0.11968244867878307,1.9992139380519207,0.015235162088912884,97.9896912551871,0.00015334598495096193,91.33715692264839,1.080486090035833,0.9781935592292905,0.9292876764240504
92.775172689079,115.05036705622422,46.11102130832707,0.05536353041777855,0.9948676495492161,417.51727653178136,550.2634740166826,0.0004956028300630537,81.8422275328024,0.4397,0.9690174247172966,72.33954949750502,0.19423855365795853,18169.121637968947,0.8467512114677084,40.63463942927101,0.05654129936178719,55.63619864460428,30.43797959901024,4275.9304598596555,0.15396463143441752,2.199585317101694,0.024137492859183582,72.2621562794597,0.00012889786717512283,72.33954949750502,1.0439015052695084,0.9526075846893398,0.9123067299177567
77.88820841937189,95.97273190624419,44.19428030537942,0.05519425525210026,0.9933404190988878,278.23161611471994,378.94097803609293,0.000510402251909249,114.66105507804889,0.4397,0.923721593104733,99.26409149339692,0.19866524791771048,29258.297201262445,0.854794942405547,40.987814868944504,0.05862118021406846,65.23942996404682,27.551731712537205,7061.763915094112,0.15664962335364563,2.3945818430124413,0.02047648413294699,52.639722434766014,0.00012146544172049752,99.26409149339692,1.0503284650216635,0.9587006117277262,0.9169424294198739
79.8470055153857,107.8351517435581,45.35600166421788,0.055593981396387625,0.981594220698506,302.2699354731592,401.9166140677436,0.0004245621234131,82.7809840516927,0.4397,0.930548207117736,71.43362246668222,0.1550670176899508,24045.750324265933,0.824199961281517,43.817812008841656,0.055719805391665544,59.61622559890988,29.66202695473379,6179.783384240179,0.17144181099933958,1.976785235448623,0.026733421013346394,66.324282737068,0.00012163555302778056,71.43362246668222,1.0601162344524186,0.9830198919906967,0.8968345002357736
74.73008797986452,104.93222084608297,42.03486855378018,0.05566632222789007,0.9868939064010535,272.0931311120644,333.4364200003298,0.0005474708012130071,80.29924910383944,0.4397,0.9663217137048274,74.85393455223752,0.19560988390858716,26629.212305683664,0.8409509833737342,42.04447854851042,0.0581057293566651,57.77393432838993,18.11338146443945,5604.714292116798,0.0707233495665765,1.9621265593541346,0.02023110123179457,99.61328059793692,0.0001267603708731588,74.85393455223752,1.0668928596309575,0.9576727100125388,0.9139735779662126
85.80476955355707,116.29922437487213,44.30939809111315,0.05766604410746787,0.9805539869776335,449.16368693266355,521.0019917182551,0.0004950357927664144,122.32956982118733,0.4397,0.9412784792276444,114.46314713315628,0.23003982533783873,32255.891810301553,0.8224838984259353,43.21288148102058,0.05790582971218547,49.60229173219252,21.4731706654687,5516.453054403753,0.1197960330036143,1.909298071103638,0.02173334604879785,68.09509503904448,0.000167762545172837,114.46314713315628,1.0753336810545255,0.9614613533951276,0.9310024630039354
88.51752189517069,106.501933613034,47.66981205254089,0.05777452263953349,0.9818036876348223,468.12569772637113,554.1746269182037,0.0004911080879017399,91.53781782384277,0.4397,0.9609080067685908,79.9480164618986,0.20914824873096685,22461.94583903181,0.8543425793891604,41.16225563750074,0.05952086586310111,37.772814739653924,26.2238353406963,4904.892849233054,0.0671859598926742,2.3904467727322096,0.013621446678574033,75.51830108921666,0.00014691084051177792,79.9480164618986,1.064445978588586,0.9564897727748273,0.9340072832150933
93.03154603609322,118.28311640599598,46.649080233990105,0.05569141087801074,0.9856757360011332,212.12046702657207,332.0057513049562,0.0005162879331685881,119.18451967604466,0.4397,0.979910340662394,106.75442459439482,0.24206990289618818,16995.249392453585,0.8554284486806585,43.88649139725657,0.058582785983904824,58.700084379169084,15.330948270367204,3675.693816597616,0.2338130437340551,2.0561613302653248,0.02616373521499702,37.29989445176585,0.0001574316264221901,106.75442459439482,1.0768365786896499,0.9801726554069858,0.9038346409966361
84.05159034479347,99.52957748878248,46.44480341469921,0.057276193301956324,0.9848623232886871,281.0114339531155,415.53853307275637,0.0004269423360844917,120.14658916106814,0.4397,0.9475909461840596,109.1513949057508,0.22165133649548963,32827.94012263918,0.8770504197071132,44.00832614460058,0.055603923940609166,48.870649480689856,33.24594453971328,6894.445557311896,0.13069077472201862,2.2703192764308597,0.018042487330052915,20.763528397314662,0.00017249936633389486,109.1513949057508,1.0320600238085653,0.951084258331897,0.9275195389094297
76.89076702039111,93.69415697296107,43.82709585897612,0.057507291875712026,0.9980034753887759,334.6095386954255,483.89556637842145,0.0004400050320603882,130.6687412352328,0.4397,0.9519790544220877,112.88517112418694,0.22776370487606176,22299.675754152373,0.8583043613974295,42.066289460645265,0.05702399964403967,43.74576646730106,19.789796558632066,6461.774410231948,0.19540340884895424,1.8295437022878798,0.02159488957291864,112.96766453455513,0.00013275629209672776,112.88517112418694,1.0515717291377136,0.9620765210778921,0.9140539096329408
71.77408287128995,88.39510593299771,44.92905703904616,0.056132531745589985,0.997875771257496,356.5466094752026,449.28981962046277,0.00043613688536443444,106.81900565711166,0.4397,0.9785196837926774,99.86306544335972,0.1958415673807241,23130.470445687395,0.8201789779387442,41.04641076962264,0.05500278182883917,59.66788224288847,16.770043956903674,4085.4890966342905,0.23416528190084585,1.9082544007058402,0.02692117532261034,46.79648732792529,0.00017228091618299473,99.86306544335972,1.093064435547068,0.9712926057911115,0.9317535069387444
76.6527359507301,92.79655182174012,47.067141013728055,0.057614782322143426,0.9915573503515337,226.29406344304,321.61449816621734,0.0005903865194915147,129.36088542402518,0.4397,0.9647836093314923,115.37539881365487,0.16734493950877793,20920.469419587942,0.8699940637683359,43.15025137926776,0.05620498435011571,47.034122136776276,28.2850042583588,4039.48658229392,0.1118874652150826,1.8379106587029068,0.01958778302210188,54.75750099884641,0.00016473812803947615,115.37539881365487,1.0373565668944704,0.9502408170119466,0.9283546456615206
85.45911355748757,107.13450053864426,47.280934018557026,0.05796595682501497,0.9947007111817221,449.00845789273365,575.6145120049359,0.0005546379765631563,105.61758244076391,0.4397,0.9318054198484401,98.89474611373714,0.24121850863982297,23403.389817412557,0.8397793768778852,41.28067690562106,0.059856630477073076,37.57486598141473,18.87478094190444,4709.162418655016,0.06756983908213565,2.2893810170069577,0.01548929288570826,31.48465670773767,0.00016374108664696325,98.89474611373714,1.0314928694685406,0.9881594445384829,0.932524968922662
94.35258921544349,116.5061812325069,46.26325817574678,0.05790338555465212,0.999992026262655,480.19396986652134,562.3166675090229,0.000505839395065905,86.8450968025451,0.4397,0.9682580129493373,80.4192253520114,0.2159196484998396,25419.415238307418,0.8628563015977403,40.741465892740145,0.057278707283428244,51.75811077037994,26.2386942640466,6347.301854756808,0.1172432489812616,1.8639320980993572,0.015308148499547935,71.29979715384599,0.00017224420440612245,80.4192253520114,1.0795846270601752,0.9847715661410702,0.8915418363210565
71.9799454442254,100.93735228562996,44.73924858641555,0.05722572048630143,0.9882038539559506,320.85952488998,424.911322491392,0.0005318910262745791,101.69930616902103,0.4397,0.9509515047006463,89.44407475582476,0.24094746124941652,31866.22577799645,0.8358417115664639,43.078987820883604,0.059337888191222606,43.01322337023559,19.97953346813569,5411.394108672388,0.18419750846051808,2.353896948586339,0.021326520139703833,93.70988464683104,0.00012755266123609855,89.44407475582476,1.0355543316098303,0.9758926492754219,0.902548545179333
79.70916095216896,101.30675537944401,42.438990271469585,0.0561149883129578,0.9904485085212581,457.17022392980397,574.8719562434085,0.0005299956212280518,80.52971305342189,0.4397,0.9672421647718332,74.22080769764608,0.2117522455066906,29403.205712472623,0.8656134895238217,42.564543960757604,0.05511864514855257,63.006992753114304,18.318830355975948,5955.15558010822,0.1499594933005286,2.1982544782033258,0.01582408111245043,88.60670851189062,0.000152430067977617,74.22080769764608,1.0566087619346534,0.9675652334780601,0.8985488620887419
86.68089273535789,104.48880881891284,42.716119851312904,0.05568101646153194,0.9930229987809032,402.9064670190694,476.5314380895327,0.0004524690020225004,112.37229041603649,0.4397,0.955913151492322,103.83991897732356,0.195448094053509,25265.618231881395,0.8756494403803562,43.917285979389476,0.05940028920029888,32.118021391214384,29.699921678650867,3622.299407989196,0.06499071356648277,2.345722746818395,0.016770998488635135,105.5602114793381,0.0001490119993035616,103.83991897732356,1.076946535983609,0.956212276338702,0.9112948197878958
84.36427360512437,118.30178622492775,42.001757530949476,0.05797861020500217,0.9984111642483736,377.5230833241669,455.48207826270203,0.00041732156738275483,131.8217817279516,0.4397,0.9336398871711034,116.15163979988303,0.16347391314560383,30276.936216181653,0.8247591431642267,41.46154749053251,0.059446980304632864,68.37797770856031,22.767455920413177,6925.336373434774,0.06403924735117315,2.045315189142135,0.014696103245049448,48.657009325826955,0.00015983997230019386,116.15163979988303,1.0587880068322757,0.9721455738725532,0.9125438721852025
86.29231507993032,118.8018431596443,44.155198617017604,0.055828523583886513,0.9959403310144826,445.71504498192803,531.3341087008346,0.0005109877523640252,134.9323289508382,0.4397,0.968866374765009,118.11619301882142,0.18977047876401215,31955.83038858112,0.8526617171300264,41.12651209199721,0.05826716304404614,50.760581920200984,26.488764270843625,4196.468926636,0.18991232103159977,2.115394707819609,0.018925736708053528,51.4663280239053,0.00013427933193806924,118.11619301882142,1.092120877992985,0.9595683188956237,0.9267115038987914
81.58021179225449,99.06472690033002,42.140303780997584,0.056315148090247444,0.9812884355505348,341.90888512775825,449.67736863070263,0.0004526084978627243,96.2467703900279,0.4397,0.9201215920238057,89.73498135167635,0.20975534899350207,16162.971727104868,0.8524241211003522,43.20261442525694,0.055581254525590235,30.71747236331504,19.32248935291031,4748.044591182643,0.19730906780480156,1.8165433694039232,0.019321643827780163,116.55735429707785,0.000127639575599125,89.73498135167635,1.0902518761440072,0.9755206944983832,0.9198724993810051
76.67591763594959,98.93149163533256,44.61013074436073,0.05579237360990686,0.994259005682406,364.3148197942816,441.3563651439041,0.0005746943297624252,87.39501882525371,0.4397,0.9732818132216107,80.21056308687577,0.2430764268625362,26844.576799079467,0.8371862633383449,43.50530075309375,0.059380080394484475,36.00131097643836,26.04829106813892,7009.7420346935505,0.0719015561887678,2.079543546314094,0.020518410234337862,65.65997979505613,0.00017840664203617695,80.21056308687577,1.0602360452247999,0.9558234436908932,0.9205912411101774
82.06880660531846,100.43049962501789,45.58524973930465,0.05648835657852579,0.9850387106051168,282.39975788282345,353.2165361336228,0.00044721060884136504,92.98010503722266,0.4397,0.96911655354363,85.90964896418375,0.23293075853983003,15865.363070950216,0.8405004615335947,42.06681756063817,0.059499319488896266,72.54482192474377,23.424608697622336,6238.416726864741,0.2089435784666292,2.1544301628086275,0.021857092002021006,103.45137176256915,0.00014794089146949498,85.90964896418375,1.0968679491651232,0.9786847700852674,0.9243089387981114
79.53840324842196,113.72063179708131,45.57528084226963,0.05533114316399611,0.985098033930831,413.6554279163306,478.606249493612,0.0005145722950390585,148.8599086189775,0.4397,0.97820839950635,131.191059967951,0.201314166838398,21162.310025038176,0.8605696460813261,42.21179883378023,0.0560052334798617,54.165300032303136,16.024488901092845,5439.840139643321,0.11911182414314886,1.860354048210003,0.021758099934157258,81.15020400073219,0.00013392121720350554,131.191059967951,1.0433419095291327,0.9629162063274737,0.8991022794024034
87.73243828571377,109.851990127805,45.33178510920569,0.0574271696316668,0.9909447649010499,247.71866052442323,378.649650309767,0.0004840185803798097,101.84719314044915,0.4397,0.9221322644425229,93.92545759097379,0.1947990907397888,30248.32538345887,0.8375566647300785,40.61772493013175,0.05970081833989623,64.58454009882426,29.53383632596087,6706.497651492256,0.06364182762747675,2.3887411624511072,0.01734503781434866,38.08648006534435,0.00012771936770598894,93.92545759097379,1.038711355269694,0.9700792689162673,0.8958292133852794
74.2906205592197,91.25296909757839,43.35702516493444,0.05651532136278331,0.9939260170246116,272.94846941913795,411.5456191455188,0.0005485805653922348,110.04991185704885,0.4397,0.9462580701728877,101.40336258114932,0.153327337784849,30825.706619666744,0.8218376324101561,42.347095562098445,0.059405207561243005,69.72497462690694,26.047286727870542,3820.5443041767726,0.11677220782441283,1.8026346086076732,0.0280135811708628,115.74381476670119,0.0001556158965369311,101.40336258114932,1.0736195932346748,0.9564730243122271,0.8950631987878966
82.40369832429364,111.94057809089125,45.115133410133886,0.05625850703145464,0.9831845564501679,343.97628626403935,484.44848083704073,0.0005901492434506661,85.29385958415205,0.4397,0.9301478925434564,75.34241116577272,0.18511884102937892,32676.544221445503,0.8661511720734933,44.806640075943335,0.05602438221881411,44.41374165484353,33.546797080034565,3874.6541985979193,0.1960950217592869,1.960470366509211,0.020233130520100444,52.444279058544126,0.0001288657360369003,75.34241116577272,1.065822566333195,0.9602510731231446,0.9345613766991088
93.97656397618803,123.21091429989595,47.87901558250228,0.0560894338001614,0.9862902296192787,315.59374575141027,447.7571128125353,0.0004823142139291093,135.25312122745154,0.4397,0.9424393721481953,118.62320966092335,0.24813177694239794,24964.7584692958,0.8575115746164566,40.56848914369921,0.056969103610034474,54.61126592308537,31.158999320593896,4158.579307802542,0.18115564781644738,2.16937294853029,0.026642322597155398,84.17915197630012,0.00013098255812019728,118.62320966092335,1.0400885526223762,0.9680084704146621,0.8868083196511388
83.29484894266223,103.11553805713606,44.66770672215447,0.05673935294258537,0.9943224200850012,271.8735011481902,335.6024234658031,0.00040887090550036797,111.39432453636294,0.4397,0.9415874845897972,99.49066968399889,0.22410253591056356,16682.750350994007,0.8350272901285004,42.83983979860957,0.0566833939761738,59.26457828462199,26.422384240353832,4552.45571941112,0.1462941754796908,2.0985829817801807,0.02114757381545289,45.45156482568844,0.00017712916427728166,99.49066968399889,1.0496905167080033,0.9683272515656697,0.9021264894086359
75.93023686962738,97.35947388802985,47.24695011807016,0.05733966418085848,0.9830400398641987,257.56656395799143,317.34175808846584,0.0005322862782271196,86.11785257031487,0.4397,0.9558536637422302,79.56507801136885,0.20247490544102092,17535.70455882684,0.8776924595443905,40.09195445612269,0.05749113196061867,67.87132943691034,15.86119202900798,6152.506804620471,0.10593053599517875,1.9435192109115413,0.017412263938217258,77.56681103295621,0.00012174993976178681,79.56507801136885,1.0386421605051972,0.9899911115918495,0.8996191081360917
93.39625739501736,116.69663534485188,44.28843264697166,0.05770768289619808,0.9969941695269935,458.26915304258455,558.1855859649594,0.00042583697465649036,113.10593457305518,0.4397,0.9462457996269119,98.3296336359637,0.23622995762856244,19886.189481436173,0.8739056817888209,41.62686981908544,0.05944500141019777,48.90402238644689,30.0383721079838,5516.703464817948,0.13358623653548612,2.3920522059565004,0.024772960708847696,74.11145627207345,0.00013120981340661146,98.3296336359637,1.03895817166283,0.9634168581038229,0.9214348027784519
76.10393467135789,96.45793470679084,45.73826662688823,0.05752455500632189,0.9891208558832485,377.2576692167999,479.4003645226331,0.00042090030084518973,129.92922353782637,0.4397,0.9779343928132677,121.79906351103304,0.15230558326094837,22443.654221824927,0.8778625514238246,43.805721690695975,0.059371736781913986,72.82887507774757,25.9808840096467,5133.7604999334235,0.12632213610457568,1.9133264421031801,0.01353920164937048,46.10382253042087,0.00016027314049664427,121.79906351103304,1.049405673454468,0.953375113303873,0.9446934109187178
88.77950344984212,109.55725761336713,44.891033439477056,0.05633653949415833,0.9917198050041702,313.2177977036149,436.5001169496219,0.0005323116272653812,113.11265230747037,0.4397,0.9366664262514515,99.0332492541661,0.2457624221015302,25531.2165121143,0.8507341797364778,42.83580632513,0.05587836363144591,57.32043074044054,31.70063043457693,6417.318567362417,0.12800454483066365,2.141011138269131,0.029393606402721435,118.8770884361972,0.00013301364124240485,99.0332492541661,1.0939375748006481,0.9709687447174332,0.9415016255310559
72.73828150182364,103.77008934219677,46.13173485817001,0.0575019761894372,0.9816079679675098,453.73413528487936,526.0222106505003,0.00042056246709457187,147.80429318449893,0.4397,0.9451250275838067,138.0437957724778,0.219966873026931,27918.74723489092,0.8341099893396062,40.40566164266296,0.05775566416142766,69.32425393536349,26.55490038242063,4741.778154102285,0.14793859008278526,1.869530446825858,0.021446051215829896,34.068351977918056,0.00013091640026412446,138.0437957724778,1.0867918294110597,0.962873029529084,0.8873771125016635
91.30224024513333,121.3392523496656,47.38426703765349,0.05658584618177575,0.9990900248860263,447.5481460134598,590.6431129992491,0.00042575542635148525,141.0164626735772,0.4397,0.9620392880192611,122.06116456280616,0.15133141472690068,18250.070128944128,0.8304297506482153,42.2591569015753,0.05767017090684931,33.75111151521798,15.04054958961245,3907.6468520266967,0.14105676753626617,1.8336838488979585,0.012083313384874297,64.30125422624383,0.0001533900152868847,122.06116456280616,1.060993454810849,0.9851110663515671,0.9178147159488452
74.51436469013113,103.36694892954085,44.64540449523947,0.05691453447443888,0.9981506450994264,233.26611707114816,314.25909637066985,0.0004878161460640884,116.03648932659614,0.4397,0.9365926010547118,107.21122616525493,0.220553180869907,18779.37099483863,0.8769114111008592,40.39537907811393,0.05725199142604298,50.85040515801721,31.298242226782442,5028.358979941677,0.07049378114383048,2.0927230570773037,0.01842716529810878,23.137748821559093,0.00016175738514092553,107.21122616525493,1.0582215611102086,0.9584119269957638,0.8826038173016604
79.85448670337315,108.58995784027013,46.544396749557826,0.05702368121032876,0.9838015743224012,370.185687923969,477.9665830153168,0.0004904652172467972,145.83553959698233,0.4397,0.9634286656602663,132.14734180297586,0.1583127849369122,18459.796183036928,0.8734497161624087,41.86764730525695,0.05857354898694969,38.06262590141484,30.985477040549405,6359.080584801983,0.10803391323623145,2.282820039510695,0.024250764993956106,88.27225777580423,0.00014583796474389304,132.14734180297586,1.022518281729792,0.9842265232529865,0.9354684321413608
94.14050836512712,119.57814697840459,47.2952378992127,0.056199045502145974,0.993262045530578,291.6838750197238,428.10523576190263,0.00058274286118669,136.79714583338452,0.4397,0.9625227495840456,125.32614411461891,0.2139597269354771,30098.741040490073,0.864456245044232,43.84477202455592,0.05822984859489108,71.03474079334333,16.988053164712614,5306.708574617579,0.07582185917700975,2.1187890171263994,0.011362194349730166,66.21035906029292,0.00016687727135239366,125.32614411461891,1.0569836932142593,0.9765430919331832,0.9062302745113607
84.48486819265209,106.50329375187326,46.7372672772594,0.05645815937572484,0.9958623443746465,362.25046240728545,464.59527325601,0.0004552268425990657,105.77890075889408,0.4397,0.9627342933448739,100.21637547856436,0.18008856396687867,21041.756956041918,0.8506308899660295,41.291248283170766,0.05637553761915034,40.57442937090337,28.676469312495648,7117.7325569893255,0.17041924291736754,1.9761782613148897,0.015227609240991778,76.00925591937154,0.00016891260336842487,100.21637547856436,1.0699021479385211,0.9575195783792417,0.895040535024076
76.59989839812792,106.01079730767599,42.14733599325476,0.05707776698784948,0.9824393480367206,415.3996451431171,540.7553896264508,0.00048018702154518033,133.99868858507867,0.4397,0.9605045855429706,114.60315397897749,0.17120922398163724,18334.228313324562,0.8430644533628324,42.26694669187268,0.05674085709909908,62.08410601714984,25.522013036742855,6682.058292901057,0.13456300341998145,1.8100378158410484,0.028487483320239655,89.85072001387215,0.00015738505616857707,114.60315397897749,1.0822872165651303,0.9662098864346639,0.9138871344973993
70.01567922404922,87.34303397474861,42.00113792110947,0.055923784734821125,0.9915490711881852,202.55227698946007,327.45489703019024,0.000541504205271409,115.40966338007755,0.4397,0.9690476213034165,99.81928324899046,0.2128081477037436,23627.514433384604,0.8622067072823056,42.5016958473469,0.05944184139857653,32.82912230051451,26.798341879317952,6447.4338904172855,0.18438514158737934,2.364319258826613,0.017124059622583412,96.40087411071895,0.00015466914166619675,99.81928324899046,1.0484783753610794,0.9696973008032017,0.9104572325961156
70.16973058450237,87.99114068863622,47.297758059889446,0.057240739875140625,0.997009078602768,354.0702531727084,483.07237782370197,0.0005654039872428383,117.73782073300166,0.4397,0.9796959017948462,101.00827485066802,0.19340407734325046,19950.328028803404,0.8205717344157738,44.26637905969919,0.05662885948587272,39.03800884002717,32.78706522348499,6383.450159058043,0.06752064036767068,1.927130756139227,0.013183252567450888,116.58276912082646,0.0001689783065946518,101.00827485066802,1.0935511011158758,0.9708719622811524,0.9460189846508726
76.86469200052285,94.38999615943804,46.37588047411067,0.05606230942972035,0.9901342819488143,287.51970201792363,418.6245285226175,0.00046982407356914083,116.44347141528269,0.4397,0.9233201873159652,105.02778384520298,0.15645230183306996,22385.981331375624,0.8514566566137666,40.607516802939706,0.05722042658378077,44.39336162299686,19.991370612163742,5692.046650211931,0.11898181455523463,2.1447431133298496,0.011967653917069634,106.39961151588385,0.00012090179646701425,105.02778384520298,1.0872154226812265,0.9658837964436706,0.8823230698952728
83.17136982528459,112.82573086029106,47.74879219302246,0.056756468443855825,0.9984757067984962,360.20327004744394,449.4495647793096,0.0005262154840036161,136.25749782794315,0.4397,0.9498287985125444,126.75772378090862,0.2322342874867191,31480.28044379044,0.8607195859582533,42.75209274111625,0.05986448330996062,65.18429952764058,15.263197869860585,6844.138927597903,0.08607034740004833,1.8093157547502847,0.02238125308149656,52.38046957378565,0.00015063808950565075,126.75772378090862,1.0265786753807158,0.9733851124598031,0.9464988907937658
82.12228171615146,108.9530994034257,43.75489436420982,0.057512868153716,0.9809560379384122,232.95264322350175,319.3082674861235,0.0005248371774654647,144.300210850189,0.4397,0.9687848558011749,123.44630211230773,0.17661227367291038,21677.933025486323,0.8652255990428962,40.15394993969322,0.05928640426226854,41.30250487876543,19.171242331874392,5723.539605180804,0.0684175429025916,1.8583227386787502,0.0211626626202304,92.72647332220413,0.00012772395438219908,123.44630211230773,1.0922358443681446,0.9786696526349141,0.896405987068602
93.04704078215035,117.0502483695273,46.72780951629075,0.05506961475879236,0.9983842136594735,445.269925470574,575.6197354870876,0.000460641524451486,102.36623803969677,0.4397,0.9200028325897533,94.98979533307514,0.21182102631607969,18497.187939713225,0.8470648684713055,40.466685373051405,0.05849481469484424,66.75979768311969,33.30252070479702,4941.131424428842,0.20468935582108921,1.9021017087548127,0.022954832595601143,27.59644231574288,0.0001332934057623854,94.98979533307514,1.0378263422145335,0.9702473521336605,0.8901522512986811
89.10235287102932,113.62697969960536,46.80913246270582,0.05572102013555222,0.9995443609545525,363.10053560030906,471.07157488356387,0.0004237242389790583,124.93447520336466,0.4397,0.9527091946702778,111.60466412612737,0.21093606526496095,19649.053491039966,0.8647083510089452,41.10361447728084,0.05652011360607252,65.48748438313544,19.22846309823035,4305.244944213785,0.07618732426611337,1.8673883199745875,0.02916073516734278,33.62068573380498,0.0001769399543097343,111.60466412612737,1.0938654422601342,0.9740973242757877,0.9319276665296506
93.11839089835264,124.66957744177559,47.14395893848613,0.056683503019630495,0.9831188420194623,263.3190351309994,374.09036351444695,0.0005365034167800056,123.98862057746783,0.4397,0.9595878929362741,117.06297149633392,0.15561611566959552,15687.145679371994,0.8257505020032269,43.59857136662536,0.05814374995501143,74.64915055429861,28.490211960867995,6527.141686805873,0.08498298361465143,2.1184522027101056,0.011202365272897342,65.9612617143204,0.00012022261432110644,117.06297149633392,1.0704543854127095,0.9843838132360739,0.9165803850486691
82.79445470799784,100.22805028732466,46.15216748220897,0.0553183073204397,0.9886190039321818,430.90541868500713,522.0971437644141,0.00045361361357812804,142.12480802843822,0.4397,0.9315045604134963,126.2451480816097,0.2497316550236412,33022.58659265228,0.8339964788471764,40.205544087231544,0.05821010113979161,60.47132203302336,30.79371369642825,4936.09427961483,0.1233555397423382,2.0382320489884824,0.013953420363623365,65.96245441211886,0.00013842084104666178,126.2451480816097,1.0529536196474039,0.9699100723679307,0.9426953185363776
81.16666030362752,103.83154591053913,42.82984795450363,0.0556168052031759,0.9924152984532266,211.33472849584734,281.4961943631979,0.00046365647257032045,111.30481808191816,0.4397,0.9440492301990648,105.56814492093687,0.19476605428863214,28939.353619633093,0.828676763161418,44.72534557931033,0.05705781070832267,58.684693150301676,31.264205469045216,6447.25164380393,0.10855255802168112,2.280771010149132,0.014676486482726774,70.57506528568226,0.00012926166074979134,105.56814492093687,1.0549160898795498,0.9666519690180786,0.9179845970368551
84.15220742800939,114.35553153802284,46.08565643714556,0.05724726839045049,0.997864765765775,377.84701688463565,473.5400738102696,0.0005144710347469335,93.31123723500643,0.4397,0.9673670716133245,84.50752304760701,0.1705356639024358,24267.219887800275,0.8403902760418613,42.13833913818458,0.05518059246805791,57.06911635304783,15.20874126608753,7138.810152746231,0.23396373767556838,1.8697225035940712,0.018541777388564988,67.51970085473113,0.00015422501535063582,84.50752304760701,1.0650230916035,0.9599100356196554,0.9153827328002501
79.30365219275184,107.46043960417325,45.62690216902645,0.05507746913494683,0.9831905234577948,350.5284879846996,497.4931345616065,0.0004321617878563066,94.21601153303683,0.4397,0.9240009632622976,89.41093066351817,0.19367476884233709,26217.296442980525,0.8406515815514692,44.193259702047136,0.05683264237982698,34.93286121887759,15.188048224060857,5035.343754629075,0.2477292869902168,2.0586408070404723,0.012420526798228521,84.13786791897826,0.0001706555953089089,89.41093066351817,1.08750982929069,0.9552545959022151,0.8944313315010793
75.27028728342914,98.97322171298676,44.00203255509243,0.056830110279033244,0.9866805591614162,211.89350457802126,290.9801925028189,0.00044829965974526323,83.58935417646083,0.4397,0.9280920039880171,76.33284491273562,0.210306194636387,20081.819620913426,0.8424363798008291,41.1093786827802,0.057540667363012304,53.09499632701291,34.780202130070435,4826.6685758884505,0.1344801402758709,2.056950556364483,0.0181973984461833,115.43454472985809,0.00014345332746289448,76.33284491273562,1.0869538013626947,0.9616902829214077,0.9464841651159814
90.91651396169452,110.40333815431478,43.25168095040379,0.05510247116335866,0.9959585962340204,274.9116419685908,352.11246610600455,0.0004892157633892415,87.05099463803445,0.4397,0.9690841682985988,77.00823289071673,0.150303978058365,23073.761224480328,0.8479494934919216,41.689053524096316,0.059750710877046115,68.31672987601289,25.54853600521691,4212.33402889861,0.09022696681592622,1.9384870799853606,0.026323892574449025,37.268913051388864,0.00017023112433704326,77.00823289071673,1.05319224455233,0.9662465457805625,0.926514315283625
87.01328958902957,120.94211385512874,47.31059966588119,0.05534777109092271,0.9882000912542384,223.142132264267,286.2205498331737,0.0005756966558167392,101.08537003014874,0.4397,0.9685523302612248,94.04385094712481,0.18001335581347805,21396.71235086992,0.8461800241286153,43.635079133907595,0.058637479974956414,30.938556021356373,16.274067071902916,5311.2657640960315,0.14962233725856594,1.857576890783463,0.013273156548345624,55.7462460907828,0.00014641418718284858,94.04385094712481,1.087922179151048,0.9805703077008455,0.9221098104957506
78.14145230563065,101.29983956276084,42.85167896976114,0.05617102236800287,0.9920988694954888,419.7160797512798,517.8341238522626,0.0005544512249323787,87.17940470605518,0.4397,0.9554242018240376,78.34778340463745,0.20363302509574752,31490.867775850355,0.8494283158599176,41.895985897002,0.05553963326179214,35.69948035651126,15.536177608546197,5954.4664636185635,0.14913372074717218,1.8063976879008752,0.028331609327535028,27.426547659333103,0.00017454263703842692,78.34778340463745,1.0577563284291556,0.958697151539559,0.9353039023836884
81.15703097251077,113.71373105058242,44.533187380163746,0.0578943060730868,0.9912001104643332,411.7312909861878,490.58433057560353,0.0004635193707260767,140.97639996961857,0.4397,0.9449711991330995,124.18340395329567,0.2194476980024267,29868.507326873434,0.8651557998702591,42.53743947917901,0.056507111518284185,57.02471681634323,31.215424570366952,4726.032253670939,0.14320772788969063,1.8112967317236663,0.028225068301287348,39.99831944257561,0.0001708166977824782,124.18340395329567,1.0534040742146116,0.9780858428382615,0.8870889690832552
75.63619586927838,106.19280546994389,45.736791136234324,0.056637542649239286,0.9994634339135319,226.789390414487,345.50176351413194,0.00046041377734448675,105.34129810907075,0.4397,0.9263391047046398,94.57895063144429,0.18133059605119536,20677.609811144408,0.8285210043418851,44.04626115638653,0.05760841941080384,68.11571342075905,33.09910243042837,5348.396192289709,0.054067245770640995,2.0391750194789964,0.02025974461191834,118.73050996960482,0.0001307291702152231,94.57895063144429,1.0394602744052133,0.9531613560270173,0.9406489412527488
84.07097641650276,116.30157707670875,47.83077858849308,0.05593667251740034,0.9828306244783364,232.7621553975962,296.2746135644714,0.0005974689824184776,105.79271274239125,0.4397,0.9686862376307892,99.14800568911124,0.19039096531192848,30244.9565582262,0.8410423945120302,43.25547576724991,0.05725557637765954,43.82992928474556,25.48984996785526,5533.462074605562,0.07567539089350661,1.8325663729544628,0.0272031511613915,23.955671619599354,0.00017310384168122772,99.14800568911124,1.0862344013611511,0.9563356493052825,0.9150337897582479
78.9589535795695,94.29739346434305,46.025858114466935,0.056233979068651116,0.9989688112417523,464.0846640671758,538.8159123367325,0.000530676854677064,133.0254461271945,0.4397,0.9345047216684212,122.81318087543436,0.17212284292059302,16878.67231799205,0.820008102523301,44.179380130350594,0.05502561346907377,69.21652086928063,22.434281373439386,4590.8544291572525,0.07820171774407435,2.0367345351258312,0.024230016297812337,41.36778231345765,0.00013155384507191123,122.81318087543436,1.0696050830231303,0.9630531420541747,0.9361549141136751
91.88938293670554,116.43721149630541,43.82926919352914,0.05670631661712147,0.9912830143137576,260.25423290089,316.439337848849,0.0005371068064865213,101.09363377791047,0.4397,0.9747914514547681,87.68628082291823,0.17930403259685035,19051.391666732885,0.8216937513916756,40.432431211256166,0.05967550001054181,45.18869800288294,29.047131804865593,3684.641186306015,0.12035222031410082,2.0624457220177237,0.017134769098878948,62.65043187318468,0.0001494236848312209,87.68628082291823,1.0544894245319134,0.9687928785433033,0.9298841574222548
83.20907351141159,103.39775004776436,42.36397160599595,0.056858249559703936,0.9980830451611065,291.0983213653018,345.24541183127917,0.00041102486507748183,130.06275936078845,0.4397,0.9665502791400836,121.46038032643357,0.2187357427306985,17127.58581892914,0.856385256896955,43.04035188825383,0.05952019894134333,50.94562699092622,15.447766937344067,4376.2461031232715,0.1661575737795611,2.0672315721110137,0.021235029967799125,49.26693472724574,0.00013176023453319045,121.46038032643357,1.0729901322782838,0.9572371362801629,0.9115881937079039
80.29326594257823,100.7736930470829,43.90621873708035,0.055803709864266554,0.9823588427369807,405.2840493181201,536.698396568356,0.0004209945067464603,137.569610388429,0.4397,0.9248561502704493,122.86917734515345,0.18372618581421846,19764.926538236563,0.8725600930960387,43.00602156352228,0.05961872285219598,72.88638002106504,32.978315382839696,6491.338690724592,0.2255687054544071,1.9149932828080005,0.012332331110478904,74.52231973102914,0.00014318774847199719,122.86917734515345,1.0888809591113664,0.9544812375472688,0.9338796876715926
88.74049409683133,109.13730054331934,43.75671935588187,0.05559188331387033,0.9928300602775978,218.21696677674117,358.8047772392937,0.0004588907270007379,105.21246269022264,0.4397,0.9581295862980219,90.30247312751754,0.17796196173760162,19523.877499292885,0.83835458272555,43.03549267247675,0.05714277424860924,48.79164392980588,20.121810019447203,4601.0244352751015,0.0946712375214087,2.0992291753513856,0.01991524745397629,119.04465806711133,0.00017913625725843557,90.30247312751754,1.0358259068495757,0.9726330185306993,0.9304483798624351
92.62753226174412,115.41380569866344,46.914476890882455,0.056485927970083644,0.9968022007268909,484.29695352748473,610.6858370643636,0.0005684022244685385,113.44683553267397,0.4397,0.9752375601959066,98.09943116795878,0.17985599251252163,33011.090831138674,0.8441137326784112,42.94405106846384,0.059166877534642205,56.97665652176819,18.818175127867438,3649.7589578396137,0.20424001156204158,2.0353903694512323,0.026599581064399365,90.39332777474559,0.0001659084114295466,98.09943116795878,1.0513953655200254,0.9664795172890989,0.880260531800595
90.43547744064463,113.649569763708,44.25950732711101,0.056934553750691314,0.995737630028272,206.902702128539,343.41904915111877,0.0005821338659247417,102.55602675415973,0.4397,0.9727500921104206,87.85117163648059,0.2112643042018071,21547.7907656785,0.8325925850906472,43.619190284913465,0.05854268635433767,72.09595669646484,21.215847161882984,5129.815164066721,0.09524157187245855,2.393716187978668,0.02170479995385043,60.58603447795872,0.00015324442624989432,87.85117163648059,1.0504240314038928,0.9666356931787762,0.9296473206737816
82.37292737990397,110.05373234286891,42.590689997302974,0.057449739980841484,0.9801987664506849,454.74275337973023,513.4023681334326,0.0004382058691895038,109.62149479032277,0.4397,0.9568011727529492,100.59512720978798,0.2060816793484838,22104.359472382843,0.8285679801579782,44.22018190858847,0.05755872471348983,41.897197834843595,16.274552714534124,6056.896468639117,0.05652334025937951,1.8272214108117721,0.017640612273337596,88.29367389502777,0.00017612871181184168,100.59512720978798,1.0260817487879528,0.9623178675777059,0.9156152088999886
78.91108342575579,99.91837447271732,47.21986477615443,0.056778385948080407,0.989044109324244,308.2718169673863,448.0852450853414,0.0005428393534451385,120.65230043025429,0.4397,0.9303175408287558,105.66203313970594,0.19069013914449162,16995.012504841176,0.8730458918913138,41.1479895707391,0.05538566089379737,34.13711685300168,22.79120815400733,6308.673982699009,0.17997166638183165,1.8323271045965093,0.02327119281873089,107.22566186588712,0.00014158221106472493,105.66203313970594,1.0467254603661582,0.9648499013568794,0.9387629598698086
86.55323357852149,107.0087765010383,42.10832560069864,0.05707730225293001,0.982306934487371,245.01197669820016,341.6159603452783,0.0005748275262258307,104.47478007689692,0.4397,0.9608145093993118,89.81016715235792,0.21323162940562745,16319.648925636484,0.8543272007820403,40.52281910898417,0.05583925997657331,73.11134423266861,29.294956921157038,5090.034024067056,0.0929265861555849,2.2947179300536225,0.029537108874428238,42.90028053785748,0.00013039235162588662,89.81016715235792,1.080943440337013,0.9573629838553325,0.9366751122791108
90.42170108727859,112.63386514032858,42.01805637317006,0.056451937783343405,0.9830565021555547,313.24732372112476,440.1117060142097,0.0005757801808961801,112.48930919921696,0.4397,0.9599685234913863,99.72930551591574,0.21427942879917078,19387.751065623015,0.8622924869830173,40.36987672389611,0.05619116553529642,55.192332131529426,24.964127225569072,5658.6902093522185,0.2339310016681168,1.9596114041003103,0.01134963058576251,91.69294553928994,0.0001697371566535379,99.72930551591574,1.0402672112075675,0.9608233534267819,0.8919453959814038
94.46598943341257,123.19627929212257,44.848519460889705,0.056700157773377974,0.994125754199617,491.8524648456609,603.4281936874171,0.0004917614529945661,114.73565883971862,0.4397,0.955324083092788,107.47250303418798,0.1513109563726653,17690.922770464695,0.8729134882297912,40.79213977896089,0.05947955342228151,73.46282419394407,28.359580659779464,6283.829705500464,0.2366838827598159,1.9102718847411315,0.016607286448294255,81.39503318657285,0.00012073052165620303,107.47250303418798,1.0848732030592094,0.971690916697198,0.8815231067339871
81.43128089896841,96.43470441145831,42.41532173994589,0.05690634269723874,0.9991315905906258,358.6933355834417,443.68031719125565,0.00045175569774608837,81.71526532968487,0.4397,0.9359445711886252,74.5956435246752,0.18390595130165988,21892.199532952392,0.8553035968175499,43.27976365486605,0.05832684119562186,69.00350803698407,19.275439128623454,6801.2694084623345,0.07100635760244695,2.3246911568711752,0.013118785228854707,93.38202928773228,0.00016827572380413274,74.5956435246752,1.096420285152439,0.9708916739968311,0.8937427799782892
86.70600359218108,116.6445627367157,43.06261137614126,0.05570899373228974,0.992681948823664,217.78405596663998,294.2639592385905,0.000591256789924573,91.45542772569564,0.4397,0.9740178093685878,82.18392741028926,0.17442888784978924,18720.88725921188,0.8308170490421233,42.08249181844849,0.05991515496177096,56.758192761273506,22.95780892109235,5903.637249213306,0.08894373602512551,2.119637459029408,0.029138950349454094,28.416015248875752,0.000121311430038421,82.18392741028926,1.037917636639083,0.9862370965891752,0.9318787689839686
77.32758133024227,99.10695637009107,47.91170749273117,0.057802222468989854,0.9820475412160912,482.4625596711888,544.275575900526,0.0004553166276904901,117.89620519513491,0.4397,0.950154614156976,108.85586123215714,0.23291215853386713,18563.426519356846,0.8627990094784214,41.747448185063284,0.05783215990530545,51.21033032232194,25.389627649878655,6087.105964141094,0.09208272176426933,2.1694737978495517,0.020918037352796882,93.29416078373059,0.0001370628258770572,108.85586123215714,1.052773303562244,0.9833015967469448,0.9409945972179435
72.18658241133282,98.71137787634973,47.066190017956934,0.05603601666928421,0.9848799318371031,243.06846638975338,334.33357653785725,0.0004505390122194481,80.18554651441328,0.4397,0.9378269134775566,68.76628305828406,0.1775436092901921,27950.733655954085,0.8648683630033142,44.54975487771156,0.05542352354480446,51.611260243089546,26.45116943429082,3955.2304601836527,0.23228770123409376,1.8047764087572915,0.012593382681613918,98.80257777719675,0.00014132997993234286,68.76628305828406,1.0305067230601075,0.950284057164579,0.929040181138505
76.32644319538286,106.55688904015406,46.58422605559036,0.056814064405940085,0.9875774879484783,216.4062831200617,315.8165547330161,0.00044113657612074005,129.2935549421166,0.4397,0.9353133244366517,121.31319094470535,0.18172960918843573,33842.1186474365,0.8448369143664181,44.50087939519727,0.057388815858281365,37.470742298466696,18.727929679244006,5113.621035663949,0.06560476110519159,1.9564506025907784,0.0222434011696946,88.723218242216,0.0001391117476125663,121.31319094470535,1.0753715265689978,0.959190556582939,0.9374411386682309
70.36225335486981,95.5789567075354,46.024758319183206,0.056682862626263104,0.9825071510235249,213.6277724442727,361.9392818686664,0.0005065070921224788,143.3825492462343,0.4397,0.9368610698393259,124.42359367973982,0.20377874479064748,15249.633564393014,0.8570088415981251,42.6944577657163,0.05555892226542002,50.41029080020529,31.15338270293838,6800.251859481303,0.20023360747795904,1.9555217879074889,0.020008403799447884,39.72405269451072,0.00013460592235876694,124.42359367973982,1.0585759984236514,0.9855078076735692,0.921106861345535
82.73568997216812,110.6787149427876,42.286892694116645,0.05756003642480378,0.9969593620475012,447.9004693181063,501.62951695097905,0.0004214368702730355,132.81983861553903,0.4397,0.9476656486846409,113.18085324112626,0.20473992989457265,29111.12159818204,0.8490729900328985,42.292502268980655,0.05950681637380031,66.97793770681878,16.80432441795564,4178.592201401681,0.10754092539771198,2.2565353184806067,0.011186409385782487,36.134442454901674,0.00012649070764590774,113.18085324112626,1.0670969020481573,0.9625901291479692,0.9154564473717982
79.32890281529808,112.72771741795984,47.0154522709624,0.05534081312521098,0.9838901036644154,245.90576281738169,354.920679039289,0.0005141375339752316,101.99058425256464,0.4397,0.9338510897851604,90.38773153892527,0.2310973508526845,28183.95344403661,0.8399799650578671,41.352203582384696,0.05639217162515709,74.49546969336873,16.965745016584673,4715.853916084953,0.16648691228082002,2.031331350885763,0.027290293277707857,93.83766557905132,0.0001201908042808875,90.38773153892527,1.0822954671883187,0.9691082259906014,0.947925481652406
86.95687024656121,102.55419569445661,44.827129976680645,0.057652693050540514,0.9825910215446749,253.6948684156036,356.19435060844063,0.0005887378581295146,111.48886791201616,0.4397,0.9510448739084871,95.41716047306693,0.18879282803786399,26701.08908641895,0.8603449670176498,42.29951022000043,0.05598634944808698,73.21539287510669,19.994014478574787,6040.668831872886,0.08545641158083411,2.1464611690345983,0.024183925247578116,84.7708402704766,0.00016648271091597764,95.41716047306693,1.0820943287202733,0.9769993970428419,0.8856413110955789
85.38285085793521,107.37342758141502,42.5899198433701,0.05541104515220378,0.9945136934430663,483.2346051600135,535.524224191059,0.0005009938434172509,125.55017572493293,0.4397,0.9315214093941608,108.81532672189728,0.17811642421261253,28845.96259621669,0.8348471439323798,42.054595818123026,0.05755815802499012,73.29803657242115,28.08547927416608,6847.466270336836,0.21130593153146665,2.359142150110102,0.010104775906565248,118.36354807652765,0.0001474149449201736,108.81532672189728,1.0612780510409385,0.971734285841891,0.9094947987824005
74.19666086111042,107.73374404709735,43.80450606690011,0.05543359113154266,0.9825366470253114,383.4833436182836,466.45757671853556,0.0005930695167322718,127.63058570414239,0.4397,0.9362571165637513,117.91788054889619,0.21082433220995705,25173.989883826278,0.8396482480281577,40.03475919381473,0.05903543412504022,30.855489960190265,16.54174325631571,3812.545319897016,0.18415438818129454,2.3908062893707624,0.029193445038738157,65.47453181314152,0.00012971664497866685,117.91788054889619,1.0905856652612846,0.9501947188302957,0.8994640062896205
86.84553986204469,118.59413645612932,45.01180871870727,0.057586764498871394,0.9882063889429703,285.62574837054325,377.9184906709588,0.0005811406891616807,148.42478298490556,0.4397,0.9271799272260834,132.16830751416407,0.22282810410468923,33538.35466842992,0.8443413250208552,43.792883253641314,0.057551740155667684,53.20974258406693,15.154511942315288,6733.771115095733,0.05422934757679945,1.8763976053042137,0.013185362725836845,42.93164652929869,0.00012493062176904013,132.16830751416407,1.09455450223421,0.9582625386183108,0.8885435682023839
74.6850056163523,102.0215652433838,42.08216758452707,0.05577130571918551,0.9903101660950234,375.9364234302879,475.3633996042087,0.0005584603333343126,114.50865944749302,0.4397,0.9414436795907685,97.41135819711803,0.24925975075648726,18164.4978560032,0.8568772152184835,42.19286645178529,0.055191082973398704,39.005900201988325,24.443631511761645,4393.161769978372,0.09742651085377281,2.1335202637350417,0.010005240141621208,96.97220760542662,0.00013670626803622077,97.41135819711803,1.0704570646028284,0.9540175869364246,0.9223903898318719
70.14882860622916,89.73488763418982,43.5145168383083,0.05683535941317118,0.981604585873898,272.92775555281014,346.2733641518561,0.0005216114498404892,97.4674383195908,0.4397,0.9443581802682703,89.12185948611325,0.21182988196630356,24471.02920101737,0.8711322452193152,41.11424651201103,0.05871477762787557,57.68779019096493,21.933141272488523,6699.080919240461,0.14327005260009457,2.2194851659916033,0.018545431091962175,94.85252906404742,0.00014126244740554243,89.12185948611325,1.0230725121499453,0.956705810294065,0.8984275263916519
94.25481657398663,115.86547733254561,44.0155417724206,0.05639083221386904,0.9911157640813706,348.2795533709052,401.689575360648,0.0005761355735683386,105.35342896288863,0.4397,0.9442230558041711,97.00007257773744,0.19907335745828722,28060.767658391836,0.8568949976127606,43.331308386563975,0.05517035667978225,72.5626608802626,18.134926284246234,6801.248033843878,0.15623509034992614,2.2692316723148163,0.01281564930778745,72.2703116227215,0.00014768510561420723,97.00007257773744,1.0820772566471701,0.955894747714034,0.9124075182331008
70.67462617617296,102.83375370150549,44.78274803720758,0.05780279875762381,0.9896032800509995,300.3867362249938,379.7710475109742,0.0005109967584361403,144.5710070066729,0.4397,0.9634932499597171,135.92513285367272,0.16330680111493762,33173.97499046125,0.8635648814481822,42.23834162733088,0.05802189194096312,69.44929772116352,28.118477414510725,6391.736731226039,0.21545429593365156,2.352064916376413,0.021402958579712413,94.60491552696371,0.00012606321069453266,135.92513285367272,1.0913533768193273,0.9749111526637997,0.8895612025731477
78.54372691766213,107.5091560633015,42.011889633443026,0.05734625196422223,0.9933683255745391,386.7879611270249,520.4241453703837,0.0004414402627197964,124.28967035369826,0.4397,0.9490016704538959,107.5677705476755,0.24869230848149076,24748.71113729031,0.8375594377671313,41.56865021641138,0.058084667354637055,68.99621145497228,27.828628292645355,6925.739578567952,0.12739291461512495,2.2370023324195865,0.016228592303862727,51.05924201173943,0.00017879540034605452,107.5677705476755,1.0645310908674221,0.9662625853127395,0.9072990557741799
85.93778102376525,106.6507856169853,45.39265572108772,0.05600498133336185,0.9843829185994734,427.64260120058975,558.4283888290281,0.0005850358949695671,140.49759836174934,0.4397,0.9615803183794999,131.46593136184566,0.21849918151469538,34539.92506775449,0.8552449034309628,41.15405372647073,0.056042596968019845,46.4573283491095,17.437857249612968,7060.169120132679,0.23536888126136674,2.2139611184520467,0.013703561731085218,41.57203279944376,0.0001361247786522032,131.46593136184566,1.0760286291908794,0.9526620512908176,0.8940178390999569
79.25936342896325,96.90427346506812,43.18580226521263,0.05744032223972877,0.9871325828812663,304.55225559514054,372.6273330453071,0.0005004379760015795,130.68599133953575,0.4397,0.9219884060282246,120.3449127291187,0.16650174361794873,28129.657333006042,0.826231106166025,40.295708336093895,0.05723287667977746,52.55270868205341,19.596026762103968,6930.669969892813,0.08877708025993454,1.8324586037623818,0.02970689946923745,32.60953401613604,0.00014647775366537807,120.3449127291187,1.0484835392033858,0.9532916170304051,0.9427855957824939
79.53022886853535,110.14563555061991,45.583503184491455,0.055677365467105513,0.9931931067811995,243.1739082914615,357.80392485722734,0.0005815496148825301,147.58012420821677,0.4397,0.9461953188981616,133.76105771810552,0.19596772905875326,28984.250765650584,0.8477963200477205,42.515110503237764,0.05503095944283444,42.68749391943563,22.299586371607266,5447.264653047657,0.22154259655753783,2.1268914954084606,0.016654580323397738,49.04779148642509,0.00016254092583548694,133.76105771810552,1.0601683525498296,0.9880142560200502,0.9165677311491862
88.06818851138237,114.5926821057934,43.434901842711035,0.056846714055278545,0.9807119324448212,306.7221815502261,449.08691902759324,0.00047862917325847826,115.08610398329627,0.4397,0.9253878678223628,100.83579713887333,0.20603023355897843,31364.144441405984,0.8613927301690527,41.877221226258285,0.05641839677054216,54.923444890040074,34.800798075243435,5269.236347366968,0.23085990600510287,2.1592592560561235,0.01829466529449271,85.45665365863871,0.0001386114179660522,100.83579713887333,1.0838485106922944,0.9561904787995511,0.9359680509545808
85.05384836156325,119.32261215972373,44.41631064948498,0.057254751315173824,0.9823158988558736,427.44646513957423,494.6572342344258,0.0004671448631249559,146.49336815695708,0.4397,0.9477261202624022,131.2264553372672,0.1716877307022246,29678.366081322303,0.8307833512971485,40.20164594404184,0.05809675615855669,43.652453640244424,30.371811279768114,3978.7425359299036,0.1753373933738765,2.2178985580189092,0.01588480277546093,45.843016021575394,0.0001249498176661267,131.2264553372672,1.0900768930332934,0.9601536042037234,0.9140008432635953
82.95943615691287,106.08925969952077,45.74178119547768,0.05710947543013911,0.9856710366263016,436.12451619715824,498.9921502179429,0.0005531982647253804,142.0123152206843,0.4397,0.9569119706067308,123.5261537544631,0.22324814329898945,25452.538436056864,0.8741258247564041,44.062033150740135,0.056420846866935014,66.39290780211238,21.743306736159425,4377.927488266081,0.24350476170251634,2.150017977303782,0.026739739622493007,108.34389173228514,0.000142592427334428,123.5261537544631,1.029217301308835,0.972971797048567,0.8829669017663795
92.15791834709435,114.13845762221831,45.93943563864492,0.05697004600919072,0.9821271274781438,435.665287185837,487.87991386150725,0.0005268890914706691,139.0166126434857,0.4397,0.9678043629471627,128.14126522375665,0.21503375562897964,30452.341437591433,0.8450315611613077,44.0414213189977,0.05523815488859638,50.898869582081915,34.30875644171162,5948.515388866472,0.13211745925656518,2.04567006054398,0.013935681554704059,44.9763119115282,0.00015317236301977763,128.14126522375665,1.0213748740313815,0.9574842337468009,0.9286187491842005
72.70284115093021,93.5179640101278,42.18357415871213,0.05748990649204287,0.9807902493801062,492.3717238302983,559.6128702999215,0.0004879449869955209,145.7365270018775,0.4397,0.953013146770669,134.12992132997505,0.1733747354411923,15714.659048045083,0.8602685119394102,42.45012785929716,0.05837132050081524,61.517945520057644,24.098642186532274,4058.4305615257936,0.189856632686688,2.0924744816024434,0.012553150559021117,88.4447765537525,0.00017050523519121833,134.12992132997505,1.049887350580439,0.9579011756976125,0.8833476402439709
81.74418855285018,106.38179129670362,45.210447288475336,0.05666862532796874,0.9997476484529537,447.4348446157679,578.8301023983267,0.0005757178148391958,116.78763492407592,0.4397,0.9427701364031155,101.50632221314606,0.24897563706854467,33655.345808290986,0.8481936698851579,44.194502023617076,0.05871197594306703,69.27002430071663,22.60663882237238,6992.569906314946,0.052019535917696307,2.380391753729385,0.02762915518580112,72.75646858980672,0.00014207556473314962,101.50632221314606,1.051273409289565,0.952903506343421,0.9076528300013483
75.97666856304596,97.43126141247832,46.89985001595488,0.05778504371802917,0.9891151996436442,490.5719091770693,621.9708831932796,0.0005033153226995139,131.99803833154579,0.4397,0.9358677461135232,115.53282342906577,0.2448668520972041,31462.997290304742,0.8639354901131722,42.405027663863606,0.05931493138099528,43.488709096454464,33.88571571810856,4417.365583242791,0.1049360908522191,1.9974623059690049,0.013667195329502172,41.15471083030816,0.0001733712576317745,115.53282342906577,1.081866430032297,0.9892328458727341,0.918285754826128
70.92019620418526,87.38400819992609,43.23853827332664,0.055434429314925815,0.9906736801019924,388.03771524479873,492.08292294769967,0.0004025582255335433,118.87350387984299,0.4397,0.9774465693950524,111.75431035640037,0.17655211096323137,27753.22350304804,0.855058194484792,40.84451383802737,0.059377729810337544,57.99411806624748,29.72350963413995,3916.551562935389,0.16327380126579077,2.270674179499972,0.027158760168310855,75.61970269765128,0.0001527645212676051,111.75431035640037,1.0206877782523327,0.9742420212342081,0.9345879820844087
94.47584255455735,115.71842371241365,45.191931826473166,0.056067125780163166,0.985098097927641,268.80451056784443,352.1609582612373,0.0005386407713460536,134.3382670723684,0.4397,0.9318971280552419,120.52405968127611,0.19418121546099265,16375.089440628772,0.8273543471577512,42.587990887147946,0.057481584101095655,68.06159364143622,25.95688525306446,4446.883121558245,0.22518675220758333,2.1644640709173966,0.021563555223126703,115.47331142535047,0.00016304919847166512,120.52405968127611,1.0811202600288594,0.9711897587165331,0.9429019836623814
88.35067068147823,107.72838934753949,44.685687854321195,0.05734897603534728,0.9801537448384096,382.45888827341173,513.1369301736099,0.0004126313342794562,133.4626746998311,0.4397,0.9225449815152136,120.79863095593379,0.2394787941580865,20898.476966115315,0.8754828683041834,41.56283479716511,0.05703679541586569,72.78296692329042,27.01393115758031,3776.081722261477,0.24058513450823849,2.066298561977777,0.02646743414515667,114.41775325677821,0.00012180995314233241,120.79863095593379,1.0629061155040351,0.9855468231021628,0.8943369646742305
75.40463789978395,106.71233782535512,47.09960944743972,0.05592416712350959,0.9950144837081637,259.35021669918945,328.8517410447468,0.0004962204581909738,133.08829343718003,0.4397,0.9275527635413735,125.88322996820368,0.19062958432605245,20072.56375412261,0.8596036386932493,42.26182304232718,0.057929325927593485,37.33799817260744,34.45621034325549,4197.922650721455,0.16588667449177213,2.0485911056199666,0.011403161401477114,49.15940519186039,0.0001737436393660436,125.88322996820368,1.07582603110917,0.9737770065863384,0.9264500503982174
80.06085637887209,99.77270704137744,44.63257844783652,0.0563288473218434,0.9944750596445656,225.59787602535562,289.5832750351597,0.0004384159055785525,109.99143958121181,0.4397,0.9798503059572523,95.76980834550629,0.2454820516907971,20140.499646505054,0.8483243409310919,44.85334948622471,0.058963345449970624,60.66391007197722,18.058030999290263,5715.662628864006,0.22117410665165216,2.1223359763559757,0.029272418190148232,73.6488547579049,0.0001328068247976439,95.76980834550629,1.0607406873940717,0.9605233305650756,0.9129160106492535
26.51273563010102,32.929798614523655,43.007587214911524,0.05693061723298436,0.997202729761161,452.2777309634238,557.656346267579,0.000560465468881667,94.50610512671832,0.4397,0.9371132628681939,86.88369480646918,0.1704384795031248,20377.89022875989,0.8774291193009232,43.17096280266724,0.05735396297391216,52.496776766040796,31.075055119203416,6896.215052966205,0.10840480173431621,2.006065974999442,0.013613300825185842,44.69002739348343,0.00015334407192416462,86.88369480646918,1.0255686466031737,0.9753845205251253,0.8849816252833431
29.097656284958305,34.43150144769559,46.37420690134843,0.05782256952937374,0.9805517610400135,219.5502631230066,312.7595150089694,0.00043415681157346435,122.69464987652012,0.4397,0.948136329501218,106.20929013517083,0.20009199653053142,27190.771680312246,0.8250360528756605,41.68447879466171,0.05584092214283336,63.6717893389422,29.28331935736142,6782.45155342583,0.1532323653074447,2.3253832861994415,0.018285293498075356,93.28993700339828,0.0001331136811037009,106.20929013517083,1.0877064640061282,0.9525686209921279,0.9400526007510368
22.9945067118885,33.630606215171845,43.848909178412455,0.055399910332393984,0.9945516073225552,373.40671129913864,501.9502979271662,0.0004923099766176984,133.02074714792718,0.4397,0.9530278288617662,124.89207733599272,0.19405422106664633,21863.15535926213,0.857029093577198,42.04410359777108,0.05609397423161486,64.34310363622996,21.72338409472716,6204.370301375071,0.24375695979519896,2.119998635371024,0.011484430279858609,68.63810871399713,0.00017562694993624248,124.89207733599272,1.0766620818661399,0.9869415966665009,0.9332713480292241
19.301565222906216,25.4380484933027,46.800727823138786,0.0558529970503316,0.9976087299272912,466.2802693684605,551.4630470045039,0.0004179849250379009,125.66784827228659,0.4397,0.9238155021715867,109.38777423816408,0.1860298696156248,28128.07429425006,0.8444358141481833,42.750567104799615,0.05685459232974524,71.12904254042596,19.6391453727464,4527.567455366184,0.10091376087751268,2.259490016470724,0.018799605413250434,77.47767520213995,0.00015369796278194266,109.38777423816408,1.0678272138878933,0.9617526967861763,0.899751296300102
26.977637958889886,32.26578942100216,42.93331702916559,0.057597552283120676,0.9959152741303697,237.9259668648038,380.03206854162204,0.0004823601479873896,86.32675886076105,0.4397,0.9629399381392371,73.83690230781319,0.17273551467413903,26832.530827248323,0.8408396938952603,44.76343447264781,0.0585353994999528,70.85082500678618,28.161590931074656,4277.700262294984,0.11092337273655098,1.90021547910043,0.02615966558480133,55.69931875673312,0.00015704339282744304,73.83690230781319,1.0563327276894032,0.9870959337680074,0.8988568759356227
22.901038207880156,34.57931246420934,44.3118086852224,0.05651702025829756,0.9986367823807134,280.7743024895723,338.1906397883703,0.0005652799547326517,85.58418674679265,0.4397,0.926282621867819,76.48890832212331,0.16396065639140353,34955.33045243018,0.8570496468511987,44.35453454113023,0.05916854698309331,34.567485682192554,16.68451400558991,5168.186478435186,0.22950020643486813,1.9452238182775452,0.01633802518104687,99.058933418115,0.00013459709664088036,76.48890832212331,1.033768844219503,0.9505394118610662,0.9166975686630238
28.23417592886802,40.61675226650171,44.31772768614121,0.05628139805753051,0.9956542097596963,387.77721183600045,509.8179456846069,0.0005785495256208787,138.96460831965433,0.4397,0.929849766626696,127.63396563688347,0.23705084267703846,21219.119801508175,0.836772219223243,40.559814503876375,0.05653606998557795,35.042362494194684,30.74501899086704,3740.6078924918497,0.12687905735861352,2.3029008858205993,0.02412633472609818,39.60876061676954,0.00014528256704390664,127.63396563688347,1.0723996866654504,0.9587476354435513,0.8998100955732953
23.4910970915409,31.420514400858472,44.882379988554476,0.056419693383209825,0.9903604633446839,375.5551670425195,518.4529649757546,0.0005038012193986771,143.31913712373316,0.4397,0.9374145322253208,123.9619434907707,0.2030435647630857,21996.14747375694,0.8221519944811565,42.84714758214156,0.05698882148743307,52.35560857890668,19.537693920036805,4622.099410923621,0.24450546042720595,2.037140684661534,0.0185197218648341,40.45393841141403,0.00015176409405439302,123.9619434907707,1.0287595293093839,0.9611359313595017,0.9479437794283687
29.056844304087438,39.391926538336605,44.462353221197674,0.05530336125604881,0.9895386857415817,438.0188366561341,543.3350574781921,0.0004572804560395985,89.49622578956618,0.4397,0.9776447776652766,78.75100212700394,0.21008266210070659,18975.351020921014,0.8666675594088549,43.26648371242899,0.059438303311007815,56.526315792624125,26.869504353539227,3864.18479819495,0.11991771916640964,2.116694800549034,0.014684236632692941,43.742608566830924,0.0001687224107513169,78.75100212700394,1.0683636622871353,0.9775194407127471,0.893549843435943
15.263049282035148,26.123500939635235,44.320714322461775,0.05565876881298655,0.9806367936034117,388.7158625276751,526.5836922241253,0.0005466938394426903,106.28221310810162,0.4397,0.9783869768881124,91.19077590889505,0.17616011618276478,24278.163442870427,0.8252078553070588,41.62880915197588,0.05890120048803399,56.90506136001747,21.07123958889583,5488.227128384825,0.050926464828631834,2.2353216672011227,0.016069571994036226,98.95521873509293,0.0001566952039342839,91.19077590889505,1.0346670767025692,0.9819180299476289,0.8907364874046935
26.084382439064385,32.69285714257709,43.970625468288894,0.05788605015943509,0.9803719873416131,372.7535045906162,491.93662324309076,0.0005277856767337008,125.78468029301892,0.4397,0.9493589865350422,114.69306773158905,0.24350530812584859,31747.20423681656,0.8396918955196506,41.320985103132664,0.05845167518987455,51.88242947384286,24.544802189223546,5819.570091817758,0.24074516083655534,1.9018119983192918,0.016051565330687946,92.81038785618836,0.00012678220312888644,114.69306773158905,1.0677496405248401,0.9752036083573132,0.8830466776375051
20.19806937513016,29.59870209011224,42.09090382291662,0.05693027443102354,0.9927893777034966,335.55541607660734,387.0083495551279,0.0004940953088762388,138.48366660939462,0.4397,0.9519992663758762,127.51905352916977,0.24363766489348357,19219.96071254002,0.855695554176777,42.98866580049871,0.05703571698850803,74.15396842976727,31.012589250615303,4000.6993259961564,0.09739767266549382,1.981514339502591,0.024847578160226678,46.95876173620333,0.00014704687026400551,127.51905352916977,1.032092747105318,0.952480919358827,0.9186813712217416
25.029305611771527,36.39899494200574,45.69954232058949,0.05585885569119055,0.9855080502892589,223.47478454547414,340.599248986873,0.0004950727072719742,143.62896463199334,0.4397,0.9327105870411271,129.5488268601177,0.21714500906046408,34228.196554406924,0.8574241558993174,42.074890688297984,0.05670529517108205,52.90300625084858,20.740559953412507,6746.157426570785,0.18882409641920045,1.9953892046773192,0.014018719221909727,34.38846122927705,0.00013773136347798562,129.5488268601177,1.0275585781156293,0.9673455326374781,0.9318230133207195
29.135201530108816,42.992126018811675,44.84094820185534,0.057840932964748966,0.9861419072552347,377.3264932618441,492.98265921448757,0.0004986428395448696,128.9077928779863,0.4397,0.9450824987323345,115.3006999036495,0.18205529831468384,15263.14565589262,0.8599759044805527,44.525324450128416,0.05861714841012671,72.08899349352939,15.66181380581314,3948.478602722506,0.059476707550306346,2.3500071989459834,0.02955543059999139,22.81896991698516,0.00015233494952894788,115.3006999036495,1.0576696563897845,0.9697593565856133,0.9210439134246434
24.80866765742949,33.99728727112043,44.23969589332037,0.05619248580174657,0.9961413131446699,246.98774931514225,296.9904957985082,0.000467848454151543,90.32321628093143,0.4397,0.9790650964611964,84.4314481994269,0.1732844170744715,31102.974602938106,0.8796702122013295,40.81777220399021,0.0554666323670426,74.46861154036989,16.547851183315508,5026.356749251068,0.19965058292600285,1.8825532301475616,0.023749685243601958,88.3824523025003,0.0001481901062555463,84.4314481994269,1.0767803020424898,0.9643488859950863,0.8945793302782485
26.174780639681643,38.16811536235013,43.268488702742076,0.055422591890404355,0.9822254277828862,498.75484729910187,589.6709200697234,0.0005037941577027368,133.78456726410525,0.4397,0.9674475244411457,119.32494059562599,0.20952713227818792,28832.51483594723,0.844083227078016,40.20541931309823,0.05771733150394643,49.98098561683882,16.489500704095704,5403.533881837777,0.09401380014161503,2.0227909597450657,0.018023088652903835,73.88730865187122,0.00012133968639713524,119.32494059562599,1.0390763246916717,0.9667818331910433,0.9446399618320165
17.37075675954321,27.387564184102654,47.34834050226304,0.05789594936755447,0.9856766925650426,223.55002461701508,277.4299663232058,0.00041147478148376463,140.13174536824246,0.4397,0.9618439395274233,125.30257861295561,0.23328790927604287,33105.06947997886,0.8282496658597478,44.498081496411324,0.05530402616186547,36.01939027445504,24.180396635731135,5695.638983681516,0.21005026221144157,2.3755900358686777,0.029960080195908484,90.23143566229407,0.00013245101519405582,125.30257861295561,1.0598164736716542,0.9693046304993874,0.9065507877276605
17.55777070286548,29.628622398691814,43.427362946308634,0.05699779468880605,0.9937007714724955,222.71489112286216,302.0147708726,0.0005140367649592844,104.59141792067292,0.4397,0.936704894852518,94.94106166715555,0.24669838002189792,25436.250229593235,0.82827694438822,44.48062436400227,0.05811668799206178,44.66631224885239,16.665618549805494,4748.779484330761,0.24331999857581904,2.3009220030015385,0.014323430962703759,90.8255099531012,0.00015960473429395196,94.94106166715555,1.0839104836173024,0.9721600722520634,0.8898560938595786
23.6013957966981,36.49124734278517,47.52554696823797,0.0572584464123049,0.9806113245223382,436.1988296194103,584.8570775133461,0.0004992409214031393,114.59068749362645,0.4397,0.9657835549452545,105.46754330741844,0.1568190404779332,28619.28732812777,0.8506149180456098,42.08385089447274,0.05784205715554382,46.1342928767553,23.253384436805415,6167.102356616526,0.05904528526941939,2.2022786885062438,0.02525822429386125,104.47760370354996,0.0001526597511332499,105.46754330741844,1.0639548828373262,0.9752380287567868,0.8933738925807974
21.45906709842219,31.764581784605515,43.303583895447716,0.05506753548918306,0.9903957843450573,230.34957694705432,374.3779952681416,0.00048411253202464177,91.64678263788046,0.4397,0.97799323443223,85.02100022053395,0.18341965058071452,15988.481240677054,0.8430243674406569,43.769445665935585,0.05529896355275391,69.97475843683368,28.957106063550498,4828.895313441488,0.12359841459831662,2.1293591900263915,0.01541873795166931,61.59663289514125,0.00012319687997517886,85.02100022053395,1.067770355615889,0.9584048943405891,0.9106747910327205
16.667258159653365,22.27828786145632,47.82855604705529,0.055849436304358444,0.9817092184455614,321.52288361971375,440.0088108039695,0.0004647987351498363,101.31636497511614,0.4397,0.9792771952927406,86.53248331597366,0.1891149381512401,22887.103895573913,0.8747898211234333,44.22857570367066,0.057099325539013486,73.27637610684006,32.59737310289469,4509.685180681653,0.1931557027501266,2.303238362260722,0.020871289026256797,102.72741602415476,0.00015586003813267027,86.53248331597366,1.037612742881271,0.9860674606923043,0.9181063126986919
25.925030242584725,39.67907062703436,44.51909485024716,0.057836283018717904,0.9952331356363617,478.2497083554109,564.9349170085759,0.0005243560681608352,140.8859730576615,0.4397,0.9559875291094019,131.744679350067,0.18690253742763555,30413.9911344614,0.8506559081737352,41.2744512351962,0.055962249602870585,37.63443537396417,19.428635439050566,5231.435238728942,0.24928705126245176,2.3678378475016695,0.01108842737151618,63.57674920637221,0.00015019536752668947,131.744679350067,1.029959927713979,0.9831153116484388,0.9221014140984152
25.484349099780665,36.49428682015032,45.1963044048152,0.05546657651469508,0.9926916489133085,436.3647403428904,526.0099333417257,0.0004969950596431093,86.21930615472006,0.4397,0.929643922867053,77.17767585477245,0.21677761959573133,17179.633727061606,0.8471172436776342,43.27222030322634,0.058990611071939994,30.90331346810807,32.53335807600388,4008.356992567782,0.12260894360401425,2.354442896451758,0.026929182726047537,90.78214111239602,0.000129012093473976,77.17767585477245,1.0319233958095644,0.9814645418285208,0.8851266040713002
16.373636696428335,27.38006507981109,43.792863084779086,0.05762043309967506,0.9921710389287945,269.85265861728305,323.67412734934265,0.00042016792477618146,133.36961860306687,0.4397,0.977844203411782,125.44576235693074,0.20472064855406022,30647.94805917955,0.8717414183993408,43.68574960948677,0.05956641387178363,67.37983783331943,34.561681252951104,7078.169426853546,0.24899595947960673,2.183474544470318,0.01732303804208769,75.11419496970154,0.00012011755599433021,125.44576235693074,1.0978243287930298,0.9822341678823585,0.9407246199883457
15.729851804751418,25.824501774076502,47.63508536528564,0.057311403866845564,0.9844257011136124,275.30895981266474,359.1374516312587,0.00047489053763815454,86.83459518448085,0.4397,0.9524827249535422,78.46672042457942,0.23913741670717048,21165.466376012657,0.8677665005771579,41.787461194075,0.05657338925170427,55.139075386829134,27.514155534635798,5580.35134935271,0.2298370077259978,2.236726629665184,0.021689727817215516,112.14247038965667,0.00014012497497998427,78.46672042457942,1.0269294610782542,0.9710183070857156,0.9035501263456723
20.682199830353333,27.421911700795718,43.695425087072906,0.056135552560768666,0.9944939739973498,377.6810764667998,506.1195296059248,0.0004153010783485862,100.48342908549363,0.4397,0.9223004345875617,90.19224893182609,0.17225512036433235,22059.78215918538,0.8628327353582245,44.72997395522193,0.05514659473053042,63.8027510861816,29.744411445979146,4118.593533755626,0.19386236691176328,2.265183754420133,0.028545676634024263,57.01284535761356,0.00016678159586101845,90.19224893182609,1.032120557554462,0.9881222825333866,0.8981577793589991
24.494012873090263,34.355756273091274,46.381270897762505,0.05766016909880093,0.9860335830926068,345.9317417067216,447.8670370741746,0.0004758338826009698,120.76886840688326,0.4397,0.9248898215343699,105.01319814722267,0.18993317888163586,27947.497158747297,0.8516412715847421,44.83576303448966,0.05948827280013061,44.92519998262534,24.66074939764788,6465.845153607,0.12637936482022427,2.2856084211651195,0.010604934507683041,88.98271290816247,0.0001279818092309442,105.01319814722267,1.0364555219730467,0.9646379872149651,0.9281297537175357
28.403512770672037,38.77174776300103,42.12294500592002,0.05776812075566949,0.9914162957362489,235.0239083464661,332.6916859523542,0.0005065663797863836,80.23193710731684,0.4397,0.9546354761134221,71.96487140239083,0.20411597175113455,16563.279450388272,0.8340803277462192,42.43363937790896,0.059222611507440855,37.13338980006305,16.496959528724414,6193.366134468608,0.15738300977994013,2.239842876115681,0.029360348736707356,79.80949690553223,0.00017666590066812995,71.96487140239083,1.08303564869102,0.9667993103552727,0.9229492604953503
21.51758359676247,30.3552381904913,45.352312451930736,0.057600600418569806,0.9818405949517486,247.5942020600915,306.7039941258142,0.00047820579263617717,127.27607446847973,0.4397,0.9701176302269225,114.45847854394448,0.23167967528186587,27492.522021053923,0.8540484742931964,40.37999945898386,0.05898424368345423,41.90971701712111,34.198811300600255,5149.823672172271,0.19406935388517127,1.907969448687995,0.020503586978040285,119.86826687970033,0.00015254720982161457,114.45847854394448,1.0518362843959257,0.9826511487294861,0.9494974463216864
16.261544806893944,22.752574498551205,46.44945347218421,0.05622244029143067,0.9819217303763614,440.86889954814313,582.7689472620815,0.0004683260041584424,102.13366177085463,0.4397,0.9764912856761201,95.9492467848879,0.2323239651586755,33274.47850144106,0.8269459102373289,44.59484316168381,0.056781894150990206,32.18157015141191,33.90533213871112,7141.326142035595,0.18714577092697599,2.255748179691042,0.0256149314785624,27.726177437932357,0.000165503694355458,95.9492467848879,1.083271700153995,0.9847601553279649,0.9087247271002434
27.606990822267164,40.22935992100114,44.82523957298895,0.056761405158397366,0.9838798046022633,303.437228710741,381.7445506511946,0.000456229858418484,132.39992170197036,0.4397,0.9766661666558024,124.28494744391409,0.2359372229008431,16875.285555626535,0.8522087449960541,42.61487211858,0.055398532851286646,47.36308912120972,21.45550040724056,5402.2141147270395,0.10768000600969972,2.0342264726962305,0.01946089531211698,79.81088648771106,0.00017861124758467955,124.28494744391409,1.053514224809648,0.9679594938273636,0.8928273613757935
16.87349783017193,26.439392567077313,45.859902692041864,0.055918387001149136,0.9843201012273469,439.7036755631867,527.9939565491063,0.0004763545006885365,148.26657282759743,0.4397,0.9547168672304278,133.23849046331716,0.20191347277723984,20059.94590163562,0.8710864691328356,40.6941356620864,0.059874355006703565,34.46520952968383,18.914820976247565,4365.90550049009,0.1614435145929455,1.9198790782696786,0.026318155553339544,43.24431424253453,0.00013575909000731708,133.23849046331716,1.0835787736584368,0.9839204700718145,0.9480935227905709
24.560869353898536,36.56748835087096,46.60834130609988,0.05538985952694397,0.9825286484687334,256.9481884856983,340.0191737552582,0.0004138621398507624,109.15423637364069,0.4397,0.9788845526555894,102.25096623462258,0.17415994179028682,15273.629776144408,0.8509007746856441,43.66048633144909,0.05746705296117337,50.86971887414471,16.309693529580404,6448.51980071391,0.21700495404113074,1.861519406289749,0.02761117655229569,108.41859381003448,0.00015497144025179406,102.25096623462258,1.091637783530967,0.9753293883496047,0.9137411736702877
21.201800903820235,26.671600970209337,45.0014280016367,0.05770633573719731,0.9823649689608216,379.82975856525877,462.7031688157597,0.000598780150528736,82.09971261665233,0.4397,0.9289757656472742,76.7992791101575,0.22262555169070658,25359.79994281938,0.8241085770233365,43.43576805902733,0.05678305613447386,65.96510079909778,24.956376264804007,6943.472479160424,0.14501511931146677,1.944188348905533,0.017633481117464742,99.4499006801398,0.00014043942795127643,76.7992791101575,1.0557836488231287,0.9655208360948131,0.9263068415140057
28.64355200367902,38.687334858763144,43.30855191301625,0.05794346931595746,0.9975806200581272,351.53261841079984,461.4650138859058,0.0005110678273722401,139.4224103781287,0.4397,0.9256800590402295,131.73166211979898,0.24546735249783203,29619.20399823824,0.8218790759122774,40.699291532283105,0.05888605288996962,32.14336400481768,33.49537869151521,4544.543092016709,0.16324855849687253,2.1046499188586183,0.02445264461244929,86.18393623193991,0.00012507275111754107,131.73166211979898,1.0989093803859298,0.9862198665547777,0.8829620584981378
25.57366366061582,31.31145779052457,44.380632073891924,0.05517575826568345,0.9910926679482817,297.9156430398841,410.61887736526296,0.0005272351500325488,99.22048443279775,0.4397,0.9218166732329327,87.92525736615161,0.17852996645834687,33527.964195847926,0.8716293300949229,41.374277167017866,0.058353505505700745,70.35206109098084,15.818827413161152,3624.195256146016,0.11550693095486433,1.9481273195672044,0.029972360158788174,68.0348608585745,0.000167610101839713,87.92525736615161,1.0946328974412076,0.970127263226625,0.9035120178692878
15.002138940732266,27.33752150263263,46.38467404703642,0.05706321260154022,0.9924435405077987,382.57311161366573,492.429322170148,0.0004366281304510185,90.40315388936347,0.4397,0.9664479264536784,78.7612900740134,0.16983814859296503,22360.592104495736,0.8334570085502887,44.32130656606428,0.05520932789550012,35.54185678900856,27.230956718660998,5793.408261505955,0.08202053186361027,2.1995460285996673,0.025142633511888765,88.12916984101966,0.00012072518816207756,78.7612900740134,1.0212286548315948,0.9839657423653941,0.9491057383685816
20.5914290791581,31.401040524366287,43.626551627689146,0.05784774596221707,0.9857564352902115,237.36045280705497,294.21026551006247,0.0005846809523337896,141.54483874415,0.4397,0.9749958167377736,133.67387688143165,0.1522475839601019,17975.024943814187,0.8515419410010259,44.84792615368255,0.059791988394868816,59.519136959560036,31.711240053902937,6238.008141185961,0.0631959255212023,2.3786358326016943,0.029137596550891258,75.43376314007776,0.00017213009768693706,133.67387688143165,1.0651313467163772,0.9824967131057413,0.9475064508984385
17.704636167395403,27.218547232004692,45.792207751201474,0.05682375314616753,0.9811097473865589,456.9405208613206,603.8942691054235,0.0005142328061791935,96.27707922324475,0.4397,0.9703900224786164,87.46639156743998,0.21664678646047542,15581.691313856572,0.8666073375676411,42.026260350128915,0.05778031863186942,40.82410853453631,22.59405004370948,4539.077309036971,0.13121111640942557,1.826428012684833,0.02473234460068755,48.72990653055132,0.00016767315133186356,87.46639156743998,1.0725697779485566,0.9538652757746653,0.9488905985802647
19.25297252370345,33.981395296925946,42.88975191849947,0.05514128705890185,0.9993654746771143,423.0150035955114,544.4137732020833,0.0004828747885568665,122.36997042238949,0.4397,0.9763781714315609,109.72496252740667,0.20450150835516634,21500.12430507486,0.8351926638771102,40.67293112362638,0.0559411928442672,68.02132073681369,27.23953551915045,7069.161799115725,0.176353965812527,1.8783921514551134,0.01659773874922872,101.94221545647133,0.0001583040361692449,109.72496252740667,1.0874531447144478,0.9848450429211263,0.9376751669860877
20.984336425849534,29.24450238293469,47.58175939913756,0.055044741468063735,0.9810805628304323,286.09199778827815,424.36486614586534,0.0005426428054379811,97.7788551715436,0.4397,0.9528840709894398,87.13521894750711,0.16347143632942027,25244.55624977269,0.8642467709232562,41.75990047498726,0.05507984829890142,30.465840971405804,23.87626467513696,4203.49411424663,0.20200282260489205,1.9483687769680822,0.02654303349717077,71.25760654387105,0.0001554683948448528,87.13521894750711,1.073868800186146,0.9564968992120654,0.9150356056454645
23.12077651797169,32.34967284119787,45.61789875114242,0.056512307199274796,0.9964525308090132,374.045531654369,440.01246421873714,0.0004608700776679481,129.87207364883386,0.4397,0.9657824865408965,111.49195542580378,0.16995157182670467,33015.46805829386,0.8245175530558405,42.53808648729454,0.05776118783581624,48.962423675651166,16.307991641080214,6484.164060151442,0.06681086842642806,2.282617028118126,0.023326815294391103,45.71191158068642,0.00017073963051161806,111.49195542580378,1.0750600877677121,0.9825544085679145,0.9200413511904902
26.975725270571516,39.351025838512214,44.80962354364229,0.057819835024631464,0.9933017286342073,470.6506712930063,613.8614783093858,0.0005869281375910063,125.41226145116107,0.4397,0.9402025923977253,109.16001705838185,0.2162222582233795,19329.030634604627,0.8649167973563199,41.50211963461096,0.05797020123933056,73.28559435983847,25.089219352484797,6754.716503489963,0.11369755603336783,1.962762260314977,0.010661359469024445,86.43506370910625,0.00012334230031163813,109.16001705838185,1.0431716175690358,0.9802227447568935,0.8852396949762757
16.296423525710953,26.54693651126729,46.869138218261085,0.0558365967910759,0.9881504202892215,326.6914372227118,448.8595038757758,0.0004338628248835863,115.64177493362469,0.4397,0.9659947336326035,101.66742224843011,0.193601748978891,30625.982473148317,0.823839397065528,43.05650127369403,0.05549812326260777,35.08026082820736,16.78115735242583,4215.183397817826,0.2115810622284227,1.9149168045225122,0.013448680902231282,21.86417778291662,0.0001641834195929923,101.66742224843011,1.085643370315437,0.9794870315444585,0.9355292298835919
21.616550510647084,33.20176181013421,46.78302631317847,0.056050978718543726,0.9949319460769569,309.00248298761073,409.07405663457484,0.0005666221019468193,118.85174325966649,0.4397,0.9651827599253925,107.57647942267566,0.1733230911412738,24618.396964517233,0.8366283739168507,40.03961766686574,0.05772464028934329,64.22899565079302,28.699389384431804,5404.837812402209,0.07245107040272564,1.8917197749326646,0.015225460157202726,92.00893849599845,0.0001308251632090504,107.57647942267566,1.0250630907029155,0.9868350630599805,0.9324349760716769
27.760773275747844,42.52357228850242,42.583938238505745,0.05738798228405891,0.9952946476370927,439.6841357173877,491.9973869554532,0.0005933216631732921,95.9070471494943,0.4397,0.9461361726452455,86.47661933423878,0.21058232203637262,32350.700318613814,0.8354022534579968,44.08238208737226,0.0571586177542467,62.69780596035895,21.201950854158326,3700.9685342731054,0.24865610754395479,1.8899506930971623,0.02487127614343866,67.03349939036939,0.00012122124996772345,86.47661933423878,1.0725916321845383,0.9740223744330755,0.9295808104963432
21.482703551212207,33.43947207684565,43.8423808261693,0.05740498510905085,0.9975658352870155,200.35580626066056,275.67438326836105,0.0004983485181220737,81.53487628602369,0.4397,0.9226259389747536,73.73089949792322,0.15526657721672735,32261.302993112582,0.8734848970807473,44.22328084629809,0.057188134669130766,44.362865210744566,31.050059567289022,5910.800853640585,0.1765377302546014,2.231891277379624,0.02594265318593069,83.43142157707547,0.00013873740673154392,73.73089949792322,1.0361619161214335,0.9635441746046401,0.9067796290164993
22.789425083765448,29.296512175283983,44.75146363116026,0.057830917084412965,0.99089850623487,405.91197082811044,539.7861076642347,0.0005753319798987478,136.0496233152933,0.4397,0.935975777522816,116.68243563627433,0.1516202813979795,32153.89185230179,0.8520688004012109,43.91752549174513,0.059876308172081415,32.720456819517175,26.740721467227196,5567.325441645049,0.238003519663868,2.2248733692278813,0.026537708734209665,35.72176388716241,0.00013963013840537748,116.68243563627433,1.0812460786193636,0.973727698146744,0.8986094279886357
26.67908944147225,33.772561157858256,44.04323975178036,0.05751601566496828,0.9842741442429798,264.74181836482,352.65998833182584,0.0004143125687572059,142.25108993867235,0.4397,0.9731111022621743,121.0524512150241,0.17608777351052568,23026.904499413067,0.8705845370515218,41.517173344484036,0.05647942857866012,67.48929187598691,33.700614782209385,6401.778762130127,0.19605624464931443,1.986678964273477,0.011344294750718461,91.82520664346251,0.00013155707266487038,121.0524512150241,1.0832193089188198,0.9778451569326622,0.9366943044011021
25.693416352911576,39.39198049393908,43.903804323207716,0.05678176318012587,0.9914515756751966,408.27409828386624,526.1017710220575,0.0005241177831762836,134.45085038519858,0.4397,0.9552359995276308,120.510340427114,0.17895187506448385,21924.18908297016,0.8549367769827295,43.16185938744171,0.05942080283488127,70.71954029131513,29.754847265141084,5404.59956817368,0.2427755494097384,2.0696653177911246,0.011443133629442184,92.32760847674213,0.0001626502023108841,120.510340427114,1.033982798395195,0.9645847905760111,0.9482176259447832
22.649966089192546,28.129706936313536,44.113141784827974,0.05781626380069497,0.981986301769981,331.37030134950766,454.4496043469883,0.0004712465263726109,129.5547455622014,0.4397,0.9443055948790654,112.62819174687941,0.16043684236589176,19145.772684086096,0.8684143052864258,41.82607552685098,0.0567225959647906,35.75238108989966,29.497070441616902,4873.983343179586,0.18306656316199826,2.176914688228681,0.01598886435576913,94.15905638072333,0.00015353465725494625,112.62819174687941,1.0834842379430407,0.9601718406783021,0.9096438764411316
29.506396070856702,39.598161829730145,42.85229597658655,0.05684325422392291,0.9875245797755503,206.0885675152668,333.6535383078126,0.0004728622749136159,113.03468897378718,0.4397,0.9768437197673733,106.1585642925987,0.16148663311719955,19568.580503899873,0.853080506781133,41.9463730773583,0.05589750851827698,68.1522510279664,21.09225602169492,4092.018394148851,0.1036152969686639,2.385035347440431,0.023624867955438174,66.71998605201935,0.00017520366427863164,106.1585642925987,1.0869996432346016,0.9695876370956829,0.8838860471811592
15.543203271898232,29.60275869305304,42.71650401902915,0.05680473750156537,0.9922073308540217,462.27795524834596,550.51318354504,0.0004900726654590157,120.87321720875904,0.4397,0.941986513790729,107.95081349317438,0.1667803029509447,27324.585309630256,0.8469948122333235,43.545501321659195,0.05576132994409755,67.4950511292764,23.838335743433458,3783.8650223169484,0.21005434576208054,2.2458879932336573,0.0268436981777338,84.05063924226293,0.00016570153435274904,107.95081349317438,1.0242425405847697,0.9859322756638821,0.9430508858945018
15.817653870653213,28.579931925878938,43.561864792677184,0.05504650762217613,0.9850377424799345,363.9619272205021,504.9452650422056,0.0005193552754382765,128.4139043807282,0.4397,0.939684975762003,113.67188969225143,0.22246087808140058,34238.8235675753,0.8594786253746518,44.217703199709085,0.059703190273038165,55.96602952421769,29.91137348053175,5503.795296633489,0.09521395435251992,2.2818174532332627,0.027387513342083954,74.9255217704818,0.00016956779492521823,113.67188969225143,1.0544005362174964,0.9752185884358512,0.9282610514915153
21.41043727873768,27.567108205523425,42.42049037942859,0.05636637163298105,0.9973016549772293,294.08037289222375,373.3003688006988,0.0005232027012019906,81.83597167968018,0.4397,0.9662297612929205,74.01249806293046,0.23061657775713518,27119.17712121219,0.8371869350731618,44.15495818372706,0.05511645974353714,65.25892864637032,29.440167222527506,6907.982628891861,0.16300115518858244,2.386637651226497,0.014150306295722778,43.307984619236755,0.0001741502589768188,74.01249806293046,1.035415616205369,0.9858902249724993,0.9269995430010809
17.367739764044096,29.77238996659269,45.061319959013396,0.0551288535332559,0.9995210369066979,411.01389137603957,544.6203512082341,0.0004556545240047075,109.65693739323477,0.4397,0.9413182777934737,100.10145217416085,0.16816049556819687,23246.349653608006,0.8751242292039074,41.155437884636726,0.056095803193630694,31.776549644455905,28.84579875026578,6357.617384314698,0.12460821304684198,2.028658274557813,0.02534830562366829,22.302286822474997,0.00016838153162862637,100.10145217416085,1.030112462866019,0.9690046265331941,0.9460980531297676
18.247625293603544,27.06830976417918,42.918817605339036,0.057696308693554056,0.9815182014042724,348.7821504904672,441.25545753091865,0.00047678919234987196,95.72805550120337,0.4397,0.94677399332077,82.15350480093096,0.2156770078390036,19848.440122028474,0.8744882034199241,43.29014368451936,0.05670236988104002,52.327964404624254,15.159021477943043,5015.234433935183,0.20982168929097333,1.8414598592930869,0.022815498654992585,61.35768382239383,0.00012708815270612035,82.15350480093096,1.0842844048213667,0.9878796254503002,0.9269347487548616
17.251238012907404,31.26408607061804,42.40540298982476,0.05503141183867375,0.9841178535244832,210.4845784979356,283.90746379060016,0.0004499052511560314,105.51143645024518,0.4397,0.9633474819373687,97.50668673518204,0.1733652502486297,28039.38986444469,0.8243639724449268,41.335347483486615,0.05828399956029153,73.51463247939378,15.34642972461096,7141.413210772427,0.20189796425433237,2.248139638941727,0.02853460038338903,101.49170497558505,0.00013112874561573592,97.50668673518204,1.0434543008800408,0.9816623304653905,0.9232256644344667
25.3855341967109,36.11349011478943,47.02287474035751,0.05592100570669342,0.989460232072929,395.07692029322516,479.42185544448176,0.0005265080595139301,132.4462198224194,0.4397,0.9458072108811864,114.4014670209235,0.2380058597498353,19218.907772120616,0.8750072746106982,43.142203451659434,0.05687900354013562,64.88469593309442,16.349337028847515,4262.4002743646515,0.222778860390131,1.8726577959846018,0.02545722087712885,52.22374392158708,0.0001441086932698837,114.4014670209235,1.0715197105621648,0.9641833310680407,0.9297077636076122
21.31902761276099,31.8067553998074,45.52505703742173,0.05798519987255527,0.9807588285191717,490.85948447387364,620.8158283544974,0.0004204069666778543,105.43704448654408,0.4397,0.9393372764909551,93.69908259189299,0.17689277841083506,16867.5213023331,0.8309118987370588,41.83602421638381,0.05510206786778798,42.06604789241384,15.631669582237787,7191.464239483863,0.09938945598518006,2.0631572408989776,0.020572425683460023,94.90018366632071,0.0001399240245504038,93.69908259189299,1.0202945158509409,0.9679287839146788,0.9138760855448635
27.512620997930025,32.59973486358683,47.39016016394574,0.05738519509313712,0.9818585486367755,266.59382911284075,378.08088585704877,0.0004847148964517247,131.7366322604318,0.4397,0.920923330175169,116.6773912666988,0.16297714128733692,16870.799790081543,0.8608763816571049,43.94979354786766,0.05758479847444521,58.05890398048645,30.456981173174135,4428.488803386569,0.24951126870555657,2.2430242349981784,0.025663885656508317,83.96655074830934,0.00017312553620605085,116.6773912666988,1.0263563283960844,0.9899107587943166,0.9000890294062343
18.75576432169076,26.252325828970214,47.9003566155566,0.05727300715432818,0.9980128024721986,458.877828367791,522.5456992875634,0.000595697475440184,148.02820413938775,0.4397,0.9716341798956625,134.24917423084887,0.19391459794318033,32009.18742604785,0.8693862628439021,44.68734137292275,0.059422328445986834,39.56474173925084,25.937892611755707,4205.586965819381,0.2110741472988466,2.13501264422374,0.016165553893670775,55.32640040561389,0.00015145199813870985,134.24917423084887,1.0688192760971338,0.9881480135592173,0.8976251386859679
24.351396008498835,33.478938818355076,45.561188183586125,0.05713864217956994,0.9809105968900288,386.2984740469053,448.6952000203915,0.0005977556638442248,144.63679532176863,0.4397,0.9516022275807576,132.91351603842577,0.1654212865351386,22645.112340533127,0.8344743152873652,41.44990556866884,0.059432855168188664,39.99565058151213,25.097911057951094,6689.996283407577,0.12734063832352083,2.020287228724394,0.02572290478805072,20.05755643648685,0.0001725561763328019,132.91351603842577,1.0496218081224546,0.9664096269832178,0.9308371603375453
18.2016274286867,30.4408091220756,46.77586393187964,0.055153721565605864,0.98494968505332,223.3695157998969,342.0895964804573,0.0005035926506832068,137.94073990416638,0.4397,0.9710799123564757,128.2961776776549,0.16983668500310814,33806.802020490155,0.8267593192169226,44.34407163010504,0.05995797622739699,38.52056366603563,16.711988284984272,5287.872664734249,0.0755327487139568,2.1086116080462007,0.02562336949524932,63.100619087786505,0.00014322968815045647,128.2961776776549,1.0903764088711259,0.9833423738394039,0.896982635658143
15.21726268317079,25.41775941208028,42.95725187897357,0.05586459897473102,0.9884726541361107,418.9924936674604,492.9417210336732,0.0004494920019538667,139.7093566565891,0.4397,0.9570705275629027,126.11766946119371,0.18390628292308828,24934.83559176596,0.8653707237022847,43.70000273517665,0.05671196264880596,38.54917179185613,30.492465593340395,6810.687362691229,0.119885107690006,1.9471353339392068,0.027104171808017247,59.28502035080208,0.00017439050095773617,126.11766946119371,1.026579145941019,0.9863891711098741,0.9451808943963265
25.33377572655342,38.8591651000541,46.19021220446528,0.05739536021395918,0.9804091843365249,332.4470463141967,403.31299480595703,0.0005166991863504981,107.57526236887483,0.4397,0.9320399829038232,93.11060445222739,0.2160720519825315,28830.12167657052,0.8465457307019565,42.8301159325048,0.055612314002432724,52.46809769500912,16.856886902678127,6292.9448876381775,0.07123649026203092,1.8444831991749266,0.014847921074181196,33.87426385450604,0.00012430365401359754,93.11060445222739,1.0699006119283836,0.9600699165737541,0.9082099236934202
17.182798971760032,22.5263015363553,45.29732521134784,0.057686655833067146,0.996211876012038,438.1201926489048,563.0703693411822,0.0004976921571274988,131.21076706394408,0.4397,0.9417896570606842,120.66081504257787,0.16168541087999944,31539.034292954297,0.8492010069011692,42.62484969263855,0.05534769266508743,43.940928946620545,19.436274339487426,4164.228121301137,0.17307443673808026,2.0474923750366685,0.02698001679743796,101.87276410748112,0.00014673285953607502,120.66081504257787,1.0762305601220967,0.9707042428344547,0.9243498173353415
25.407159829602588,33.63605169836846,46.05835722065504,0.05605016787614786,0.9966001553619822,390.7236684134233,472.98903570301366,0.00040849734211134936,126.69095600160202,0.4397,0.945035490562574,113.75326943050396,0.178410901363854,32489.783459952687,0.8657116680447812,41.59652709824999,0.059335458459816776,65.00817371467281,31.37818421429251,4038.927404176992,0.07258447908210353,1.8349887545447405,0.013381004369887437,115.54826507205104,0.00017406764092704855,113.75326943050396,1.0688975677427608,0.9802834137507407,0.8829959576877003
25.3600714908819,36.33596741471804,42.628345184394846,0.055778248717882346,0.9878934048069451,200.83539938796244,257.6659253807742,0.0005978189386864735,148.80245039586424,0.4397,0.9643835591969757,135.2455550211573,0.23583646281032988,18250.989511191663,0.8352277593700818,41.01642531673932,0.05874106894922406,70.23502841775327,28.851543119115526,5208.3596361480795,0.13610252596208144,2.3877940635666173,0.02543799217313724,32.12429613181033,0.00014697756659328446,135.2455550211573,1.0744567432540957,0.9530744640714941,0.9114257740940644
25.02216021352373,36.6097201826031,47.61489070210622,0.05570768600397963,0.9840356790654186,237.88916193882383,330.3726490971894,0.0004654334501378604,120.24289555495776,0.4397,0.9528903915474896,107.54172804226576,0.17737693672469554,19333.46834820411,0.8258291096422922,40.416931051833174,0.058137868453027326,51.94159271094819,16.852265030127676,5621.561418449602,0.18351349072105755,2.0685816731248767,0.028598349783257565,43.09411696011868,0.00016396151577840332,107.54172804226576,1.0399464321735086,0.982227365372868,0.9079692727031442
23.87939651709786,33.90348892230433,44.50492409507979,0.056644191661297964,0.9978471607247413,305.73188600415784,412.64975642862566,0.0004798559274516453,110.08362626030696,0.4397,0.9581902103963501,98.1537975272108,0.16684468320486098,18001.833584298834,0.8774643834436474,43.562244901962146,0.057483801748714175,38.609171399595915,16.47788032747072,5123.570849866037,0.14061413257555627,2.3294209011887212,0.01071596229227928,83.24968491162227,0.00014165260031391352,98.1537975272108,1.0813741175899338,0.9584418465266132,0.9328260604639627
28.273834114395502,37.26235963099627,46.65479572289632,0.05587446051919715,0.9935711217052303,344.5562952602038,454.7052149608187,0.0005027122054539008,138.60867881113379,0.4397,0.9651848101639067,127.53882002683757,0.20336164394834164,23911.011810597316,0.8619795488008157,41.112206096432935,0.05728670330922824,74.90995877857458,23.129940150324646,4363.159534312435,0.2263301265170537,2.3710726581939037,0.022520252941513278,115.08620125350741,0.00016975261029836437,127.53882002683757,1.0643726692321152,0.9691589451650426,0.8838793923706363
16.13454992356199,21.85010921043059,47.943672074965086,0.05506401037661799,0.9904772356027086,479.6381861772353,535.4887269880488,0.0005760739895344358,132.47013441419557,0.4397,0.9364316794853467,119.54248758812304,0.1533315879781198,18100.690858401467,0.8591280746955109,42.47693885062796,0.057469759465087165,32.11645072027595,27.06787503686065,4383.109467652881,0.09819851165578684,2.069622264090128,0.02319183445112326,113.39993041214989,0.0001578848229941883,119.54248758812304,1.083043469686432,0.9650081539552577,0.9081646685562538
28.977285032160644,40.939709325393466,47.23987197534704,0.05617224965898644,0.987847956155279,446.5916623719098,541.9475933379013,0.0005598239192915937,88.7403196020719,0.4397,0.972919507895791,83.13013446390724,0.23039511665690746,28017.307500284493,0.8399765317853788,44.44907455834623,0.05681922319086863,54.733981934741166,19.93521550718571,5435.67246040671,0.15477840136024806,2.052214904452603,0.026302858051393638,113.13442163496079,0.00016871151436406799,83.13013446390724,1.02974118140046,0.9796067697872812,0.9400693535309982
15.989540304193696,30.026802787433954,43.87023290365934,0.05666120049851588,0.9907855369417323,440.4846374794737,526.4408368085545,0.00044111002923251944,121.73961323844506,0.4397,0.9471966169978923,112.52935377272361,0.17224616314461066,22256.538666786746,0.8797423612427883,43.35553193634951,0.05737338580814317,39.88421293838719,26.70347661641068,3651.477696149161,0.23263615350880457,2.3360550865353313,0.012056467981390673,64.014497964853,0.0001521892240373155,112.52935377272361,1.0301623236899535,0.9593265827763895,0.9267949111558013
22.42985044207155,35.51823081897885,44.41185725574507,0.056902729182671204,0.9849902307867465,361.8729185223307,456.7663938123731,0.000543289261640742,121.46146721332575,0.4397,0.9596673135052245,109.02760041953026,0.1632858004438781,34281.430401183694,0.8333526479424983,40.846173969042255,0.056051647416804205,72.19459159153439,22.188060761697265,5180.213431988821,0.12063996222852341,1.820809167147892,0.028188613589574425,118.59027955128718,0.00015825686545253094,109.02760041953026,1.0516415797203373,0.9686543164157356,0.9344197466267034
28.84849470768344,40.86079467158841,45.891924675075856,0.05602886413878977,0.9889920015337655,227.8591115520049,282.0288417977778,0.0005749129422755252,124.21373982517412,0.4397,0.933092137922648,108.24244050340816,0.23082027631861804,31331.743724561566,0.8306859305786964,43.67226916171314,0.055588839759910316,44.62334568133064,26.772623727168277,3719.61024673551,0.1445418980772472,2.0923220897244836,0.02987574239518459,56.466328819960346,0.00015171929784890253,108.24244050340816,1.0511890130822656,0.9606231631799247,0.933428714956527
19.033939217880196,30.375548134722315,45.228138956344324,0.0559416761332443,0.9937179544477261,423.74225350542713,503.30294455532095,0.0005428527832140836,145.9048662743303,0.4397,0.9340023415993154,124.27555861044407,0.2342754912700877,29485.60223276263,0.8390970366947671,41.07416940477409,0.05605647582415436,73.11194029027565,29.51023690440286,6743.285704876673,0.23656894558874325,1.9611687729200886,0.023442105456527022,28.66993639217514,0.0001540387208531588,124.27555861044407,1.0302773816346897,0.9521920888675957,0.9263362140075468
27.568568425645715,40.288975650629496,44.46180275689831,0.05585163025186012,0.9882271772964631,225.96449664783194,340.310350523021,0.0004278368647221208,122.14249350429755,0.4397,0.9640993642121906,106.32992428721643,0.22347315114245508,28774.2535705946,0.8643372724224289,43.8995472019534,0.05985481991313692,73.77605639969879,31.863242463620416,5832.401745596768,0.14986272290034963,2.251655059248949,0.018598659663399405,90.44391667274529,0.0001613500106145916,106.32992428721643,1.0264963639202187,0.9837404773059348,0.9073907797684814
23.897837116652784,36.66515381420734,45.92021822229544,0.05686997614644139,0.9936990914493272,227.43431446538239,290.0259506106456,0.000507779700522982,140.9013198741362,0.4397,0.9410243646045401,123.72925277991394,0.17345968696987135,15792.104363347096,0.8342206212559737,40.38856108596539,0.05995343246459059,72.43386776245438,18.916934787474343,4176.678133973563,0.22284821192699494,2.3020336530035768,0.022700307883213353,75.61844399927647,0.00012725085417347097,123.72925277991394,1.0264620306962742,0.9589807994227003,0.9079575286610907
27.917786146825428,32.9871905167305,47.45717021604535,0.05585087604294029,0.9947745113171039,276.5257886084664,422.4478274907766,0.0005677115869984158,105.08665704019059,0.4397,0.9725574660649497,90.56487062244747,0.20269889043032502,16673.71190633524,0.838765688303752,40.7085457496553,0.058757557342601525,65.67261588036426,16.702409312265495,6366.840308259387,0.23809206850104064,2.172001121600984,0.011094122327274143,99.94464661940718,0.00016611463174278228,90.56487062244747,1.0241903069400338,0.9592966862638054,0.8835827471002455
15.728510514410917,24.306994819737135,43.856975487998575,0.05775055844915317,0.9950742382895753,476.76912052916526,626.1601955400079,0.0004391234164048758,84.01652682521647,0.4397,0.959884825378123,77.0355183031114,0.2469066007480236,23642.21976571511,0.851777637121509,44.670951886328346,0.05918595603941436,63.354702113418575,17.367603379517465,5373.418810572231,0.1012204644959272,2.044160637881928,0.025060683324446043,82.11078160177004,0.0001413124562040256,77.0355183031114,1.0226516990214165,0.9518703541812992,0.8936499464423752
23.3391202504451,37.01965653769243,42.77003002648662,0.055845062141219544,0.9913835585413017,424.9756355426467,511.0198655632522,0.000507707458837079,106.26559174358077,0.4397,0.9599257350870412,93.79083716817684,0.19777660989163612,33294.002623256645,0.8589967890120896,41.401422863245145,0.05551783180602456,72.87470490003568,18.307597863759966,5438.543955541036,0.20716815396653881,2.1329999875869925,0.011399331816386877,102.06468947877075,0.00012075473697496255,93.79083716817684,1.0846206093447577,0.970107870981832,0.9190661308769565
17.829766075932877,31.337601734757488,46.05449738497278,0.05737280793865436,0.9836877595945006,222.99576536584382,341.0913089984915,0.0005339100976920405,117.28685854432595,0.4397,0.9428160382636904,100.04857073112552,0.24496397266610476,16880.563638848245,0.8289529675762198,40.75317901508692,0.0556151330384493,40.0651475697869,21.487091507047452,4522.058215821596,0.18075099449535958,2.1444856215053836,0.016451819969445385,54.38913312869675,0.0001586204914112338,100.04857073112552,1.0947986828084502,0.9607585598810221,0.9426555588275103
15.2710281849089,27.37058243196773,45.537569997202056,0.05595919313731089,0.9940111938730622,475.67313634441217,589.207488631133,0.0005270739962414887,138.33249644702133,0.4397,0.9741602191859607,123.62605656378338,0.21763683834966874,23402.789462557546,0.8592783525227793,41.074539191945185,0.0554632732063674,66.44560487443334,15.572711008869968,5017.523147567894,0.24734383478969296,2.1810805373769444,0.01278797445722128,48.79369388231875,0.00015681839492637413,123.62605656378338,1.0540540145824968,0.9726200577687174,0.9228560008755133
25.33431512597086,33.425019707461274,47.433528182491806,0.05690422191666631,0.9963856211773673,435.0125540324283,501.7290355984177,0.0004213208077167234,124.229416605143,0.4397,0.976678367886381,115.33848926200928,0.2344995860578231,30878.298265383903,0.8428633108832823,41.80549866477477,0.05531597833953737,35.10695392730959,31.65077323281311,6761.354135217734,0.16711416938977774,2.35331581507998,0.024520825093131894,95.72463098299914,0.00016354927495336357,115.33848926200928,1.0349392358205933,0.9789411714916285,0.9070933518826747
26.245259954381396,39.224384186273326,46.45595541719017,0.057097047176614804,0.9818857767685933,381.0928364824716,469.912247429857,0.00045549116412700315,110.95414483165064,0.4397,0.9354763549781401,98.08066635044722,0.16924000095734543,21395.856004590285,0.8407693143284949,44.18807941829499,0.058736707985394807,46.284508468888816,31.981102476111808,4129.921574208238,0.20855542120317505,1.949473949974112,0.02188856520196657,69.77187262279162,0.00017989914757661225,98.08066635044722,1.0462694930119956,0.9518371853875364,0.93823539696164
26.044442661556527,33.35999004394195,44.382616554911166,0.05552312004957804,0.9979193194665192,238.0886083410375,386.1532375979684,0.0005104265720013433,112.33108254240081,0.4397,0.950873754249298,105.61740951208861,0.24267348415692727,33587.64777610299,0.8247410816915831,40.7626062678098,0.055282015360195676,48.082433992388886,29.2631040568084,5845.345554643649,0.11913860356169562,1.9209429734549133,0.023984076213102223,37.93953635794594,0.0001476869404190614,105.61740951208861,1.0854812883013796,0.9580195903636765,0.9114138941197737
25.90462972763629,33.14562025318281,45.79997610303646,0.056139898126348516,0.9988260138363915,296.03685456540245,358.80428128811735,0.0004417526405512716,149.76600950434153,0.4397,0.9744159108479116,140.07305457635954,0.2353344474376026,33693.99664598715,0.8784376769369623,40.07875357282837,0.059745202818761826,74.78968903339798,22.129645595709007,4380.8375513201545,0.17127829584794646,1.9141352901809943,0.011291322615143342,57.50191953027676,0.00017839934044442735,140.07305457635954,1.0943401170063207,0.9656356544202871,0.8981916974498767
26.99912740173819,37.356463177274875,47.17420223573035,0.05538274602342034,0.9933647187958207,290.2045471139188,397.7222243035147,0.00046674241001216725,89.894068666319,0.4397,0.9260768327056014,84.40494228703623,0.2285049656108782,16139.479710670219,0.8615872327964326,44.324957392200744,0.058270185225375415,44.443949936307696,29.134976572925574,5201.295732493173,0.20571606876585186,2.2183514303046863,0.0174081267354438,100.06576153465605,0.0001546668754359321,84.40494228703623,1.0390948803657016,0.9851905421927001,0.8856050988731031
22.04384645109938,32.75725625321952,44.08483895500174,0.05653196692859888,0.9822212976741902,392.0141420883307,501.93221650055943,0.0004830152689802124,94.38612544899311,0.4397,0.937854739913634,86.53121679551111,0.24412230853567138,27328.060744855888,0.8259928729736027,41.49829342828868,0.0558543813339345,54.963010830160925,26.49213233276578,5518.876461219389,0.24338266805519487,2.3429333104725565,0.018123393324330016,112.39221814222735,0.00014147262167168642,86.53121679551111,1.0224487303384688,0.9543890085305646,0.937998548282399
20.21363865259338,28.72692053364691,42.08295929139322,0.05772826185516988,0.9930738159082221,376.36088643670223,443.1134291997923,0.0004027248002604579,123.76970455815662,0.4397,0.9772655911127237,115.18745526564254,0.22888788560401005,17911.442081149857,0.841974208521459,40.38458570819543,0.059087612895671666,58.5070827730041,28.246910452326976,4038.4430310429298,0.10036818019388978,1.9960736373706063,0.022047970608712036,96.03222714762528,0.00016066738979424118,115.18745526564254,1.044689505097443,0.9797532048935567,0.9231184245253584
26.56444676031728,37.60219879168689,45.75804294224338,0.056788707507292986,0.9871213681728346,283.172298133253,386.69711276762325,0.000502084589529529,129.09838399566144,0.4397,0.9490984152939503,114.7552321671468,0.2076747111832689,23820.21449256177,0.8248040745796116,40.13883356975409,0.059118468810164304,60.50275186617171,16.7576744410714,3882.6372322339403,0.06577895619779833,2.05240447835854,0.012046614014282753,91.81252553305062,0.00013178728914020767,114.7552321671468,1.050829188403151,0.9881432955010834,0.9206574312330116
24.99690867460872,37.08803081979121,42.15555231782322,0.057104980385621465,0.9860729113489289,293.32977196770184,435.0759813154503,0.0005989513126357131,107.64854417613844,0.4397,0.9770922306745194,98.96366449453349,0.21486902045219192,32956.088683294816,0.8524919257461069,44.4978865568028,0.05781944391273221,35.406762751453655,32.49433563630819,5342.613290754921,0.24526094220138672,2.3809125009822854,0.0229447395851173,101.16479498464068,0.0001779775267266958,98.96366449453349,1.0202406347373207,0.9531066795443196,0.930446910674868
18.000095494073154,24.80227402357712,47.62487940980263,0.05584916151016591,0.9807352802096303,355.5325145967447,417.0981357744099,0.00048165356829908,82.2492265435096,0.4397,0.9428100967208032,71.75340793401331,0.23208942693185128,16467.341142380305,0.8620087848660378,42.61570196088103,0.055454919936826344,55.16068472641488,21.97360085143289,5073.637094174662,0.17052833147565466,1.8871684173408132,0.017893971488703392,40.053027737442186,0.00014646345906291582,71.75340793401331,1.0745140170441383,0.9633203743834948,0.9223528254049055
21.529397899983618,29.415550039565176,43.00919309783934,0.05640467667061468,0.9944966817320657,453.6219790802274,522.5962785297902,0.0004548596783260685,116.5408361435433,0.4397,0.9516499783676677,101.4455202234028,0.22491579183179664,33747.211675176746,0.8233931272127778,43.052495708919636,0.05700389065570299,58.56247524903671,20.384505799157594,6915.5833444049,0.05345017174390374,2.327732905103489,0.028118399270632415,77.95811605320023,0.00012063788713795418,101.4455202234028,1.029960195314612,0.9807827148016011,0.9045368674100447
17.732589896526463,29.73097107613911,44.24558144987464,0.05722233631110389,0.9913335986311387,237.86751057217847,313.43036869613013,0.00045059907733848597,90.10521033137017,0.4397,0.9472473732866582,85.09189171457675,0.20917915412263227,34889.20443510538,0.8753300979310232,43.08028039210968,0.05774268656305663,70.65068347540434,22.81628587158684,6112.7863009511875,0.15399790669321645,2.3755711224326213,0.01899618279677881,79.41857347642565,0.00015931953035579552,85.09189171457675,1.0265472953117611,0.9874072698878382,0.9232306982777405
26.68355064666015,40.95606238309685,47.677704714788106,0.055393904451884204,0.9890158619553499,417.721421398365,542.8193798584297,0.0005030348862526336,83.92338180765253,0.4397,0.9474328502922463,75.94073305881288,0.2098079341994024,28404.91295700372,0.8424481086513028,42.61096918621393,0.058718978670404494,73.07820202530021,19.945961509918753,6828.525198445342,0.23720865787126394,2.279702900017069,0.012041431472886145,114.59329315828609,0.00012721981730925934,75.94073305881288,1.0775308265218528,0.9598691527075454,0.8898029436935714
18.706964223311257,32.55138502275287,42.47958356869789,0.05536512519117902,0.9877737681863521,498.7022670439864,606.4274088316938,0.0004912020876367961,104.13317433025856,0.4397,0.9750627756470093,89.25959941767279,0.23802821203788585,22125.433140461013,0.8340875935903749,43.84630639862454,0.05649251867414923,40.57622416034953,34.88338616693103,6941.896326152848,0.24688493764633412,2.0018435151326424,0.012068040423545845,21.530454530249248,0.00012533495240323126,89.25959941767279,1.0816625971565674,0.9756752093193357,0.9007322251175426
24.340434170316655,30.63690576435276,42.02605520320417,0.055673303811922245,0.9882370444518198,424.919864021357,525.2745667527827,0.0005723970302111121,89.49569025694377,0.4397,0.9616785697099884,77.83709582820046,0.1509911614249032,20020.253217755893,0.827791361152676,44.530430011112635,0.05936578574233661,39.47334867276738,27.92429364124903,3668.6359044553424,0.1151422328904042,2.1921486657600813,0.015085911461364357,117.05230061166063,0.00012141326768003012,77.83709582820046,1.0347222523183364,0.97926254350727,0.9176119456223902
26.030510553267,36.727764096653154,42.62181934158328,0.05571039869427599,0.9890618930990167,332.4713345396774,461.67775556316167,0.0005278489483694535,110.72978739578822,0.4397,0.9767438885765797,99.22872089200693,0.22179535824639704,23652.153781515455,0.828737616333629,43.205386682345576,0.05625368985504482,60.768583981641314,32.928227212295084,6767.500114612102,0.20638181950427886,1.9748518533112676,0.014796232588604878,92.60739282905504,0.00017297806447359772,99.22872089200693,1.0814792183351813,0.9661609541342451,0.8848404304721412
29.874060283778867,42.875815637657226,47.91623080606369,0.05788719380174516,0.9895497722600213,419.5023709220669,567.3290854151192,0.00047973043005156786,133.31861245629813,0.4397,0.9397719203666539,124.5981427545741,0.20656609841528234,18596.532327576446,0.8709877932689336,44.21942070086165,0.05999099245398294,52.026761633509665,34.02052538012447,7050.513451798939,0.14173971146024072,1.8725018925046866,0.02593372407692409,22.24384241780805,0.00012202067513869029,124.5981427545741,1.0437991066746322,0.9767811231965763,0.9375248493702312
21.497138289923754,28.870403816149185,47.83037258987587,0.05547582529017634,0.9819536120243341,458.2059414229574,527.8017465578694,0.00047714937331809894,83.29322256604246,0.4397,0.9796336333106213,78.26192191073949,0.23382939929223648,15401.129948515725,0.8488029864611445,40.048079087640055,0.05557527651598795,63.46050919997041,26.624811969041588,5229.514680883347,0.1296019582129782,1.864423730949423,0.024447770994343886,71.88125526077411,0.00015223213622435423,78.26192191073949,1.0446497338262095,0.9719650958733175,0.883124732663994
28.086907701766975,39.518814553747106,44.307594638726606,0.055315464416426145,0.9876064201028244,430.5500299203419,561.7550718031773,0.0005094381181343664,114.99240567679598,0.4397,0.962459867063184,99.04822259563407,0.17054369630867613,16254.77252236354,0.8679069305990377,42.4009410697046,0.0591647479981259,68.18123751360382,31.010369597644974,5889.555456523519,0.20163868810981372,1.8056060951133162,0.011533454394251344,26.978429751691174,0.00014936618545711522,99.04822259563407,1.0297945880190935,0.9874870746274619,0.9060656464145794
24.965308914372923,34.24168860141057,46.45731376382159,0.05541304753490886,0.9812807337822508,203.82725058706777,290.83608765840586,0.00045067361271252017,114.78862888730694,0.4397,0.9278786123954375,98.2823523705564,0.20253435657395932,28271.31203997686,0.8336246865855226,43.02023786812844,0.05566108440569231,30.480809345970254,33.1057878693103,4845.518365604852,0.1039935179433241,2.387013810601371,0.027028680999131714,80.33947600323523,0.00017466227731213714,98.2823523705564,1.038121119642746,0.9715488441715984,0.9118076498239202
15.126725722739005,26.754039329022625,46.415600683951126,0.055608733131519976,0.995518617985423,239.4480545163391,304.04717689223014,0.00048456912134595766,80.12427579400061,0.4397,0.944776586350088,69.08065220205256,0.16276443126268522,15415.110306989805,0.8390771631312072,41.006157738607065,0.0587965652611288,69.54287255466932,18.000176865995147,3955.1672735724915,0.13527545714695555,2.1930485413108314,0.011922600895368705,65.16072080823275,0.00017466855869460415,69.08065220205256,1.023101517951736,0.9706645581793942,0.9276494781029053
20.86918634804028,26.190249118567177,42.59889723753142,0.05610615883498513,0.990444788921489,232.14278322145532,307.794793314235,0.0004570080218190516,131.67757519489837,0.4397,0.9349200679445369,120.76670801141137,0.21593746731785876,21029.23508131917,0.8447568861675401,40.80148451955673,0.059311506142694204,41.94456662890458,20.383170434400732,4545.377239864613,0.09930636062448917,1.9927422715234848,0.025712556269214953,97.24262649439825,0.0001752529105450249,120.76670801141137,1.0737570013160047,0.976771816172298,0.8908408579871601
20.911771620241936,29.04130149572746,43.41071954544464,0.055591460216236774,0.9959903037320108,209.54778368229438,299.47743199144134,0.0005030932405497029,86.28151362174928,0.4397,0.9341275608701011,77.93662031623973,0.22637678588179755,28527.787767703834,0.847271087670124,40.68121861211277,0.056564592652113437,73.62286172992447,23.032289760528755,3889.9589475465305,0.07852752357064696,2.1474471582720294,0.012232341922042986,77.94288823597189,0.00014400017104211112,77.93662031623973,1.0881096085660842,0.9560919013686116,0.9374957622041874
16.79437725056251,24.86765322242773,47.33389404621976,0.05526340053568708,0.9885864000282811,414.3569004375893,554.2729896540161,0.0005093204747797813,145.24387320834344,0.4397,0.9757731702594573,134.17470862459757,0.21235324717858617,18495.557722804806,0.825860757902339,41.424100431091595,0.055506669635844316,49.36179034102246,27.45684641809339,5352.44697672078,0.12585977881037386,2.171444369958838,0.01752716688034312,98.63803581620819,0.0001484100978959373,134.17470862459757,1.0238675118920995,0.9712383322962278,0.9098277712721424
21.556349426441194,30.743081305885802,42.994180857998984,0.05540985474179582,0.9830619674809944,280.21203353084877,378.05298665044904,0.0005693618520811602,124.75551637245874,0.4397,0.9775969696472231,113.4446803354465,0.2054771279746697,21645.540330397504,0.8227001579975777,44.117055340414915,0.059999545792614704,68.36013653212275,30.365942207190002,5952.913096687784,0.2418456778016988,1.9097573757666007,0.02501861244665577,56.878610177897485,0.00016954011821711563,113.4446803354465,1.040432607454111,0.9520274616354706,0.8975804982950661
16.7468941814804,22.892274120405144,45.125132141086326,0.057369004070945064,0.9859915109056863,416.5869819699311,528.0172882300083,0.0004502354316486777,100.14712922369114,0.4397,0.9208500020065249,86.08532357853582,0.1843378959619197,15628.832024596073,0.8797537367486706,40.138243796875535,0.059855261212963695,38.99709668511381,21.90008508698268,3618.8140842370126,0.1337762436034995,1.9733209089321344,0.01507269981634469,105.68870177975285,0.0001272094872915024,86.08532357853582,1.0476965719825932,0.9750809589111527,0.8868835060509251
27.53076733666311,36.89695683338576,43.464914637693376,0.05656022664066212,0.9846772130766933,399.8295319038122,453.15297843108704,0.000580944986118241,144.76967093199522,0.4397,0.9282822043250194,126.78394975019138,0.2139784283677112,17248.449942620155,0.8599925797640082,43.01213888144018,0.0587841054602846,53.63206434651046,31.853776998389847,4423.908961495699,0.1866449242931182,2.1283666523722693,0.012266598831349246,106.63062078001735,0.00012686509772945825,126.78394975019138,1.051403687149594,0.9713865468866387,0.944771922705028
20.428458175760767,30.8434406634399,45.34568734007797,0.0572376432898536,0.9887980787100518,357.0833462305091,413.48401740204133,0.0005070536694624901,108.032236480389,0.4397,0.9366707110982755,95.40922629246957,0.23995054362345186,19518.50455922773,0.8232861763945264,40.34076933018906,0.05693245180928729,32.84796221626898,28.0872219858362,3865.5666866778593,0.10701456322239451,2.303876699644654,0.025743905330003265,85.54387258604235,0.00017530367977479006,95.40922629246957,1.0859365315260396,0.9835760059199221,0.9082368880866719
17.74682598836391,23.013414888169414,43.1791841947887,0.05553009823797072,0.9957782170559691,217.91426707329222,361.7475304688967,0.0005453666962443952,98.21824076760672,0.4397,0.9708641204571928,90.43637459337558,0.22214182819003858,17523.53788816992,0.8663539082781165,42.96598152825429,0.05567200322011488,63.067930132171924,22.440441776023068,7076.673492026469,0.22307141008400777,1.8777531991092853,0.02381951143453336,46.3717337206007,0.00012176603327622333,90.43637459337558,1.0234301686389788,0.9819081264668867,0.9066934032023561
24.027343545150906,32.03649437351111,43.2944894946934,0.055915518049380906,0.98233266105067,291.5918668087896,425.42364809268605,0.0005223343156976335,106.9150529496943,0.4397,0.9566663449146314,97.25904151041561,0.1522953040978349,24441.1988532177,0.8416668378877813,41.26103919753992,0.05709025145905587,72.39449268484407,28.614276247860655,6491.200527396435,0.17498006979537895,2.3150014471417064,0.027825358656497344,119.14308463813398,0.00014297242917884502,97.25904151041561,1.0691290701934677,0.9673018030450491,0.8926170669166321
27.86373184185598,34.63664380212365,42.28079434384619,0.05794691634801536,0.9880020034928921,208.1344247880473,307.0984898560223,0.000565807772784919,122.81108587345238,0.4397,0.9539256632025112,116.01746603196426,0.200872142556199,17538.949515384764,0.8677876249060757,40.7867122825221,0.05860171288767659,67.94053675941949,32.04069054836994,3711.5604592222826,0.24009080309175618,2.1653916652277916,0.022831050587601185,101.77336287077678,0.0001316967734059392,116.01746603196426,1.0625813969612854,0.976359734866288,0.9154436808769033
29.023913356607686,43.745540029235805,47.94102832684996,0.05525700453906745,0.9818358235342651,473.00607236629713,543.0458982417344,0.0005326279351086708,130.65178909063758,0.4397,0.9558964614262294,112.95530059801047,0.22364169444711562,21103.640654889976,0.876988124337151,42.32916386733862,0.055761819846553394,60.61588835074954,21.719028020489464,6530.356303424388,0.11519041919339812,2.093795606512199,0.011479014398928688,105.1651712860433,0.00012503919136724108,112.95530059801047,1.087077937981056,0.962132598767066,0.9023918609865799
28.414285791378443,34.71644793768391,42.67857137872106,0.0563160111514735,0.9878291203368326,292.5900848497487,346.6076469657961,0.00040221470637157237,126.32754193020926,0.4397,0.9770352212017565,119.23584622397544,0.20041630279012718,29471.366293890922,0.8215943926195285,41.15553170040598,0.055084001876659405,35.35221438375742,22.739639495159793,6578.144378943271,0.15760671436958487,1.88636423993096,0.022772693340475846,21.155124035073417,0.00017843208601794945,119.23584622397544,1.044469101533882,0.9655135112186627,0.8916146213615516
28.230789156329728,39.50494357203408,44.49371290248542,0.05588731185613126,0.9916504487672445,228.48486598271336,376.0197511701156,0.0004780550580339711,144.4865686849568,0.4397,0.9365474263247026,125.99446124406744,0.20913500455222322,28077.054789952694,0.8778575646475478,41.89133544096665,0.05952017629401307,74.27819050982399,28.836678372681845,6498.863132707062,0.08820913194693591,2.1299423141894915,0.026450141436610064,102.61445320930984,0.0001299571368996646,125.99446124406744,1.0281455958171788,0.9531209806976069,0.9327009135266939
20.2207723369438,29.239302625111826,44.50534788938389,0.05502200341287594,0.9813794955382209,200.755434905652,251.3226636936989,0.0005876728453075836,146.9319874888611,0.4397,0.9273993265486858,129.93881838712468,0.2411584408942095,22659.98164616283,0.8299456493903185,43.165253379512855,0.05849994927456482,45.47831027708323,23.596443528702487,6762.309395587516,0.07717684707709965,2.0121789646578008,0.011673570901067321,41.77605740240726,0.0001459184913536375,129.93881838712468,1.0304462405245634,0.9540281507349562,0.942878600128968
22.581321566651845,30.454634262785007,43.82175744560627,0.05665735561229135,0.9813328367150546,383.4537995638552,457.2185780967409,0.0004902905192286186,93.79439664556338,0.4397,0.95646892209004,80.04957112753416,0.2373950064434058,33621.7611465041,0.8378339540560461,44.68114990182558,0.05846920064361645,58.47477859628275,18.553358982721587,5286.333480385261,0.16707192674319693,1.9133802994125904,0.012713866050707534,70.8256239034576,0.00013537035026212088,80.04957112753416,1.0704462439762714,0.9827498079790445,0.904660596420083
20.569631980790124,34.11038839696286,46.76394174147194,0.056650015905338684,0.9946102022310029,386.29071489269256,504.6810121831137,0.0005656769279436602,143.87796809612914,0.4397,0.9781321446832437,126.56264861289462,0.158131440802115,30744.450979622387,0.8576167208170582,43.08910704504234,0.05973592878577682,42.284103938668125,32.083319444232814,4461.888358683002,0.21068334920333603,2.3279840677805343,0.023551345139727693,90.42855532033893,0.0001494701757899461,126.56264861289462,1.0636605084607864,0.9888777538005169,0.9000546597137876
28.83392450980689,40.474796306237046,44.02615146956129,0.055961381891138536,0.9881499551675956,498.47758779310016,642.2674134141073,0.0005737919602542882,87.46773060280775,0.4397,0.9626002558005757,76.09436034639525,0.20105532072546003,27143.531153135726,0.8629557129605426,42.53534108824776,0.05760352669502775,67.22949638816254,19.03088885472744,6733.61274840553,0.08995889907899401,2.076343590457651,0.025826609554500175,61.029224385493976,0.00016601365223737434,76.09436034639525,1.067382673108494,0.9695688538852292,0.9061369641057442
16.39239263049896,27.595412364179907,45.75270171451912,0.05641677567770662,0.9870276453792801,286.5827562733326,348.2886871884451,0.00046651559211284246,146.9824247417567,0.4397,0.9735269816724507,128.1282712707176,0.21223163158112995,23735.574041867796,0.8302138803187874,42.785000428136016,0.056590384770973466,47.0289142431537,19.92685578114396,6604.728634773823,0.1905832981220687,1.8478536193361574,0.01706302158747407,44.36233782228191,0.00015958301675547237,128.1282712707176,1.030967310563484,0.9551185681754827,0.9447384364534479
23.31479511980094,29.25137094999627,45.25800228830283,0.05617584260733424,0.993726394641254,213.95755896663772,341.3466588635116,0.000571544941807078,98.1541392957045,0.4397,0.9737713907073587,89.04743589133521,0.23520313730619094,16200.723581713915,0.8282095688667805,42.3604649174266,0.05954712822659132,47.58048763169125,32.35630887550829,4588.953723987472,0.18431097962288256,1.9812832152912583,0.024705232023735306,70.01818889137611,0.00015430498615147717,89.04743589133521,1.0233991985501696,0.9535335351145765,0.9208524297226827
18.703586723470345,26.293279728471767,47.18417329771069,0.05639261711065052,0.9816952670131966,433.81470653031215,516.9915196087891,0.0004754869991285603,98.6052407192987,0.4397,0.9331554254534726,91.51342561111572,0.17655006140029386,23257.054646529585,0.8371927655838843,42.81405322813942,0.05992905785527087,30.20160123745054,27.8391188310965,5690.589394299739,0.14650976623689121,1.9089029280859497,0.013347364650873193,49.97662170612166,0.00015064087564258845,91.51342561111572,1.0653194688831222,0.9518162686665638,0.8916138257191684
27.75561371330664,35.52053611080209,46.916895785372375,0.05754414569854226,0.9971942992807987,291.3745870258404,409.34642967382223,0.00040507208580199477,109.50818857356981,0.4397,0.9611359073420712,101.23985286786508,0.163985393976737,25905.325008733875,0.8395359590286099,42.850887016391546,0.05510229960108889,55.8900871056983,23.632162168560644,5604.9787531206775,0.20338235020898582,2.3635470993006766,0.018880106281794505,81.53206818372274,0.00012791112273044698,101.23985286786508,1.0264849426355935,0.9851511982197916,0.9242739680093782
20.088274934433098,29.43207244933307,43.3076839076507,0.05714191992161682,0.995508520215156,299.1977121734832,358.86103521329164,0.0005388814962486796,92.72196019394381,0.4397,0.9717332535190368,86.50168689227998,0.20971546036792518,34820.350286588946,0.8390933265271657,42.460975253011576,0.05665336438981655,41.28292048152224,22.636187134685414,5355.1024732129445,0.16878128917824098,1.9458371827277183,0.024959481176357167,30.970686917201423,0.00014415021956787225,86.50168689227998,1.0943712367560032,0.9676879465226784,0.9080880048590639
27.9552633328965,42.1699444734025,46.50067076810835,0.055840733871573914,0.9877928952568598,472.3203016495883,608.8019843393605,0.0005640578563447982,137.940305662814,0.4397,0.9260804532372808,127.33733048776757,0.19676121283828385,34032.12613848125,0.8302787086102259,43.941860035291555,0.056812028026486765,71.48323093598555,18.664727529680963,5791.004804606516,0.23929997807153175,2.1038380245370343,0.013979723075115138,60.83174917600999,0.00017431595713012724,127.33733048776757,1.0842654128518188,0.9852147394866255,0.8812186253754897
28.920643699075193,37.95717067158472,46.75541074856789,0.055718622986325544,0.9893741487932993,372.61108308134703,493.3334764773871,0.0004903215031067926,88.73162361006776,0.4397,0.959088697579049,84.08657271031338,0.1757705201418373,17244.231599399733,0.8782484555776158,41.95372658040666,0.05555613903779156,65.24174545357558,16.35832401761683,3902.2908147938615,0.20274111906115094,2.2473134946721864,0.016977926910147496,79.1602613012317,0.0001692313827356826,84.08657271031338,1.0343962285976163,0.9645131143875306,0.9478951048458891
17.579514707744266,25.85972482441175,47.51511398217228,0.057175652958234804,0.9879543110421262,320.10489451222844,465.6650784574915,0.0004346818724786797,110.75021625635051,0.4397,0.9363201898677056,94.34227692877973,0.24429281414652732,34585.32283167727,0.8678843239583548,40.542736757554785,0.056107866264604664,72.84324093504657,33.18843903443487,5236.717680633601,0.22731865636021237,1.8951065257837372,0.022581316640013463,119.05214557530985,0.0001238843849083269,94.34227692877973,1.0678275675398758,0.9735224565720597,0.8880427268175889
26.313790302742046,32.023158897182164,47.77930561811192,0.055673544386303925,0.99570460426213,485.16731237442133,585.4092281304937,0.0005230569564391209,143.50092075339336,0.4397,0.969300230585048,136.15218240185297,0.1817555980426572,30092.352597129124,0.8788012391308391,43.21526083287579,0.0551222879839209,47.53853811720576,15.894609220363316,4607.538908886261,0.12227362557216424,2.0624925573638384,0.016919904165745958,69.545777009078,0.00017042660526766867,136.15218240185297,1.030561964300771,0.9769535398792671,0.9089447619185747
20.249673891792376,29.09925272646933,46.42181400706112,0.05772275759160541,0.9805798787756423,279.5873484377667,418.3564814595421,0.0005476513607779517,124.47723690159776,0.4397,0.9333924569026637,110.90708510715915,0.15552859297725197,28638.713133547782,0.8262194615954599,43.9804818055803,0.05848208078495075,59.77785267777078,16.23358054775493,3608.541583273799,0.2121998362190765,2.191968841645892,0.027483165424295235,62.58859464417637,0.0001696823185109441,110.90708510715915,1.0948936753714595,0.9520013579987685,0.926034697973896
21.049142558343767,26.57271823470726,44.699587031386265,0.057498449481609405,0.9934277730221037,206.44337355772177,310.48323628746454,0.0005309633904583141,122.50153912046717,0.4397,0.9424052299454861,109.97948272330255,0.1558799229905224,33071.21932857203,0.8245346742180679,43.90008884675809,0.055534525751054144,50.33108875467208,30.04203205650372,5469.029328101719,0.24840483778309885,2.3291722346206694,0.029134522303785798,118.92125642413264,0.00016811764894988438,109.97948272330255,1.0671561398736495,0.9772637789866089,0.9210216352494812
19.115719151418002,27.76776374917895,43.75782401417617,0.05575755714268301,0.9860509550531864,269.26258502775755,370.5415036196948,0.00047115852802563445,149.62509567502107,0.4397,0.9606045554807944,135.81993660759318,0.17010822416520294,21501.10954924889,0.8521584730067558,41.26065818274563,0.059438137895756415,70.92018551397024,32.87487811553096,4912.933540775932,0.08269296742904247,2.1924619033034696,0.02284579023033219,112.538498954969,0.00016888875753232383,135.81993660759318,1.0454204108406429,0.9819886377459257,0.8802952774587904
24.249999831640128,38.92784376285971,47.18797757595059,0.05740450075879219,0.9955909424366509,213.23778972078932,272.6988318423828,0.00047366587982216604,81.57843576781525,0.4397,0.9533495695622527,69.4112019075001,0.16167358248727892,22986.056469931264,0.8568680726583117,43.23510483402217,0.05791987727632527,44.59175288148418,29.194252467781588,5152.456551132569,0.15223588906731877,1.8480503088603464,0.025648004783858633,87.29667568208703,0.00017898204110862242,69.4112019075001,1.0744320302994248,0.9508831904129639,0.9225519825507096
20.147506907444452,30.7081144405063,47.493326932540114,0.05557404254688255,0.9996781767433374,322.32420328970227,453.74115098821363,0.0005098194847758695,102.3855579573636,0.4397,0.9271985611121791,88.88817206484502,0.1894688707084489,32418.939030565853,0.8581094253859212,44.992938207781776,0.05678079523172908,44.78365641667108,19.841529743296952,4000.862275876258,0.22246719661730502,1.9929368778673189,0.028133929961716993,74.4773300358394,0.0001233123315214126,88.88817206484502,1.0202030752664877,0.9523528727151614,0.9309090007928904
26.109237563425825,33.19794277006708,42.58536709465047,0.05507458303838757,0.9855795646723425,449.3199675681012,540.5402194509777,0.0004386787350858092,88.7512752527298,0.4397,0.9335177084178391,79.39662981364273,0.15804647163159258,17079.826014598293,0.8255954233823948,40.522825367768455,0.05904443522770393,46.46745847162255,20.413003263203827,5420.233915873212,0.1293252733773762,2.010559321118979,0.024037186751994493,47.089533760884564,0.00014302828352411834,79.39662981364273,1.0430286219126803,0.9708835390713716,0.9394525629971195
26.6773803951566,34.66957859963995,45.3259363160407,0.0578833618166696,0.9889170347990148,492.5538720961524,602.5563765301808,0.0005692352905882708,92.92040952792551,0.4397,0.9731504037865297,86.13273460338871,0.2061165201994346,29183.196944396932,0.8706277499869528,42.613776528693315,0.058253352082108335,52.40051480825827,34.22755790697413,4572.453242655012,0.15164663476481488,2.032964069537867,0.025466283548673224,82.38527814987822,0.00017810625864083187,86.13273460338871,1.0387335354761327,0.9888553138379045,0.892876007107756
20.92698421410273,31.637984028549738,42.775165668362185,0.0572840519931768,0.990951816199995,410.0962759889045,525.165438863786,0.0004204638091483927,95.12031489692467,0.4397,0.979326775482184,89.12857297867062,0.19083912245044857,31196.44380985276,0.8493828166454893,41.526937223233666,0.05876511402357628,69.9473670762778,29.001650137366642,3602.0954670821425,0.1995254717891109,2.364971123535198,0.011604384025230622,103.39734200395608,0.0001531601362126147,89.12857297867062,1.0476941621823213,0.9889297969549081,0.8825729010511976
15.071160437165407,20.26401488639936,43.509478292784344,0.05646707025103135,0.9910209814950292,477.8344727697841,605.3156029871018,0.0004973099358980339,123.8823077397112,0.4397,0.9616383224049078,107.1301192639531,0.20979251587831638,32701.259060877448,0.8420883366343276,43.956116203781626,0.05938888184358536,39.336037144248266,31.556090887688782,6408.039600780894,0.21493949196933587,1.821422011295834,0.026475253705180883,118.15866469317356,0.0001609378291384327,107.1301192639531,1.0268245069261603,0.9543831462520276,0.9461065950637029
15.99121987247645,29.986931569078973,44.29917679090666,0.05752962825595053,0.9831314133562943,322.55960933185366,430.0940406175067,0.0005718878048918935,99.04749166556023,0.4397,0.9205858803560518,86.79518379971077,0.24892365469240255,19383.455826451718,0.8502662844858586,41.62363849018581,0.059038325164120505,59.30885565777709,23.927353613835812,5860.219148266992,0.08990609665476296,1.98130416863086,0.015491292187339193,37.09708093187237,0.00014171131298298674,86.79518379971077,1.0974391730244366,0.9804352165618145,0.9276300305243617
19.107183372582853,29.888564482404608,43.866985292006085,0.05522746401915994,0.9916649233104713,290.81284487557525,402.80389969867474,0.0005058835994066195,126.49291560458123,0.4397,0.9646040394708986,115.2017833648084,0.24919015940028594,28584.929824155595,0.8224276086623578,43.66791713385639,0.05889571291623222,43.76807853693897,30.53046451005781,5500.4976103427325,0.1282219970121084,2.0954735528000907,0.011416090482748083,47.40565590107069,0.00013271395561339082,115.2017833648084,1.0574310084148026,0.9817327570138589,0.9118474270099669
29.308097650757194,39.23093724112797,46.29599362239421,0.05721904731392802,0.9944782502695788,246.26756857162917,348.3430350316712,0.0005521898907993088,131.66487553748522,0.4397,0.9585695350922724,116.6680230639711,0.1917029041630468,16714.359311756758,0.8329045943126905,40.80227149046855,0.05864921723187082,33.71975577528868,34.61543006774941,5839.405074205317,0.12890104123763874,1.8518376145466573,0.02178943043603041,108.44258619881087,0.0001787055595421886,116.6680230639711,1.088512651765464,0.9850782114588937,0.9307535552702304
20.90713995795428,33.06947838301981,42.47379742898024,0.057868977202417494,0.9988805696802885,350.2642098117967,461.6593821114483,0.00044791550792147025,108.13389615345811,0.4397,0.9447092213266324,95.13526241086664,0.18670539336900605,32219.24663163921,0.8799094017425059,40.3348373174427,0.05688744204126729,72.91456410599253,22.134402327844544,4765.199670656244,0.08056485038166082,2.0901227764384567,0.014535739393769304,106.0965103778436,0.0001416991309687121,95.13526241086664,1.024761067215562,0.9517407259975009,0.8909956168505917
26.163529170661846,33.16614024840417,45.68264124958542,0.05745577205809349,0.9945076022856622,298.08141670315626,392.5043180372495,0.000489102494054717,117.54290920785516,0.4397,0.9336827487508149,104.41713804697605,0.21815528820499042,24635.987463574005,0.8531535482553584,40.52051165426437,0.058259155704668025,65.36005988138014,21.410458305400816,4042.932131756751,0.06823033110544907,1.8642773503263306,0.01159693721584171,91.66588265313554,0.00015365202747073283,104.41713804697605,1.0875859255585083,0.9888973425282342,0.9470878664992013
29.041168790196892,34.25760301528721,45.48848717388538,0.05629502713197482,0.9920661389602793,232.26130901634588,359.90246051549076,0.000542612023383242,89.246452187177,0.4397,0.9299418712443533,82.12097782278126,0.1867679614253152,27483.29967862706,0.8247124545492804,41.30145906967623,0.05782849441662567,72.84084714366537,15.858953683165867,4884.937269796659,0.19893884247035037,2.302669328819442,0.022191228708553223,30.373128931194785,0.00013462888621405613,82.12097782278126,1.0722427793401208,0.9828683443621389,0.9257971013872424
20.125181400646902,31.277399563095727,46.72316989979145,0.05603893277987219,0.9846650154470631,479.574515588141,610.6252403838267,0.0005776660457664446,132.6847555478916,0.4397,0.9250122117312874,115.41716257694175,0.22782815759829156,32027.508139019785,0.837570123844536,44.24757141176215,0.05981722943252161,48.01213514137618,29.74045061924604,6439.962685435705,0.22039848461134753,1.9620506351209357,0.011971046502138127,90.62553576291646,0.00017801707434049485,115.41716257694175,1.0743018561788755,0.974307449485361,0.9413866601249105
23.41934928188511,30.019373385877493,42.58007096493163,0.05767724773970013,0.9819584031840392,237.111141833065,338.8218992049497,0.000528609124661303,109.33827986239572,0.4397,0.9583562225304163,93.61440751162858,0.2101645991963359,25120.474789651933,0.8310864842173388,40.75216890938016,0.05750467766722506,64.06411104537624,19.8133983644154,5789.757712404455,0.24038373007292013,2.1138067095031334,0.027744550592801162,66.90590960893698,0.00013550482787893397,93.61440751162858,1.084507417286685,0.9526731263597944,0.918969585819412
27.784809614188184,32.90720920111359,43.995627751220056,0.055874521150107284,0.9926866926268121,421.92182359969365,486.5846275305034,0.000448553301010648,138.4244643245824,0.4397,0.9402364744148207,117.70864662254003,0.1699487222916556,25173.170475841296,0.8754820340315761,40.16695238997733,0.05610908910088869,59.30151698831395,20.078224574719282,6448.473895635396,0.24125899863409578,2.1709907126223587,0.02938544966287164,57.12511599543601,0.0001748367196556453,117.70864662254003,1.0620858480357307,0.9596063303789271,0.9360563312273981
24.221968225140547,38.51113548600112,46.18262054316971,0.05781234454486904,0.9925036544965663,220.42252140550568,307.7723186471685,0.0004292585629655018,116.83536637872655,0.4397,0.9510807955463372,105.4634286989014,0.19148338198791626,24293.122445593464,0.8683726235060842,44.2673041533542,0.057288641772848405,57.85577421676513,27.640143994757874,6848.213441120734,0.24893683276293527,1.983435370234269,0.02476384660703282,45.0686405527842,0.00013750858858262713,105.4634286989014,1.0707209096458201,0.963865256465268,0.9029372409910973
16.68330912785184,29.567497056738446,46.27012264239459,0.05595954848742739,0.9967871769492879,358.1349400959542,492.12880706074594,0.0005683079643678446,128.77352503762557,0.4397,0.9515125020790464,112.67705809555906,0.23636580487009712,27013.862472403343,0.8528142141188823,41.87441128358619,0.05707325055662751,31.812166105064737,29.77656854172974,4498.766553403609,0.06659863072731545,2.0107888198696977,0.015753264835960727,51.79806560194808,0.0001768155356444997,112.67705809555906,1.0919827713353787,0.9842954989089979,0.8893153238531691
26.543653870366324,32.68566477320066,44.69775476348759,0.0553750444365163,0.9889220415644243,402.44075955788514,544.1156597738745,0.0005108071777251185,105.10078854164995,0.4397,0.9564381490274484,95.23853665099779,0.2053353283229795,29346.464896150905,0.8771069000633487,42.94366988156127,0.05734258180776151,33.22781040411693,23.149523828387995,6891.940629732166,0.12935947706375045,2.1063096323486565,0.021250821054614684,73.57929591924245,0.00014203991492307453,95.23853665099779,1.0300083692558737,0.9804448155611345,0.9047674470745785
28.561388272775762,42.52489693778001,44.77061659986478,0.05570766961619304,0.9834408679503256,270.36034448616897,347.0656446599353,0.0004367744124535164,106.02387403925495,0.4397,0.9556727606551945,99.4609063214022,0.22099187250713642,31103.364703844265,0.8423721672260509,40.418992697213355,0.05790515215055782,38.786825699046595,33.890834540373724,5985.356512932569,0.06643121692149206,2.283260819307115,0.010627713743065977,36.19498362790961,0.00017232362644790342,99.4609063214022,1.0244532834895224,0.9876288239411297,0.9427847231615966
26.531637083829686,32.20737626114651,47.78975585767502,0.05655844985611261,0.9844945351386776,222.69489456800721,366.80515459345986,0.0004971353471314643,110.55559090949941,0.4397,0.9511446046011401,97.21880518394734,0.22098507031284215,15596.069777820303,0.8718980620121897,44.536722717997435,0.059740112525464746,63.73442814235424,18.234234650290766,5618.801503409279,0.18557799540351233,2.071615126209497,0.022427990338071798,70.93054584941635,0.00015598949064561638,97.21880518394734,1.0986153892594936,0.9669014981198609,0.9288664069129486
26.28808167181255,39.31797939205291,43.95736792225974,0.05539331811320105,0.9895279780889424,378.00938102615817,455.6807053007458,0.0004252645298177762,124.52239439808022,0.4397,0.9293070658711242,108.12989859316265,0.19821552720780705,21961.545390897718,0.8480525205426854,42.52221551162209,0.05640540164274526,65.92540058487526,25.546999817678017,5411.5542721144275,0.24447831249299357,2.0945375546012848,0.015276815243935003,24.820330700431796,0.00012682943519037052,108.12989859316265,1.090519815501958,0.9866719274016273,0.9119369104049485
26.335444824006167,35.4801605613522,42.90068818146819,0.056139871467391626,0.9862410532990398,380.8720690158427,522.7597532904966,0.0004210343297435155,115.45735070224137,0.4397,0.9216225898264765,98.15693617601484,0.17954913774759412,23650.550478721078,0.8709179180782566,40.44784794730783,0.05984564407692833,59.12493886303531,27.346592579618267,5287.392752998085,0.057336729642191456,2.1575189619052555,0.019100485637992125,61.063698825553864,0.00013773727732367867,98.15693617601484,1.061118877838305,0.9858283363152606,0.8964648285290799
24.188083159868285,34.3698936811674,47.717052389948066,0.05771756694833929,0.9836053427060227,293.5947496736055,437.1383022773566,0.0005839953849017044,136.29935144572758,0.4397,0.9545710880630865,129.23022542725738,0.20963388398078464,16973.867914500563,0.8740412960450171,43.16905624279603,0.058897913115523795,38.643091527067554,27.347626303179496,3866.032551676441,0.15526593751077528,2.0551268638977302,0.013577361389224364,116.00264623859572,0.00016565325601200932,129.23022542725738,1.082461652195505,0.9507394626334611,0.9218631263653627
18.717148972775565,30.400435219105876,46.85764885956698,0.05528166292793906,0.9821570254404429,312.8580050582802,413.3411959401049,0.0005089254344180295,83.83581675824877,0.4397,0.9453931999346817,75.59330321241674,0.1613058062831791,30032.426457672955,0.8477778682978213,41.82782857574534,0.05591460463383482,64.99277685664458,28.137028615823006,3796.705544036321,0.15665266619205526,2.2356470137657953,0.029731033302367753,93.8975138280024,0.00016005226134949813,75.59330321241674,1.0905536696107894,0.9595701652542502,0.9215032251491352
28.662581198654532,34.65019683745921,43.42237757084242,0.056843632673906457,0.9882470184167891,213.6817296052676,358.73694502915976,0.0004497825257355262,143.03799076791972,0.4397,0.9446071195007755,133.0552902757366,0.20973706197881317,25457.51435663295,0.8306800838412352,41.76703526318469,0.05640220303270211,35.106082003456535,27.67766555439514,4791.510962939842,0.08265498334015087,1.8029445643764739,0.014148491177913029,26.860207539155393,0.00014136587870561984,133.0552902757366,1.0573485098541997,0.9819953192546113,0.9171644189355488
16.93360937207092,31.011174047720576,47.14354159737685,0.05621129389698079,0.9867503658441154,288.7365763913418,393.663812977755,0.0005762533578519336,144.8225666394457,0.4397,0.9458039394217227,135.52639828677556,0.16027386355718515,15037.655646938732,0.8315424312900848,42.04109295228253,0.05954662624876982,70.23105293248226,30.834051622316736,4332.798389010527,0.21669372076001026,2.08981184070795,0.018338702167658722,88.78362350014187,0.00013172072629528186,135.52639828677556,1.0278367086348148,0.9766036767158475,0.9316462620933545
27.409436195884695,33.845844943296434,43.51380849465517,0.05694236455722998,0.9993055094013965,464.7807425135504,552.6697713163562,0.0005997768475997981,97.08529822000231,0.4397,0.9268125212071892,92.18457297628697,0.24017980302351682,27627.438865050368,0.8373317778492623,42.54061662914225,0.05900671540799693,47.3148351231323,31.28164180731473,3911.8015595097922,0.12894455851583242,2.353809708046524,0.015092014596931554,39.61131651802197,0.00016972996237317865,92.18457297628697,1.0584515707614393,0.9589155183224142,0.8969969299781695
20.39061427993179,34.806456465719805,46.96468485027201,0.05646882427011615,0.9971282551047196,251.38835301237003,382.40430353763884,0.0005768404041557965,87.05434451692592,0.4397,0.9307560777158358,81.47967121981877,0.2243871494258009,21780.439939819673,0.8333764740544105,43.09662982785603,0.05571680399674413,62.71894628314364,34.54901623192127,3687.9741647190353,0.1340929158467392,2.1695422608923987,0.020831752182833847,67.41643730775615,0.00015734304057165682,81.47967121981877,1.0481098310488697,0.9812587941694954,0.915769243698496
25.107301354097068,31.02212979615638,45.77137635577277,0.057630115111375155,0.9836698281649013,340.4155683183805,401.2677784695793,0.0005495182610132724,120.02993587509886,0.4397,0.9597292661713691,105.55503123537954,0.16812099777962192,29537.086906272947,0.8432952186798396,40.732064418048815,0.05792284293238501,37.62727754078554,33.793967699261174,7122.196441324897,0.24239166505456267,2.091839845466954,0.028106843345303195,49.416851125352174,0.00016091788453455588,105.55503123537954,1.0218513668103995,0.9626622355078036,0.90158843054953
27.076456663917586,33.79654035759415,44.89548132267787,0.05620749478612906,0.9950670669062502,403.04786634950597,474.7133731844386,0.0005924133816868748,84.49191194075969,0.4397,0.9508268884174251,76.58656654687212,0.22846603658308698,18593.902772910864,0.8504008675858329,43.77183148287113,0.056384966288022476,44.14271372477341,25.398550281731467,4363.538308837844,0.09947673828047261,2.26321490128288,0.013267769278168917,113.4161025095654,0.00014874400846330945,76.58656654687212,1.0967237703373325,0.9740857984784375,0.8943920384733924
26.97883538562798,32.554392403302046,47.56843744211754,0.05652528552444332,0.9896039567054973,440.8646774676079,512.1896880201892,0.00043947744614292015,96.08009532603215,0.4397,0.9565797398487369,90.91805301033563,0.222585281262056,15024.189938905825,0.8252268167619742,40.135717315364204,0.05814875171537673,52.28729238248326,29.118951376126883,7144.883594760252,0.12709360376303264,2.035800445519135,0.012816257619121727,25.444016502150827,0.00014102045164422907,90.91805301033563,1.0772627410166749,0.9873863097641759,0.9032947003086229
17.417139170998496,26.394988528677974,46.85620758089797,0.055390411160776476,0.9985219727899779,224.34475078304132,336.5521036408153,0.0005755387245824034,115.52962203104417,0.4397,0.9277604373635645,105.5175711100081,0.22284447549159264,16736.478403457037,0.8745785931216713,43.49586428844555,0.05586791003732492,52.33597444700736,23.048573249265562,5560.206035767325,0.204030070240441,2.0803473688340692,0.011481302741467825,108.09580391642923,0.00014293497105456247,105.5175711100081,1.0828654775323212,0.9595847272630438,0.9362063454347833
24.163771240616356,35.07243253332336,42.779550449535414,0.05647091977325782,0.9921641040825157,377.5508372287748,498.43811974504735,0.0004717478948088608,122.96680022332407,0.4397,0.968848377293392,113.9787112238039,0.18352817834896062,23808.001520819653,0.8201459100187211,40.91648739811841,0.056759564577809556,34.37398885411844,28.012954346976382,4290.597039440963,0.14599650663122277,1.9170958328444894,0.02178702614675264,90.1378668635012,0.00012186670378689061,113.9787112238039,1.067740807509595,0.9522146997909413,0.8879721362285866
18.218439728048914,29.469186550525258,46.23341374264121,0.055344192539661226,0.9840798685569861,388.18705218779564,521.9295935405299,0.00040644758079492116,93.6013378248996,0.4397,0.9423583835329508,88.04761344842322,0.20227408931155286,29960.19489749972,0.8282974207489323,42.23412025174798,0.056942642363023786,54.674351259594545,15.148888539593147,4123.083999255228,0.17068399743658286,1.8745224905447668,0.0220415395978075,56.27891688783891,0.00017662578226476075,88.04761344842322,1.0415336789930483,0.9764055517534704,0.8992836879947913
16.681564251734585,29.96675381155971,46.7370117132406,0.05674938961603232,0.9839193654693604,259.21440751895386,399.2006039785855,0.00040647558849879717,145.29165734287855,0.4397,0.9567843192684343,132.41377494883116,0.2085774805091833,27078.28069945507,0.8205046165623088,42.807755406295506,0.057688543792541354,33.3803062160261,22.35185382092665,4322.8964300072485,0.14556262752174992,1.8153136345028131,0.026427807526387397,107.96425488406892,0.00014199277595495612,132.41377494883116,1.0667761832527805,0.9791368559190845,0.9173117550678136
22.703419661612948,32.98721799973226,45.246765745246734,0.056282181272836955,0.9993459836005864,209.2545551173805,346.759306765925,0.0004375668701403762,92.69261679167087,0.4397,0.9479391931808026,85.20737798348684,0.18769782861185008,15299.332010249334,0.8791916953831375,43.236899121008186,0.056196584878532845,71.56559918245463,33.29070338309117,4909.600436332219,0.10666510451372782,2.23890534231326,0.02671922662168035,60.630286634341005,0.00014897814556270297,85.20737798348684,1.074421713030243,0.9625031527117244,0.9080677811579118
29.8129057670181,39.914022005800504,43.65641026952469,0.057350113010223455,0.9983655288032589,453.31006952732196,571.5095292187876,0.0005558977722665389,90.75590579980762,0.4397,0.9480993842395191,82.4814508413564,0.20603988801805412,26832.165847632645,0.8446390169177649,43.955176974484964,0.05863873176219008,48.979535846387336,28.50006944026566,4337.9694872609925,0.08254543135006337,2.0809140685073513,0.012038849046750517,89.83700415299322,0.00014142936461545736,82.4814508413564,1.0677872045888843,0.9687364381343859,0.9379372856538845
29.724959025885784,37.98641821958876,43.40683784821926,0.05625543093238808,0.9896571838485019,332.0209496221254,473.50361736813505,0.0005793343553728986,91.3623989168136,0.4397,0.9667148282327075,80.7519126149039,0.17440164060664984,24643.47045476141,0.8317615414763911,42.58098255639553,0.059046333566110415,49.75855567287806,15.34559546925333,6580.8773002680555,0.2200268307273362,2.363611949758187,0.028210507010897563,98.78654671621858,0.00014131116281470833,80.7519126149039,1.0301715428710307,0.9700436059291321,0.934546910120398
23.601017721534603,35.112072840370175,47.844875824040365,0.05689178625717239,0.9912788075412893,218.23378046842447,295.7882346360258,0.00042559245931156163,145.06673331061995,0.4397,0.9266209319903924,126.91591377226645,0.23748846879526664,30930.900450921657,0.8271202924213299,44.40063575909687,0.058199948454385475,55.96470871885171,25.453735240084544,4921.315393902279,0.10504253664086821,1.90608962981458,0.026587662129655465,48.63909467281546,0.00016113686620994653,126.91591377226645,1.0850841579593398,0.9826378861684327,0.9274543241606071
26.582612458674205,40.66790167483433,44.62076078927532,0.05517697711012242,0.9909419569768175,373.4086126175902,495.9362052403184,0.0005690765216557494,141.5139713841035,0.4397,0.9244874131878852,129.2522712217203,0.24603365292107457,20133.321888363284,0.8422247132396886,44.77525547937765,0.05951540752688747,65.17536239743774,22.317767210177205,5497.0027984582985,0.24947347605884862,1.9463900578104059,0.022944941458340036,27.225576250809993,0.00016022136300266915,129.2522712217203,1.0438041894034886,0.9777231662559686,0.8997748491246156
18.74516949805329,27.298172469725177,45.112950046300504,0.05713005538508601,0.9952695412054684,313.07388813201004,370.74063130348304,0.0005510944871704598,82.31286049789621,0.4397,0.9260634982073119,78.04184164258112,0.18267329508280228,29378.62610562864,0.8785539466511781,44.88023429959479,0.05895247596396722,33.12906773862582,31.175508784825535,5404.431160929333,0.05201286089285284,2.183235567920775,0.01694120220240746,106.81258499127755,0.0001686135010059699,78.04184164258112,1.0517385341925654,0.9609193562236713,0.8814853189650487
18.365432780902538,26.928979872445694,45.58899439323321,0.05787230134648585,0.9894897184844315,224.06039305211524,286.5832355261068,0.00041044482007278224,130.86307250971345,0.4397,0.97971800831011,123.22246830503394,0.18423975875401413,27635.535070962873,0.8529235078496089,41.597807359911144,0.05522007212486528,61.63401204354845,17.296888779191658,5974.3338603988395,0.22638945675349498,1.832758611378413,0.02491172035642869,43.12872520810363,0.0001243074959648812,123.22246830503394,1.0640570572396708,0.9609204860758663,0.9019733576613455
25.597847138942555,34.03109275079801,42.60378841954521,0.05634333619534783,0.9824526030051378,286.1333696956187,358.745584100916,0.0005462779102744727,85.14421049182222,0.4397,0.9756288877553987,74.15940914439814,0.17162101230132787,27459.822505708118,0.841253051437947,40.160870902251375,0.05542360615782312,70.97388802126574,27.081260550306553,7190.645257215336,0.2394736603941156,2.1020479524114877,0.022413474379287018,113.180700050296,0.00017244352133069518,74.15940914439814,1.0982108550728393,0.9629986032527869,0.9220669670360981
26.789993101865605,34.06412575099821,42.487772373514375,0.055029547171365906,0.9864856687035978,298.04933699246476,358.3170112301531,0.00040767584620440204,85.27173807085065,0.4397,0.9620332085548239,79.66731373598499,0.23647793273290132,23111.108790576796,0.8418724510055889,43.57898385051981,0.05829984312125339,49.76385294628049,29.241403729612646,5196.826468892261,0.06174098904073014,1.8741489104468858,0.01706092894987208,51.50396858354547,0.0001774009320920538,79.66731373598499,1.0450019618557447,0.9558381130977422,0.8871013257840482
26.127556857142665,36.7946626220275,43.1888214478048,0.05681093996742297,0.9913655207849555,372.4714943987122,519.0380790592465,0.00045251660625838375,85.32141414961863,0.4397,0.9468527487161832,72.7032959838525,0.16633617948036064,15256.966182446142,0.8270401930059816,41.25948849064286,0.05860937740176445,30.59694114448901,26.909097611675506,4761.5403772157115,0.17551466841193525,1.8968384725538927,0.010265114297593185,61.48958421182751,0.00017934636989815577,72.7032959838525,1.0233500674151539,0.9553711402025977,0.9376507571810874
16.567613297891043,22.623364461717824,42.39197440117589,0.05543553182436252,0.987021487769876,321.0000614025523,417.62448434929115,0.0005061818799920895,138.0734684820926,0.4397,0.9251042726414134,125.50117273891117,0.22988588495238008,18752.845835772187,0.8510204330164186,43.83843256894437,0.05983952470439481,41.13158354099739,20.488701388276706,7106.675373404962,0.2065358228616338,2.1072599240057053,0.021849219532654174,63.03101911947795,0.0001277275195363591,125.50117273891117,1.0977964848219863,0.9826964614478421,0.9490617603088514
20.34408829378081,33.69205950444289,47.39083372542202,0.05640390540990518,0.9962709695074462,232.09765335041857,372.7680893981985,0.0005818517873985123,109.9204942812031,0.4397,0.9692537415067038,103.65872079366719,0.2332328638344919,31884.990394582004,0.8454515321019854,40.02500272761118,0.05501666271362483,72.3470694135715,30.863807393899926,7191.4415500484465,0.17307268533955145,2.1414424855874503,0.02152982008974091,66.78891953194207,0.0001492018419344568,103.65872079366719,1.0965983378147701,0.9832682089609671,0.9316292484260076
15.662702489015373,22.04023020584915,42.88814562459349,0.05509736695647117,0.9989581000623755,390.600625653021,488.2638204505628,0.0004210703575339076,118.99206417077025,0.4397,0.9313665559709982,112.55858482600271,0.18162189665541978,27336.884217774917,0.8637310713137256,43.88591601224218,0.05618480254685305,35.31087968576473,30.871887457345107,6411.357861353206,0.22602377231065907,1.9272208469508139,0.013091559533396366,116.2762457376015,0.00017634257440955845,112.55858482600271,1.035862395011206,0.9604031969551067,0.9090228784454985
26.79243396807102,33.53173285436763,43.35941503149654,0.056328434919532516,0.9848399620365725,418.63975647704353,538.607375367217,0.00046966107207802943,82.1569566764236,0.4397,0.9363705229201851,74.7879534579866,0.22767915940096597,26562.815336685984,0.8315168586782381,40.35072033429334,0.059158754767267764,30.612611124866376,22.218592769832995,6471.611617028924,0.07649605368783796,1.9627431695208668,0.02812652312797906,44.508682900964914,0.00016553619000849324,74.7879534579866,1.0863235091204377,0.9840158713593277,0.9358052869867557
19.676195468159353,25.361937855886644,45.22386215682542,0.057623457566408555,0.9977829219826609,352.190891674197,434.3623712682503,0.0005153833697201697,143.06241893958398,0.4397,0.9704475165226669,130.62763766827314,0.1952971992241371,25513.8219839434,0.8282402535017256,44.396735160411,0.05945766786624767,72.11370158252953,20.333428185099407,5066.366981172853,0.2397513879373393,1.9704645525802784,0.013185528108881142,80.82739975075577,0.0001236120750839949,130.62763766827314,1.0935693708058833,0.9728293975709156,0.8990817613070171
21.446022220902872,30.25949393471302,47.37722535542895,0.05540616027561248,0.9943141367219737,219.00522301553136,364.07176830595813,0.0005480410507580848,148.74158636283192,0.4397,0.9354400644258161,132.22988065982574,0.18484526076992056,16538.63042528133,0.8548876393728628,43.25656135225523,0.05732216098653254,68.83615777073443,28.277901483367465,5540.048201280696,0.16010166887633148,1.885085896798457,0.015741922967735487,49.41311548303929,0.00017221826497980288,132.22988065982574,1.0210393704587761,0.9784863118473239,0.9467877036586017
23.683325163842397,36.25977818246518,42.29418730040168,0.05649497716906516,0.991739109990597,230.96743818721208,284.4568843667304,0.0005830777283415663,96.46249976945614,0.4397,0.9706745893404809,88.97352216590303,0.2393378421262125,21953.386166015436,0.8645204478444221,40.80856076066705,0.057418777324251276,50.71764215837125,22.356388731716518,4866.519590144065,0.11887460423216173,2.379432511304823,0.017439760890471355,33.09301791931633,0.0001703127352144828,88.97352216590303,1.0803799821761844,0.9852177680069897,0.9056626439022382
15.008287644655223,29.109228976390817,43.29584674581496,0.05576161622375375,0.9826078122402518,483.39376378393666,603.1342219060339,0.0004937700235331241,125.95606280637072,0.4397,0.9671563137916422,110.1575021442696,0.1953528093687228,27382.99634320278,0.8498500156421923,42.53910970788025,0.05926809670874232,30.24277509065058,21.90698620450338,5827.867934248984,0.15503690524670324,2.215319958515291,0.02365931310425664,48.87720659355622,0.00016681008183596344,110.1575021442696,1.0343908581654162,0.9623337679052453,0.9282925509870054
20.311803151711274,29.654610962413685,46.30410249269269,0.05578309193167322,0.9882190042381916,256.80960726144224,401.8476065602805,0.0005681798917688647,127.51620688376562,0.4397,0.9702374144462456,108.82068840067498,0.155522968960947,17511.001828194123,0.8674019845162201,42.52600684949523,0.05729984340040567,56.269673927999946,24.011169848155497,6572.662506697786,0.11786301289616766,1.8665050988563108,0.011632802517178126,75.24041081544416,0.00014471022153452463,108.82068840067498,1.0861744523557677,0.9764890422341184,0.8813241307187362
25.909246667491022,33.26061199529274,45.11507887146801,0.05692990925828016,0.9999070500975326,292.24836695793533,421.0632299339703,0.0005234043392734748,147.63961698574207,0.4397,0.9604574721186062,137.82606863520442,0.21345214009056576,33419.88210262236,0.8704651894220656,44.39519290484455,0.05893714156602024,66.7542846616048,24.161811295974037,4946.637634491274,0.1410886182984783,2.014296109153091,0.024047488748986913,80.69899614577521,0.00015793768058823117,137.82606863520442,1.021675694865638,0.9623413323031474,0.9241503179003807
19.29097926977891,31.547525704291466,45.567110139689504,0.057244831646401706,0.9929670281295127,406.25411473788677,539.0137426420185,0.0004408107942701017,113.86363041996626,0.4397,0.9411275492960298,97.47139211903911,0.21580023254565162,16452.960675531573,0.8749977797592696,42.661683635577695,0.05974365067393194,42.87318530405821,31.592447237357636,5526.6959215018005,0.08129229378614711,1.903561677360004,0.018289555286566284,46.372133106836436,0.00016295538001125787,97.47139211903911,1.0752993175775456,0.9861165959691625,0.9007219863995876
23.557161513208417,35.4385999777164,42.101722829833236,0.057619856071814995,0.9918336680073113,437.5506847937013,517.466986789738,0.000515917523126017,96.6540216816371,0.4397,0.959190072498115,88.58058636825965,0.2134650485936589,28595.72077086975,0.8426907436019992,42.752384610399304,0.0563092311749543,37.77309565506269,34.05638098098049,6389.891816783265,0.21892947888164954,1.940631679994951,0.013658925104953696,118.73144462951406,0.0001437989825665859,88.58058636825965,1.0853420349639114,0.9619834314379109,0.8871487834874584
29.657570561269036,41.47401804876107,47.20083139770679,0.055834738613000874,0.9807123445005912,473.3056760856833,568.4904750972372,0.0004627635216948868,105.21978439982273,0.4397,0.9697464629658116,94.03419399173555,0.18603188397776133,21024.83969879776,0.8742607133983712,41.594999365380474,0.056371999555561374,70.70964247301401,29.269258021834048,4351.9060112548295,0.12792385803143047,2.363686665678028,0.012241609343746733,56.27425178420094,0.00016704001360229594,94.03419399173555,1.0228511023699765,0.975013358714667,0.910347961875329
16.77234435587182,26.20657793803151,45.47244437294381,0.055212328710565604,0.9864177666719098,318.55572643277947,382.17381947145265,0.0005407284831013075,124.77281971605778,0.4397,0.9649651734080148,106.59662559686188,0.21786148213680995,32273.492295626682,0.8625432326628352,43.642521436720656,0.05969301353110208,64.55668397307454,16.764688324559547,5797.321706699369,0.14340231624353866,1.882051771977207,0.01824672005125306,103.20379329108243,0.00013639726136591075,106.59662559686188,1.0805650519344672,0.9576410621312994,0.8874098023808725
19.02361436829996,29.676596983388574,47.00620702934574,0.056326846576584294,0.9897631158003939,497.6876012581422,585.3281577959086,0.0004569081754654685,113.07409826464621,0.4397,0.971721683629924,97.92008685024292,0.17910943196829193,31536.740250889314,0.8574947479263437,40.25149101078703,0.057121496461428126,50.163655397360344,21.755699915091814,6392.7286706271425,0.23191518353255008,2.3278870378100347,0.018919655500541425,23.50338812595483,0.00013101804943052036,97.92008685024292,1.0295010903305402,0.9647911825638876,0.8929543762623536
25.25949774507147,30.879166673215217,47.78246926235268,0.056753773812463236,0.9928332966401814,231.16715963326456,282.01068644642663,0.0004525688313961169,85.55852010615672,0.4397,0.9790118586220483,73.5864796991886,0.19643621759411495,21664.226681333523,0.8532264560743894,44.83976542722267,0.055078635681748526,70.72566486946468,18.79227334780549,3787.7322786835325,0.23140040528468192,2.305101020911267,0.012746030667412265,89.52180747333307,0.00017153396154664602,73.5864796991886,1.0263268614151633,0.9640559484441669,0.9426595356147303
23.975662748471887,31.475789474147856,46.39296896564766,0.057218741761868135,0.9971423187674998,447.9602768044092,575.8372373779142,0.0005890726572987513,136.515636213349,0.4397,0.9614087160422127,118.96525950786739,0.17167067199762942,24242.265663800572,0.8211831835057125,43.0312544938967,0.0575124486650233,57.36701905318543,28.26530095705987,4513.359952924773,0.20761642667569385,2.24620095114287,0.019649316519053172,50.34625731535342,0.0001403592691205735,118.96525950786739,1.0936531859300864,0.9800129877745585,0.8844415581812947
29.670050747362794,43.93950187193285,42.1860629265699,0.05726821506205501,0.9891613698463947,281.6318458667876,426.93308059202036,0.0005817398892865789,140.4988135301378,0.4397,0.9756876323242838,128.34955730783875,0.2113252436142649,34182.22796439081,0.8536198289397521,44.22832644955956,0.05808380074202744,72.4839867310231,26.96281531138041,3690.927403499215,0.05600310826164907,2.0980332143525313,0.020048772062000085,73.6889182327773,0.00012340630542687333,128.34955730783875,1.0938424226963372,0.9614638102497193,0.923749700993942
15.519039861687325,20.93683701644813,46.26917679481116,0.057590851673585526,0.9854890691531272,481.1272764442135,601.2122115152459,0.0004903490442102049,113.4832517158227,0.4397,0.9363066683066567,102.93635896153702,0.23105007646210093,27158.033927087963,0.8667394733391501,43.90533440267657,0.05622368883050034,34.642245268978506,34.64908251610717,3623.086437983333,0.2312753344853355,1.9550205928624078,0.0296202103557881,103.66034345893087,0.00016996183877414844,102.93635896153702,1.0792912416397418,0.9630963463956781,0.8842201478658681
28.16991206520846,36.185911952122375,45.380824046136134,0.055093492790378285,0.9856256423527633,460.75889293828607,591.7886523035804,0.0005530934945804874,116.64292678778277,0.4397,0.9784089644508385,104.19638025917567,0.15976665629539175,15120.046604730713,0.8793020573955384,41.09076221937083,0.058637051926449836,49.63867187384558,23.95392801150617,5319.421741990168,0.08774716412560235,2.298587919415703,0.02426608606300225,92.48445257785335,0.00016794093766766532,104.19638025917567,1.0912164284774921,0.9503765894440094,0.9302634891294939
22.328175803314586,29.594618921274247,42.62123756222459,0.05794299418101935,0.9827562183271207,428.6811820789361,530.0281546264657,0.0005964125031532036,114.41012957404332,0.4397,0.9746194739938591,106.8939959689002,0.15270123429818624,30544.822822804883,0.8459868800934639,41.445380311283934,0.056164713227222544,60.564753909317574,17.10917203464493,6122.4281864983095,0.13765838620751358,2.3004449793835895,0.010243378883056337,55.963357750932666,0.00016814342752811558,106.8939959689002,1.0213365975995683,0.9626334777140007,0.9484523337990729
18.403485048132378,24.70587432268011,43.62256237779656,0.05790044700943282,0.982910775920863,381.12423649823455,450.29108352817934,0.0004177250238983137,117.08223372875824,0.4397,0.9224745786693312,108.33710312414475,0.2261134403565315,22226.27953321494,0.8794094701136556,41.39005615822145,0.055598246619759206,48.35538258413979,26.967868514260147,4978.941821405985,0.23059817281504186,2.115189597207675,0.019537363995574764,93.24794635900412,0.00014045301713622594,108.33710312414475,1.0609342810213465,0.9608858987564896,0.9100670901590295
22.550464074545708,36.793981945062654,43.01304574941107,0.05510664117832438,0.986106373814141,264.336901639607,386.4184478004923,0.00052123304991421,87.18356369504264,0.4397,0.9554268672290346,80.05811219730617,0.1822879815842665,20516.814714774984,0.8302653181607937,41.12759030283699,0.05624682837757775,45.7394669074717,22.338880056192153,5835.915066314175,0.06900876283392057,1.8285680318497008,0.010431796635930192,61.399749637586126,0.00015619494538963844,80.05811219730617,1.0897310595321301,0.9717842957405358,0.9477705755943187
21.182943017732597,27.44190358550216,47.54904833025388,0.05593988659782993,0.9953316913816012,338.5776081598132,418.50598864938627,0.00045069950732929304,110.35430211274249,0.4397,0.950178301693726,100.40987758864824,0.18238254785895303,31642.818105257193,0.8774919986982793,40.07953646091392,0.0576695492378679,61.29407452785266,18.559678699495162,4289.352004130578,0.07662060822360287,1.915776708321799,0.020224259484762478,26.348638661684056,0.00012083493139391414,100.40987758864824,1.0914220454857915,0.966071218481787,0.9249041481533898
17.69002149801464,27.583734845437387,46.77169995484353,0.057296627869820586,0.9882644128235283,210.4357474241536,306.38824789933443,0.0005600030078322863,111.35127113299981,0.4397,0.9689363151569175,102.39985170677159,0.20647395310875372,34350.54333716547,0.8553793063463747,44.134757254259526,0.05927894087835867,57.25593532146833,22.41977289665561,6611.128648809343,0.16521153555661205,1.8336500757036105,0.016758742081272163,86.55849197813264,0.00012013711842692383,102.39985170677159,1.0493621457317814,0.9892188532733562,0.9216827798208849
18.290936030536713,31.68603089866828,46.205123403435415,0.056435531140333395,0.9971913363017665,412.82107213905107,552.8878566095901,0.0004202821726253805,149.84000345169108,0.4397,0.9275804080219695,130.75928562382836,0.19867375647020988,16240.801499149444,0.8597541755331467,42.689262401036856,0.057646660972830784,42.71426191222402,19.763673378095167,4905.326399256735,0.14354304081933944,1.9079028107862785,0.028070135741192,113.68161981059427,0.00013555598105833948,130.75928562382836,1.0459687772359059,0.9718452894930386,0.8919817481728091
19.322123692212045,24.36084379855872,46.57992383547908,0.05501392518266098,0.9989830632494433,234.76378023596152,322.0574934845645,0.0005577620922939672,83.4057221481299,0.4397,0.9516583564048194,73.06192567114583,0.16215600301979993,22807.124495367418,0.8544208098217385,42.95592027536977,0.05924492760679467,49.98008626514003,18.944250474100098,6145.946945905789,0.12793534542257845,2.1050527684646463,0.019865779908104897,28.36522631518024,0.00015151846369169532,73.06192567114583,1.075998267751423,0.9529099469121611,0.946665117294199
23.282982705145788,29.36825948980174,45.60747636523255,0.05606414736464575,0.9815084029826374,277.4864700640579,356.42342182971765,0.0004401218655366581,101.84972477715058,0.4397,0.9500758277734328,89.60856226475177,0.2260435131398615,20594.302553991292,0.8789707836662651,42.45851696534719,0.055320931945735036,61.810555139527956,24.672805608123348,4067.791503671076,0.21193273993437073,2.3125040736648974,0.026998085240307584,88.76253016884914,0.00015601892461683355,89.60856226475177,1.0248134999204686,0.9823794109133218,0.9403084455682721
16.246490423704184,24.665432439981487,47.131599526616945,0.05673681683201208,0.9942164574993544,273.51487749554394,326.6843278691919,0.000491203871802206,114.71966877692685,0.4397,0.9437323417559321,106.0131655168509,0.16762714770530096,32955.07862529414,0.8226578392532622,40.621817947272945,0.056862932074119354,58.21076295419807,31.20021505751492,6545.189015926217,0.2289359387939836,2.191942099482735,0.02167744849042446,103.97339994971506,0.00012800402261508017,106.0131655168509,1.0824416092762028,0.9521305940830445,0.8892229677957937
16.332681673073782,22.80783170967168,43.37164889085029,0.057638740372422476,0.9817053177351986,436.38459674725715,556.5302840881234,0.0005627641561845906,139.30647417816078,0.4397,0.9795309653200858,124.43236926909202,0.23260282238168117,32353.899269393754,0.8446278981446003,42.18051444327681,0.05717589247553972,50.386183981480364,32.713293476642114,5465.016318770407,0.24828569226066027,2.1605417817140165,0.01793026370797354,79.66325976740976,0.00017205978142778567,124.43236926909202,1.0399745787503305,0.9834891864204637,0.8820046598338088
19.976192328572616,26.80278832269009,43.50302740992068,0.05748775454777559,0.9814345632220502,320.19434303260914,391.7163349239329,0.0004134926974352195,112.28659805117707,0.4397,0.9523727837646923,106.21755027640128,0.22643476425442705,33022.34269904953,0.8725139399570581,41.46816605922685,0.05900862863942527,41.700215333647634,20.20631470553836,7092.965148741692,0.07459225145636235,2.248772125257057,0.01459413939608356,68.5402248595155,0.00017757313074188272,106.21755027640128,1.0617257997855993,0.9662188474250472,0.9051336971767795
25.60936335258608,36.52092148568943,45.5504979329001,0.05783895822619603,0.9855153850310745,360.3622932793756,474.303956406697,0.0005856339550134562,100.37045135303245,0.4397,0.9447946642477454,85.71839158947604,0.16672266051226717,15853.192525358161,0.830025569325834,44.46029273323718,0.05805323406887679,35.156489270733765,23.968158954112546,5059.335077921139,0.18524918966443948,2.1839468847351107,0.013663141919967547,43.72119328870353,0.000127152729241353,85.71839158947604,1.0354040494072707,0.952467076666111,0.8911600592576466
29.674576707866876,36.380888797447,46.86081239461842,0.05640378455647658,0.982032051165321,262.5855668423389,349.24598423244163,0.00044346967236436166,117.4687748404611,0.4397,0.9713842030234547,104.34947204302246,0.2258213670540954,16002.194918237194,0.8541756407549984,43.50604060429967,0.05892518316140477,67.80788153873473,31.85783003683441,6742.79844762422,0.22426855990335665,2.0660563586727405,0.025890925924030424,39.38515321668042,0.0001694314704951636,104.34947204302246,1.0787486326259996,0.9890946226079165,0.90353070758873
15.180049195958308,26.568521510459316,47.01473073365233,0.057394821417044224,0.9932594364949334,300.2306342271062,428.99820269106885,0.0005001456185670653,100.79187630088526,0.4397,0.9283432640217084,87.23261558940119,0.21609395288607536,26028.007693822947,0.8514146577955056,40.813286952111966,0.05669278372564877,66.91411078522992,34.77354702838263,5083.558117981391,0.09810354265095828,2.289218067157862,0.02765973114162449,59.62965588100016,0.00015685427376367698,87.23261558940119,1.0965175539374374,0.9698170214466496,0.9470923686105194
29.585109664010503,43.740294811553106,47.857518783626624,0.055302206778865215,0.994322391279788,353.56968292206227,492.5591310083595,0.0005469138330925847,118.38250307202694,0.4397,0.9372537380315283,110.2889362195458,0.24818201228208364,18338.029896393266,0.8684458045885816,43.50958665808409,0.05967016386274909,57.59862131778673,31.998641602359868,3988.412391417865,0.14600713671451152,1.986110682272056,0.01648170140055217,84.1287991560086,0.0001501438989522923,110.2889362195458,1.0632666901758587,0.9841925219652469,0.940333192461174
25.29062283039581,32.58490979015873,46.57370924754025,0.05655537361346701,0.9927852854451185,258.26116685074516,331.83149070818195,0.0004246994190415834,128.29021811944628,0.4397,0.9367335152321485,115.19959661525394,0.22118288935648162,17253.17154330294,0.8750951768017823,42.7418387935399,0.05906828261866103,55.71039672528273,24.880719079942253,6075.483852655726,0.051433596990727005,2.356868944369157,0.01989225048476425,51.46721058229931,0.00014934381051317984,115.19959661525394,1.0960573431908605,0.9668223195776869,0.9108084663618885
28.51478769841801,35.63763774680949,43.3964577077743,0.057749742292533844,0.9915071373554261,406.9437504309012,536.1748604918904,0.0005217491267833892,117.15476482182632,0.4397,0.9760220411186564,106.84534403708425,0.18902174531534788,20207.167097086523,0.8355301003238148,40.408386593798916,0.059577427741367046,36.13484016275349,32.40271884427497,4258.6777274881115,0.07692252532664112,1.8697143495103798,0.015750032190342843,68.84058991988519,0.00016499010964326485,106.84534403708425,1.0521655430722732,0.9684642982970423,0.8993081606343497
23.04507536867837,28.15901127974511,43.38390330070099,0.05751654282494424,0.9956247820658307,334.7802134865612,400.0615922206037,0.0005031134874484717,122.674465131192,0.4397,0.9728197829599016,111.60861012585941,0.21200576431032384,29188.01209622933,0.861588643341131,40.34775552119788,0.056313980342259436,50.10291922894933,29.132545550216822,6479.468227806423,0.07511285505988936,2.1826079357185737,0.01910588802335104,79.99893232029581,0.00013253491130552552,111.60861012585941,1.0429121215593697,0.9644945642021667,0.9204465187213975
21.94408946992426,27.090753402956526,44.673532469725465,0.0569668295481372,0.9954515681837693,495.09512502375804,559.187859558411,0.0005171668457537678,82.71022091843825,0.4397,0.9564010610179414,70.9576460985296,0.2161872224288622,28433.08149241199,0.8528612792300315,40.73718665787197,0.05503284613882569,51.77393796645823,17.27030869386785,4805.511238400308,0.19151255053992733,2.100309811824082,0.027389827462231044,40.99796273030768,0.00015653752861885046,70.9576460985296,1.0870888315395297,0.9647568793300467,0.9456248058554229
26.77739532850554,35.743660938083075,45.90090462369393,0.05544760996501751,0.9974051204843676,273.9591189724829,366.8036842174181,0.0005324990627361321,126.11600555954931,0.4397,0.9391777656887486,117.08279762650655,0.22456503331863745,30703.84247706958,0.8597671808746314,44.05248713102262,0.058077405851431854,50.763673103065805,16.682830569908766,6323.1285382682545,0.17444984474591324,2.0554569940059992,0.01275949110003162,94.13952607915884,0.00013568121228599615,117.08279762650655,1.0230345460031463,0.9817382093902134,0.9353456602960777
23.26666327212076,33.157084071753786,45.07795210402941,0.055546243779589125,0.9938639160586729,318.81788003554925,401.2688301723861,0.0004841256075913546,147.87727762778226,0.4397,0.9480862263147875,137.85085494357924,0.1968625846482048,16255.05559913235,0.8320226691146803,44.14974521630913,0.057462894607061894,40.89412164209389,33.72528296548957,5333.185063876192,0.05773944836207401,2.0578298278769482,0.015829720536567143,82.86487747909293,0.00012510971767061338,137.85085494357924,1.0424940303688188,0.9512313786123895,0.9407427207621815
28.460482429188552,35.28859031519932,42.404837785518794,0.05703595684285602,0.9871174872794132,477.39886480564184,626.1146419079917,0.00045975384198351663,114.41513278748442,0.4397,0.9542687923340211,104.20288763601872,0.23276944308676664,30328.265400355405,0.8363604033940529,43.04090355015669,0.05889477080166816,35.57152611698649,33.48884707930107,5533.2180272646265,0.16913890987700322,1.8253245144234285,0.02390543140898905,79.18339250916057,0.00015317278317711363,104.20288763601872,1.075239180899796,0.9695945589402275,0.933277802820164
28.39594828424295,36.62582797383251,44.89140488642818,0.055976703459463005,0.9904936107991424,465.7992164866154,596.197114875216,0.0004367706945136404,136.18957626057778,0.4397,0.9524052103671067,119.58734978654573,0.1786941774106135,24812.3504346786,0.8529907856945835,40.07813159040756,0.05548746949501325,71.91201558049835,24.167312655786148,6244.674123422692,0.0636285585551628,2.250908282917687,0.0162125156116932,67.81112574856057,0.0001361164696042604,119.58734978654573,1.0351129365004585,0.9606222850705828,0.9152557872687461
22.956832209873234,29.35993172254635,46.90259209605388,0.055988343842116574,0.9898120004703417,345.2509391987862,484.2746278269803,0.0005878131976415273,118.42337381958168,0.4397,0.9353561206791383,109.23480743917595,0.2463340305787683,21259.9042700359,0.8201767347824594,41.58560817961069,0.0579772330987892,55.035509198899916,28.236495984047444,5994.200774760516,0.0904399990113848,2.011408248097239,0.011623123448553405,56.4805731982903,0.00016455923080187432,109.23480743917595,1.0912362501394686,0.9722687509858798,0.8899055304463646
23.60646961832623,35.41894109746993,43.441888874818645,0.05754286835939765,0.9821573371128542,237.078069016509,300.67783470302675,0.0004802751578161094,129.2799106529899,0.4397,0.9278292562412188,118.94612510757109,0.1810430637050514,27205.692300222792,0.8629855164395384,42.004543519528156,0.0559944918927565,68.81562286437654,21.09583949013284,5991.1748559005155,0.23027254070526892,2.0859818141840263,0.017488105623680535,74.88135270661735,0.00015902476849920588,118.94612510757109,1.0585742242495941,0.9586084679146691,0.937302697729222
21.844130581635856,30.77352310794812,45.8101957381045,0.05506140139805515,0.9962348618590348,322.63441376965477,444.0305094456852,0.00045644486750550273,101.69385081992723,0.4397,0.9744581814438474,95.71973274050045,0.15375461566067963,30990.60276807398,0.8296940917959413,41.42192643512185,0.0575729943508549,60.23932903298987,29.027973552163857,5972.20247349142,0.1394527131145451,2.308556452182315,0.023527840005219704,96.57315614985112,0.00013345934507688042,95.71973274050045,1.0396722580653104,0.963950025951903,0.9255678777985721
25.341092998166555,37.68443411021465,43.618317125159614,0.056177553619048,0.9982570771165857,376.19918654079106,486.6276171311701,0.0004105093322831957,147.6804903450444,0.4397,0.9584508405767888,127.26120424015483,0.1700134918953404,17077.499451922245,0.8758781112194196,42.905638069304246,0.05579160668256027,66.9138938047621,23.92368662967889,5706.971927233077,0.20626925813438302,2.14626510064822,0.02968009869202677,90.60103624017229,0.0001716937472895681,127.26120424015483,1.0497003951605683,0.9713303223802359,0.9340873911391322
25.235341695831657,35.73847229066611,45.334014088642824,0.055714661468802794,0.9996881778147632,276.26874129886085,336.19266638542064,0.0005502412846087573,95.06014876896583,0.4397,0.9287055430056165,89.449734132096,0.24274404214954215,31145.84854596889,0.8716364312111775,40.31105632405519,0.059561712750738946,39.71989173537778,21.96965285412648,6505.839883506297,0.11286233374556408,2.3108619570943,0.027842859899533827,93.7711479298795,0.00014081991533763702,89.449734132096,1.042699786012659,0.9796723394350942,0.9313806845849232
24.758898023975703,33.53188943475847,46.205873352817115,0.05508130083092421,0.9849593532038167,257.3398634357534,386.70622285399384,0.0005055491258383897,91.13683360113545,0.4397,0.9793906088332226,85.55080220238948,0.22900513802047434,26388.797672714747,0.8574010687833207,40.09984971114282,0.05591638566805035,34.77153873667768,23.812087201510447,4680.072320465186,0.07215487540223767,1.882247636737656,0.021237556712267208,40.94174886995896,0.00016254319511611686,85.55080220238948,1.0760735307528295,0.9878387518052615,0.8972278724418662
15.935248723413924,27.198915546199874,43.24333351180834,0.055649719392225225,0.9819128038940974,359.43129876045623,494.8094788621572,0.00043819284150725045,83.18670744395935,0.4397,0.9446766389686629,73.18373383961851,0.19393708779018,27401.08056439645,0.8734634602326322,42.93933407790226,0.05787538337779922,57.62416293782145,24.111082028942665,4253.630288622573,0.22763833366938407,1.9690905298167032,0.0255466626701766,97.96846335409765,0.0001360394056742629,73.18373383961851,1.0287923837391961,0.9597251787330422,0.8999967909550843
29.453740900032553,34.52543192863883,46.437282782465054,0.055552742483436536,0.9822208370347612,252.80719763339232,394.2164972438296,0.0005786747682039336,117.88333936997986,0.4397,0.9639782070856315,108.64361689790296,0.2405155295613608,32579.04323785878,0.8792347034104703,41.32265180594389,0.05502804830424344,54.7205929788068,33.85519214412841,6246.5761871472305,0.0827654144831958,1.9367594486586772,0.021427763508856418,53.54122222553375,0.000131795978657979,108.64361689790296,1.0882938604259358,0.9693165439614616,0.9399464039103945
20.034033720541185,31.93767823908418,46.05911093567662,0.05651342273413746,0.9960859394667815,462.3604213486273,606.34247498425,0.000586756122930939,123.32306373065734,0.4397,0.930602883268623,108.07673394793116,0.17466330503812413,29199.751829617162,0.8664973897178863,43.43264614655466,0.05578219257437764,34.34084087031148,32.6996084365791,5543.383400780518,0.11992830835836886,2.331800568434552,0.01987794172006891,43.30819387314206,0.0001716163798949635,108.07673394793116,1.0319055788733376,0.9639458968882912,0.908509249487928
18.693248902990707,27.40373356549214,43.876559758206426,0.05630557519137858,0.9926348336991447,222.2722618573255,283.05331877132954,0.0005761352622343307,125.46653811200599,0.4397,0.975965941788971,109.59622327137485,0.17335582438407615,26670.48328374781,0.8575979482715884,43.88796418682074,0.057496670976734686,57.50829127379241,18.888679739579995,6842.2018555317845,0.19024689920264226,2.26893431708829,0.013412652072843194,32.15511231813679,0.00017511991925127322,109.59622327137485,1.042597374946779,0.9742414743491313,0.8924406902501111
18.165741268681042,28.301504482827596,47.36984816448344,0.05641509857658468,0.995122402882898,496.22020264383184,634.4374314394444,0.0005121942076496672,92.05620393414112,0.4397,0.9247524384169388,84.15350043392347,0.16289583028197538,21720.453005392388,0.8469569049705987,43.0552858351824,0.05520480826929502,38.18546068326827,20.569358627412768,7074.30744591684,0.16836073364009774,2.3004605141405388,0.015843390349193003,103.03273985889655,0.00014112304928736173,84.15350043392347,1.0701363841333702,0.9646592144741732,0.924989706106939
16.039254061330166,26.273351866863372,46.68308489523784,0.05763373387576514,0.9981039280697737,361.38290300383903,505.91890492108075,0.0004746559509104254,125.60059640917679,0.4397,0.9773492985890171,107.38892860983007,0.19424322983233544,25206.20323086496,0.8688137380184828,44.94847735996895,0.05771391328323193,34.86751683795939,20.98749638671407,6721.682421467224,0.23559801024317228,2.141210136072066,0.019042137810961618,82.31973394630597,0.00013889822061030496,107.38892860983007,1.0483365294083644,0.9538787646907606,0.9008822028271396
21.85559029696586,32.43971394513538,45.12679669941532,0.056483285115063585,0.9845253851778807,495.06869616146173,614.1481156633773,0.0004323771473166105,91.55745952381123,0.4397,0.9636273555033982,78.70716185883805,0.2014125606277737,31731.331771202407,0.8622661476367842,43.21463416884784,0.05592167013955756,74.33528515365774,15.231409512382548,5571.212205478462,0.24753410817507016,1.932449347067332,0.02971207291940907,104.13059291625596,0.0001621539305114514,78.70716185883805,1.0608042770406385,0.9745758717782345,0.9249874727447128
15.623499471399734,27.6473646052267,42.49610755449816,0.05691701411353347,0.9872817062694931,425.4548151799106,493.83994877270305,0.0004754486625111544,132.84952092498398,0.4397,0.9336346745803148,121.69206919176891,0.16451411857780213,34912.14449847964,0.8483583994224674,43.863751661481686,0.05863269615715935,55.00723605016102,25.60860551603787,6314.849983408545,0.07932618324078922,2.026199024602255,0.022171247737969885,76.14158049480727,0.0001336418464627459,121.69206919176891,1.0655283449182897,0.9514225260006255,0.9213044465881958
17.4135676958935,23.5200289845524,44.643729110214,0.0569424498488193,0.9958474219388899,245.86942552581513,335.9531926443027,0.0005224341259836321,99.26712153966162,0.4397,0.9308543444247503,93.82598477674807,0.1614605495883105,30123.042308020864,0.8500020806434874,43.205086668461355,0.059341457445423275,44.83952744600221,24.653832439336384,4803.599148977566,0.0953173638935737,2.1301805239086606,0.02889757462196184,106.02804437794484,0.00017185236655920983,93.82598477674807,1.0407217469691603,0.9517216981570191,0.9264196188676134
15.079127522010078,24.968905122941166,43.97910316207042,0.056550623187111,0.985187837933438,268.23125834074773,327.24228281960904,0.000445310673968745,109.54321421852488,0.4397,0.9702260548532354,93.484603794557,0.18904518855390856,30803.251300671553,0.8337361575875499,44.02720854227671,0.05879272996233714,34.41251187345423,17.492054678616576,3653.141214932405,0.17783260684456748,1.8113871463230122,0.015173658447744882,75.65712305987623,0.00012051089265869126,93.484603794557,1.0627681428382745,0.9853688377997106,0.9495403650170543
17.620219542545623,23.451749622174916,43.57467245999059,0.05591432284530014,0.9901208171379656,232.08407115430768,282.5087157022688,0.0004927925443793984,105.70589310663428,0.4397,0.9223954370810632,90.09227056050122,0.17326188709855525,28988.36101995499,0.8673154043379222,41.95300950882505,0.055316951741266204,71.25251032804312,34.80475092260275,6409.69129475423,0.0793463333406973,2.183785360645182,0.011379425146412266,84.58445715392558,0.00012852740289105404,90.09227056050122,1.0951491197488519,0.9848112295599468,0.8994116534009693
29.928682323737252,37.27021506527897,45.861441367854965,0.05770947580030952,0.9888690134664538,418.725587661998,560.7317961102443,0.0005146185739510207,105.74061317659108,0.4397,0.9268568070666084,90.67016161180692,0.2074263998892616,30339.00979447308,0.8726998469864071,42.171788247163725,0.057481730992165914,72.41606277260188,30.225705226919146,6413.392462038094,0.15844383698495546,2.31292169814253,0.029567501532241608,25.636055398076966,0.00012724215917745273,90.67016161180692,1.0201980703186244,0.9725085668875874,0.9482945508167037
23.12180587932187,30.01445100828606,47.530380930590844,0.05631452655923502,0.991906103215208,250.59754186152367,397.8313828186805,0.0005462868977797328,130.4660437665371,0.4397,0.9603713647714487,110.91785267829063,0.20243351902892015,19863.59305349419,0.8209890146638413,41.675937441643555,0.05555588437395758,41.56299046388432,18.661735170243887,3628.938511870969,0.12456582797136645,1.9953811952481157,0.01659248578364471,86.96586695724378,0.00013906941703155205,110.91785267829063,1.0676982730979954,0.9507201121927426,0.9334423760019561
16.007228884705498,26.994322308958054,42.8793255670168,0.05671338394844842,0.9997640573923906,414.37390846035913,556.3031975049718,0.0004182702232671927,149.84410440693748,0.4397,0.9246420195606275,141.27770359027807,0.1662483504896116,23476.65946154856,0.8267139342004628,42.88238966661581,0.05704528783228645,49.57612868881664,29.106627560778477,6708.949937082597,0.2276259947131834,2.2078737252467504,0.020706122382792916,79.77116459570809,0.00017196846803543971,141.27770359027807,1.0456164858499435,0.9637242227731995,0.9398779579290012
23.462201264555496,34.523176131316696,46.449823463491484,0.05667743297411179,0.9820743001290035,457.849547188764,533.2458054891047,0.000573399252066166,116.91308260824218,0.4397,0.9524747237035579,104.91829088646874,0.15132770096812423,26119.919685313165,0.8794741445759743,41.873214775257914,0.05919773513252678,59.04964094287439,21.812671817380078,6773.178831953053,0.23361896152730743,2.0901379733490857,0.011422858893643853,44.2076204310646,0.000158400569653117,104.91829088646874,1.088964423573953,0.9638507052020425,0.9361747704738963
24.01186945285995,37.32086371721368,45.73028928118586,0.05748291412524615,0.9896928476701564,323.5143331790175,435.62542622900594,0.0004912148815748553,108.07272255646002,0.4397,0.9544431691014643,99.34167371739859,0.21447896631361854,25989.282606746638,0.8306864517017557,44.939309795871864,0.0552058016037835,35.00205550834093,27.656951690449464,4754.323556840838,0.10176601896128912,1.802386495180494,0.027207830870192407,31.27338223407891,0.00012644835560884476,99.34167371739859,1.0277273623003331,0.9788356134563727,0.8816073576973448
23.21590274856507,33.43427448987386,46.00219354720004,0.05660386250493012,0.9991797362436979,398.31125297031775,498.28101547424876,0.0005163862099115315,100.55893789472896,0.4397,0.9210722895933842,89.66223944609955,0.22728854980792051,26945.35584360696,0.8641917084984075,43.01501867553537,0.05625826002200711,54.16307700873435,24.40981799884087,3662.0864773339663,0.0691336220812135,1.9703953157495466,0.010013601785893514,54.71848063811306,0.0001247350349639837,89.66223944609955,1.0248499576682288,0.9824763478702655,0.9152582337230376
20.039819851348323,32.48660500893855,47.071113392269595,0.05637070864807598,0.9869575375525602,468.55873452595733,568.1634916840649,0.0005880633562900409,123.71347603638387,0.4397,0.9426297908479352,117.49371931450929,0.19882727079107657,34470.69585859485,0.8488505634228316,41.67850427712037,0.059132850133588655,39.83888964145533,17.7771574691782,6753.673590724002,0.24821595999220342,2.11671615229552,0.028120237873392455,26.01827087225325,0.00013730594965328938,117.49371931450929,1.0523917021116527,0.9641695833182624,0.8874035884689048
24.858618427358245,38.749398231966765,44.25272316405194,0.056380183074831766,0.9948119462183675,425.937683027598,518.7710652206986,0.0004335957426765897,111.58282506384029,0.4397,0.9217118382459633,100.20061129530795,0.20755009427363602,32105.410718428822,0.8512810724846696,42.54083015496336,0.05702963779408939,40.136873459469555,24.2017341126025,3853.865014059002,0.0799790870983256,2.234945087024761,0.013307417281546493,80.08292549165512,0.00015718994575236235,100.20061129530795,1.0738993790331604,0.9668695780423243,0.9271435266389266
17.13913789722974,23.47450201570972,45.47732613364617,0.05733984578249091,0.9985854084950812,239.22818586535143,383.34623142723996,0.0005768972043088178,134.0985107893941,0.4397,0.9780131208837071,126.57914983103397,0.24617114298971954,31556.66383612879,0.8265026520548463,43.903064483397706,0.056176777975642425,57.13777509667834,34.23374325505563,4435.935850602842,0.08468696163673134,2.041220260424459,0.013669565572777105,74.59429216709938,0.00015562550278429307,126.57914983103397,1.0205161655969694,0.9589863905808264,0.884175087547856
18.29344412330532,30.503137522958376,43.660941649366734,0.05598992532423495,0.9848121484662529,287.75367018128105,416.842609764519,0.0005608860849071756,122.46823973105728,0.4397,0.9329193028931025,112.05366861711202,0.2267703887016866,31607.402882521652,0.8282708644648787,44.03058626567596,0.05974705220033583,43.95336949686469,29.9626108579226,5553.267969531491,0.10043465580757474,1.9117472373108173,0.02651598903113892,111.78155610332243,0.00012685337072800714,112.05366861711202,1.084898705128921,0.9791167349731162,0.8823238942915189
29.920809200086005,38.2001701728901,43.705269735624725,0.05780455342117948,0.9816276050779102,360.69128498928495,495.37814172956337,0.0005988054732683092,108.83449717799564,0.4397,0.9613826016963161,102.82398350984215,0.1833809870481212,30866.664040624266,0.854674631036199,43.18550755404477,0.05577865157629814,54.76588259891926,27.531644719421116,6539.5244104280655,0.11817081662426243,1.836629832489798,0.017724608461184045,71.75616088081992,0.000165647946362569,102.82398350984215,1.0469210886704063,0.9639661130779351,0.9434711324669037
21.23381754733295,29.01445505293716,45.07969477846143,0.05753981187270329,0.9815138605742926,279.280740723567,332.7418082668588,0.0004786084569130611,146.71078772978677,0.4397,0.9604259375034853,131.96843330768652,0.2350301673862466,28584.070194771444,0.8426577853104764,40.01165259912443,0.058943039589047216,41.80391390337423,31.870537464192413,6414.543039532002,0.07955583019010469,2.2288152600603723,0.015120356509906022,92.97306384076883,0.00015793590377622362,131.96843330768652,1.0936202673381303,0.9782192141057939,0.9441940334702502
17.21687771269948,31.84670409398255,42.04380089909523,0.055415042797900035,0.9814598724840433,351.777141038982,442.97215775077046,0.0004253694212921537,80.78852028700973,0.4397,0.9663339129811158,75.77058447786142,0.20484922386316942,20130.850344763392,0.8678477253250378,44.34306548526105,0.05589038802421421,51.9460239827117,31.574422728794804,6052.234919185899,0.11444620828019568,2.0190248042479246,0.021928820721381935,86.39850757895019,0.0001789833731568418,75.77058447786142,1.092461248487479,0.9782760068337146,0.9236639460249931
18.25538116819673,25.319948800621063,43.48869175485962,0.05595171706298046,0.9870104170554795,485.8492258826413,595.6470523879234,0.00040283523076373325,128.2641617230381,0.4397,0.9401196546909039,113.30710758020915,0.2021934439252935,32115.331757110056,0.8783186857518328,44.549010070578355,0.059815260467096794,71.95042210918848,32.76407837046942,6583.230643919427,0.05440480647169288,2.188262522337664,0.015088229565495485,89.96638831691006,0.00015315571374842685,113.30710758020915,1.081104723107963,0.9562485476236088,0.9121948871275157
25.861981524600402,40.00751193525936,42.90977265781419,0.057716859597653776,0.9825242926097232,335.95011983868613,451.822270892213,0.000558519177608294,108.75540198909165,0.4397,0.9310638804097211,99.63298121330618,0.21918719228842254,20594.616647451498,0.8687390113407242,44.35824554070774,0.05893035598564722,51.81264093661268,17.17719604124564,6067.5530479390945,0.21019673955826074,1.933051103154473,0.015730948084733354,51.36521715923885,0.00013963942763256827,99.63298121330618,1.0789604519790064,0.9854191504054443,0.9379945898935561
16.74375274709679,29.980917491982375,42.71920756718139,0.05583511404790456,0.9881005166610174,278.5009547396867,417.9889319482753,0.00042731923849084134,88.51352825830811,0.4397,0.9518301327315196,80.6994193887127,0.19294849789700746,29497.771544416188,0.8443549610268319,43.35558003825275,0.05638214249370928,52.560809173452306,17.589011644860705,5895.680057277086,0.10271041610798877,2.25281132229255,0.010911006679219779,61.5350089741043,0.00012716108759481788,80.6994193887127,1.0680649755730793,0.982980912399083,0.9474954559767566
20.309690014539417,34.096014553270095,44.30777209469742,0.05595297476578597,0.9950825515548842,243.97360363370228,310.6738957286715,0.0004612024235401256,86.48868163157573,0.4397,0.9616602023888448,77.72596110617611,0.23807725361728635,17219.67425284336,0.8489308361639867,40.1354972593289,0.059918071069183634,52.17780470271863,30.97788687442638,4203.71291051285,0.21355685525092966,2.0066316994199083,0.020788225593187493,31.97696492381697,0.00017514602995089785,77.72596110617611,1.0835590057441342,0.9733204621685322,0.8838004022056515
19.925947856596302,30.785782593500628,42.6261708549853,0.0556523679560766,0.9859645239492598,470.32925090794697,529.3329222746239,0.000597463007510579,125.4523290808601,0.4397,0.9653180803325394,112.92569576127109,0.16672844302558978,25945.569851448214,0.8294012809562412,44.753901287275625,0.05557229820594978,68.54530855279336,34.90684375086143,5183.718077163202,0.17938435257071744,1.8314212080861543,0.012588382114211418,85.04722163881375,0.00012226018193234426,112.92569576127109,1.0342466461248394,0.9534529924326669,0.8872469033100321
18.419717012892974,29.266775067492915,42.92573568924038,0.05516318216009148,0.9895883636383956,268.93795673038494,408.25784315525453,0.0004884189897954511,90.3441205310611,0.4397,0.922934924132897,78.32944684423124,0.1921913292194381,21376.011715706758,0.8617414993197055,40.33903760307289,0.05929798441365025,60.67825884188974,26.250867052603738,5224.9762195437315,0.14610921935252236,2.1061400998289095,0.02674242755868466,50.24378327025031,0.0001409236785780559,78.32944684423124,1.085368666672626,0.9566901972677108,0.943356160917007
22.152569650247155,31.17839048485219,46.01229397628987,0.05643536838276899,0.9825473759382063,258.0860295257355,358.74795370723444,0.00044624114064132687,139.92532317380167,0.4397,0.9651595848038687,131.61413836381607,0.15648636344066938,29089.144911692623,0.8468415062743192,40.74742122145151,0.05849714693512038,31.37813830281619,34.285320988025674,3666.5941431092883,0.24445856824279727,2.238867988365542,0.025020402703641295,74.87925107660288,0.00015184433153707272,131.61413836381607,1.065216637820064,0.953687140661056,0.8869577587493912
16.65191910186664,25.66111299464314,45.90805274256889,0.05726455904741676,0.9939657942388255,365.34118459118446,469.26274090394804,0.0005506467115874293,101.76495904133947,0.4397,0.9267459352597723,91.12247945812712,0.22053942892632755,32105.735716759464,0.8714430233936274,43.13950550442256,0.0558694218021372,35.30793530798253,28.256289898875014,5059.868506050132,0.1273340418155613,2.359498294767522,0.015709185493985204,112.1523732912958,0.00015418748304575944,91.12247945812712,1.0825580616140247,0.968544597998047,0.9299918573163275
21.848507143355775,35.355179130289706,47.67010937990858,0.0569799922263728,0.9863534957248677,338.5133155674037,477.51338143545894,0.00045431073685204025,104.06900025123399,0.4397,0.9514787492694498,90.03497451813857,0.17702952256813265,15310.543312842567,0.8591217775373162,42.30904684642677,0.057731856979795486,56.00494948420223,16.706379582546404,4417.519793242287,0.08567763839908721,2.382514668558888,0.02067557154696765,88.29141490263343,0.0001549394162942006,90.03497451813857,1.0595038885892514,0.9606205067809932,0.9187457231286774
15.489305144282458,24.36685675440995,47.52163943144024,0.05508287491657219,0.9827045153065606,315.69946742363925,440.6804646543186,0.0005062043750703272,126.20871048911098,0.4397,0.9533246633465522,116.1666431585258,0.19254246725235322,17286.438330322777,0.8302325944692088,43.773790349375496,0.055059624057965995,64.20813968671118,33.52505934347755,3922.8039372462185,0.1654878592745589,2.0738517642994525,0.02154753783027156,46.76661727910489,0.00016302722210182217,116.1666431585258,1.0704766961550718,0.9832318670272622,0.9165145412177196
29.555128780777245,39.422097560554285,47.24364208533473,0.05657014871909526,0.9990934111369685,373.5955047894393,496.6709537126606,0.0004314663974885121,95.41147176881925,0.4397,0.9276230115732143,88.03770206268217,0.2386362206172885,33510.33647911373,0.8446589772052661,43.165721397460416,0.05786563840776663,35.265317968534575,31.78424940065186,5566.755395068303,0.07802994575973105,2.1671240142452612,0.02332903390167547,71.4647175956967,0.0001276993170236826,88.03770206268217,1.0473277389153954,0.9674382559533732,0.886834946037957
24.073107283950677,39.03703583280841,46.14572616834712,0.05599086740858371,0.9953924490382368,370.82176600540265,439.42461212498296,0.0004921665848764639,80.49274467779021,0.4397,0.97783987554575,68.78199381384033,0.16862855387106468,19785.419924234782,0.8606169395820954,40.020949883179,0.057911017787170484,52.625307115311855,25.716960266752178,4453.242244506875,0.10536320031751452,2.134332556462649,0.01837841524836798,80.21768881647421,0.00016316077981417916,68.78199381384033,1.0539529267251717,0.9680839189596356,0.931009548726851
16.12605245260033,24.669191028485358,43.59953617137306,0.05692536605745848,0.9930465540628796,220.5207554498021,332.6617847074442,0.0004217235420084171,111.20805380933432,0.4397,0.9582809850985884,98.22807461825975,0.1502251528335635,29615.78827490404,0.8714753371243551,43.214074734271904,0.057042631076329876,58.91228592987404,29.87813297738974,4285.361777774144,0.23154782796807333,2.120124952823142,0.023050643429515294,105.01534755757484,0.00017337103948087112,98.22807461825975,1.0491818581377303,0.9868770195760838,0.9221407315259291
17.860875508327716,31.086792343184534,43.06894644545972,0.05621547947273426,0.9944599928735386,324.4755986451427,419.4827213518197,0.000554618942955575,116.95158448490989,0.4397,0.9334334866306174,106.24186800888711,0.20781198003438714,31250.934110767943,0.8410483896147346,44.29109966715348,0.05912207892745157,48.03610323851693,22.031077638028503,6432.462368203598,0.22843171957467157,1.8687234691242411,0.01338779329972516,99.37612040530256,0.00012182681173616843,106.24186800888711,1.0792473026045932,0.9731108605657008,0.9450189409019497
26.046743943977994,33.81872121283648,47.696506927781215,0.05794159025589887,0.9885098464039794,416.2959848143287,527.4001346867933,0.0004730278040947599,111.21268713090707,0.4397,0.9230538606641178,103.66782457688905,0.1937545240367494,29811.00661727448,0.8601696555416459,44.260732009737666,0.05965373512514798,61.20782252452169,27.315605650028267,6516.335589097704,0.14314504275842957,2.2025190271515487,0.019420374631313086,51.52356784160091,0.00012214845708818383,103.66782457688905,1.0360439141002036,0.965493851024761,0.9136694948420873
25.9750745111509,31.22581080809294,47.757773939938204,0.05748535049900721,0.9859666219813094,314.5037440751044,422.0714618389824,0.0004637607384082039,112.05941934969674,0.4397,0.9665014054738919,98.73112996425695,0.15549607271239743,15642.146547140603,0.830415569710956,40.787040248520974,0.057668809335454554,45.418186112339654,23.26478754758975,5979.084908805022,0.1456541514089782,2.379162149013931,0.011880125343112932,111.96416200143392,0.0001794828037688437,98.73112996425695,1.0944416978051867,0.9893382988681787,0.9438691309631292
20.4747510443701,31.40902967614126,45.02660719025952,0.057101112737964956,0.9899997332271363,499.29780428973106,551.9258017807464,0.0005987571610374027,126.60172287343332,0.4397,0.970478938511979,111.40514774593423,0.17962456738633736,29708.47281362437,0.8742827629447788,41.73680789364901,0.058369767801805784,58.03584239793442,25.542664375664533,4282.807651433735,0.16335673665545328,1.8760817331609676,0.028821396093310588,34.73879824746746,0.00013871655084755777,111.40514774593423,1.086342759093063,0.9684974312844992,0.8928725472200443
17.226558911003934,27.02001868932024,45.290482068891535,0.05654700118395974,0.9965051603356567,270.6155182912723,355.003058838333,0.0005659405052748307,139.19821509672153,0.4397,0.9254378039119067,128.57137744157572,0.17391060222306498,34231.42479979043,0.854510188197918,40.59764702601255,0.055729279373980735,64.45696474420618,27.73106020070152,5877.696539983037,0.06683613672274549,1.9871127047501695,0.018028187365728948,47.60882333466883,0.00014730378135938024,128.57137744157572,1.088938783309143,0.9731872095713354,0.8942723586085287
23.038909223883547,35.90563542032812,42.032237278740745,0.05677333863421368,0.9992758537485944,348.9092858704094,444.68960657673523,0.0005107850510860872,105.58538937763018,0.4397,0.9354458417094748,92.06205922504277,0.17606181319215208,22375.863416475433,0.8661160133173094,43.75741167461943,0.059990490132178574,73.011759984289,16.07738909985919,6167.960710436613,0.10063121062694842,1.8462299493332164,0.022348830003279883,23.386440605220432,0.0001386037549691561,92.06205922504277,1.0931184685164517,0.9652800382306791,0.9464284928714067
19.145958906288442,24.187484606722798,42.89151357794123,0.0563264066149771,0.9921056260851925,402.17878415671373,502.2009763196757,0.0005888424473488748,135.3065486989015,0.4397,0.9585426727993318,127.1340155504494,0.2289662383240353,29205.102350665748,0.8438110868693177,43.13780249116274,0.05928958066478855,58.750282241523905,16.920468709457918,4439.915556711071,0.16599706311219226,2.0416697384606888,0.019796326843085806,51.126356016866964,0.0001533891987174419,127.1340155504494,1.0548815545238297,0.9767682986084744,0.8869566723432896
16.452128551215097,22.157732430299163,45.27596579102282,0.05738397151254865,0.987527192618014,364.3588056403553,424.30573260473193,0.00044227974629329437,84.387863637175,0.4397,0.9451386281463299,78.39983207053211,0.1804749804247191,20529.394083570653,0.8764324710913326,42.42216818884776,0.05974513876823522,45.821074428266726,16.64824919384272,4078.5966361734654,0.11423323467184468,2.0890032696266974,0.010536351286837695,61.404850545175755,0.00016268889320137175,78.39983207053211,1.0913531970092776,0.9810323097204748,0.8965577606236244
20.189978130821913,33.78676727942819,43.090758693263304,0.05772470241156069,0.9943641198287073,211.72193657776782,351.57582671404157,0.0005146970863136019,113.61825991248199,0.4397,0.9405507373124723,106.72225996087369,0.198962650325466,34949.107202310406,0.8632064090798528,41.49879483319517,0.058890321156696845,62.45582867011696,26.89858930027821,5160.698626202971,0.0926781538222701,2.014810854701572,0.011254269957511373,44.13082616647154,0.0001655969922845049,106.72225996087369,1.0555283958060038,0.9751456891022932,0.8898947170389125
26.265188646653424,36.073498522673376,44.87237605133249,0.05799728534027221,0.9939413558161204,354.0998560993896,437.5314253698961,0.0005858114507712059,106.3306344724326,0.4397,0.9454670770862946,94.14243997441032,0.17655200843501362,19166.800799852466,0.8292194462115492,43.93549082274625,0.0566145720528319,66.20157952536879,23.258154578604724,5127.504877583738,0.17947216428781165,2.085949286507407,0.015291124951564622,21.26121602547894,0.00014132332874025486,94.14243997441032,1.0281284400803719,0.9599368358990256,0.9296811443489057
20.312100898139395,30.375835244934628,46.76949482054188,0.05679649089531413,0.9849492854421432,489.92815074900204,588.8703482903791,0.0005139413059775041,112.61584048271243,0.4397,0.9503182728516639,97.5899135637539,0.24505401743900457,21111.31959308264,0.8530111323919645,43.95716709958393,0.05610840724960487,48.6586328282348,25.00120695817168,4151.890855699166,0.1632871585892918,2.2817801199901293,0.023498701187240543,21.05142710109124,0.00013563461372223328,97.5899135637539,1.0239668276872766,0.9876918838425076,0.9346168362251089
15.611702958801597,22.862772423283367,46.80466777006786,0.0570456562892078,0.9887102805264292,321.9991649496018,438.371906383271,0.00046159795655330293,86.40344994770567,0.4397,0.9310797553503767,78.49803324346725,0.2274213818385834,18358.111759584503,0.8363051183096621,42.45590053837602,0.057555238023087,46.31551590952222,25.00562884186,4290.173786966174,0.11541456360371385,1.9283541559594046,0.02282869346551499,112.39660231511286,0.000152797919879001,78.49803324346725,1.0250866699796632,0.9704687114506955,0.943103278228734
16.80595927706109,31.06517034141579,47.16994987257121,0.05619958753644987,0.9826802723514825,234.85366361587643,356.76182722425153,0.0005623312024876045,89.71805273566413,0.4397,0.9432837919497468,77.96470939993736,0.1923282613208979,34103.545489301396,0.8700015736666535,40.62210358423489,0.05541299663142822,36.86105976749512,15.809412642376472,5398.6219385010445,0.23747825490749297,2.2547830171025662,0.01375889982484457,93.48063257501448,0.00014305530255657523,77.96470939993736,1.0350405292786637,0.9830409116383132,0.8902764127394546
23.945190751519853,38.08939667318862,43.41427244688925,0.055025419591740385,0.9880455667599886,206.377521999512,294.18027355680283,0.00042776202537121656,100.54359721633226,0.4397,0.9241895263829707,88.13765506772218,0.22269833744293746,26428.527543766973,0.8669694641215052,42.32679513116124,0.057759092433786435,60.46048409532702,30.92117743004362,5498.721679282819,0.20553793612971488,2.275972798516359,0.01977226426156484,89.83952804216833,0.0001573266945454117,88.13765506772218,1.0487844048135349,0.9503529889315167,0.9025216837509176
22.83229214224746,32.99923029355094,44.59138367325545,0.05710971030772022,0.9952549760971577,323.6794457177242,386.5907283474302,0.00043040005963157284,99.1472138418269,0.4397,0.9203633384395795,88.24664794103388,0.18148252175952106,19939.699202216227,0.8496727120105751,44.480334066326776,0.056849600019670044,50.01911429183677,29.013760014714695,5536.29099017578,0.16922832999613707,2.148679878642229,0.017341224341253694,98.57338997471754,0.00015669323542623432,88.24664794103388,1.0983401897069234,0.9707105545402813,0.9022036763318234
25.122940642847787,32.30117610857242,45.76107251541161,0.057802106305201585,0.9862780548722233,255.58904558455146,326.32081250787417,0.0005462249779905801,106.9567607778829,0.4397,0.9785115998998122,95.86244056894058,0.15822298882264904,17690.11331522885,0.838115597481995,42.92042695887096,0.058639669938584896,35.98089042792086,28.758020602759878,7135.320880480618,0.09189310840296971,1.9891927125311495,0.021370885473110612,89.4189427361615,0.0001736671832609098,95.86244056894058,1.0392959788164324,0.9874231824623274,0.9481430531540558
23.576254606704502,38.40416902849785,45.486516432211936,0.057578873653797345,0.9926606541856196,450.4096239964093,516.9148097403718,0.0004138663699026094,112.00812139839189,0.4397,0.9232884716407919,98.81819413385921,0.19305222037381312,32496.136306240856,0.8711612179458842,43.77000391215045,0.058128461075042805,55.2655763913954,15.685018393683642,3742.5887552766567,0.1796193248714762,2.3619004994115596,0.016693726425631786,26.145743500496124,0.0001202313903572696,98.81819413385921,1.0930393449987759,0.9775284045703676,0.9208035505866531
22.458431447537283,36.382995553052865,47.994439085934374,0.05763586231926748,0.9865529934933923,485.6772420859358,560.0910225378975,0.00041012615655068547,95.48207612210633,0.4397,0.9226086736872395,83.87832978418527,0.20645853549298915,16253.191709732973,0.8710290597075243,41.47333983771694,0.05623260058078494,74.54454506136054,28.034362026989307,6430.645732134784,0.18754770311698227,2.018342133654661,0.02792396201687821,112.57309338599093,0.00012611089166399817,83.87832978418527,1.0848346762596783,0.9545673016270873,0.9036248687809378
22.126802406721993,32.34091249590675,43.65768849724876,0.05620637783522051,0.9829420734507724,482.15902180160975,592.5236549348897,0.0004758149442954158,123.34543055188672,0.4397,0.9733977185413595,107.88688023124926,0.184935466918903,27865.260317346976,0.850314153446412,41.71581748921637,0.058667209370576186,32.30983505898147,25.009155520168598,4866.50881481203,0.16625330129655458,1.8299527109492162,0.019448371847440908,62.88106713211546,0.0001672049220490656,107.88688023124926,1.088889825936216,0.9783989200158254,0.9009115381154876
29.423065828223997,40.68705123690944,42.42803670244884,0.05714065459117675,0.9948277511047201,312.3588602405148,415.9347422866126,0.00047958129950695025,106.30750931954499,0.4397,0.9785622086164513,97.69804580793657,0.19015383881998998,27202.57427887254,0.8630354146117101,40.58560402005797,0.05655556460870357,53.198326820050475,30.211352910285637,6310.466674736292,0.17759205794520644,1.8816527111902306,0.018531556740136387,65.34268083324952,0.00015501359720593736,97.69804580793657,1.0827809513573794,0.950600826918989,0.9023310475472117
27.934352955490958,37.331031000069665,44.327172067694164,0.05691528993799374,0.9917862448740805,336.42711824206685,403.2901630245511,0.0004939300633338727,84.20946964729828,0.4397,0.9706720895573266,74.15383518575206,0.22144288238428328,30435.899149039098,0.8371300387705326,41.71402538184452,0.056242961245317837,72.11215212899182,16.937429857393436,6247.584446508729,0.08244570188048946,2.334954003386649,0.02406652588335605,108.65695293924509,0.00012375036190615508,74.15383518575206,1.0978474859666487,0.9647472322139194,0.9298526798201111
20.743177747892,27.803755500267425,45.10808146488859,0.05662280441819787,0.9965091532546533,294.5239184145832,412.6755688528393,0.0005481464308885925,97.05876977800864,0.4397,0.9283730271634484,89.23969406263859,0.2395447382059497,28636.924453753887,0.840930993625702,40.848067509684,0.05709276783590795,73.16073149660008,29.93417191553953,5831.443291406098,0.11699864015341613,1.8899858887190386,0.02561375480837093,40.45029541307271,0.00017655343006482192,89.23969406263859,1.0295851126817672,0.959468125331341,0.9184498052742497
24.802069337897187,36.61657775934164,44.323435308214194,0.05545485946740021,0.9935790821455006,238.71573697711077,295.08620690358697,0.0005137705912584711,119.21031056970762,0.4397,0.9583719001910945,110.1847160800569,0.23941060429549513,31729.50339914499,0.8766433607092091,42.69489917071005,0.05578926707767777,45.37749288149502,34.23376364691514,5872.155033277508,0.22814898317483306,2.068436484960457,0.01875105420384914,51.28195601225234,0.00015902426287380217,110.1847160800569,1.0583182434264211,0.9600754947824833,0.9236527349649643
15.30649207377857,26.99783346519554,43.91618499482674,0.05672632617203102,0.9963438431068127,367.71164069987833,508.6723428816291,0.0005427097154525192,122.48140105604584,0.4397,0.9618154714484056,112.85717845033999,0.2075691813806857,15760.628378738435,0.8641766102559332,41.96902745634417,0.05662580032684097,37.72227486584524,32.01972872803113,5988.94760596434,0.07742239937145651,2.215182936492879,0.01217920394156589,105.50117940548043,0.0001491597320491641,112.85717845033999,1.0474268459244378,0.9516592292587678,0.9129353537674025
15.31426177397446,25.7875227101106,43.54355649393902,0.05589577276727397,0.9830989615926902,255.86157575788005,362.48065893584175,0.00040997890933903704,135.9762608888185,0.4397,0.9662997503282346,128.01399869055422,0.21294903572890259,23605.82674395002,0.8243272319788121,44.17875843820455,0.0562992430519734,48.93270719703691,32.88341119714455,6291.366572497982,0.16793822464537655,2.1441868205542027,0.011701780294713941,71.9661491497845,0.00016677516022684414,128.01399869055422,1.0427389988079956,0.9746852908400783,0.8818379177857529
19.778582771531624,32.92304246012606,44.56490616330173,0.057110767509437325,0.9922916734640044,217.82245926408558,326.86419175181857,0.000463140650625509,97.18350620187942,0.4397,0.9267733321151153,91.88200661002848,0.20328112653478542,16619.32196776794,0.8474640052334639,41.91364060273416,0.05510864958067814,44.33380443138002,16.516018011142425,4073.832071226886,0.22953106588135685,2.192023020128868,0.016537485751377295,62.01498298699321,0.00015576090614297626,91.88200661002848,1.055745929730028,0.9796761514295647,0.9280975531854971
26.321505034711997,35.83987100261081,46.1352126563778,0.057834557283918155,0.9873475717998894,454.82999774438076,533.4193818860218,0.0005932813825037704,119.35504622425579,0.4397,0.9434451638620075,103.20464472801169,0.1871235718771615,23104.346345228903,0.8437446928218811,41.06169180991802,0.056504381440975054,51.716363356463205,25.5928692125588,4899.019855054182,0.05283115803723975,2.0092887987157058,0.024651645522359916,115.45622125723379,0.00014239781213399644,103.20464472801169,1.0584743692845717,0.9616733606681129,0.930688870513285
28.881878528481682,42.49104577612574,42.893194021923236,0.05718297340781264,0.9949301293886353,439.55479762558855,540.7184979275743,0.00048555305047042716,113.3273653370781,0.4397,0.93656581542682,99.9613899188697,0.2238159696037258,26216.514983488283,0.8338593554437205,40.4211743430679,0.05733416704295218,56.81820572679099,19.93324921228363,6631.231074778238,0.2434243057879794,2.1973416830631867,0.02307277567668682,108.8717292982489,0.0001377980995089629,99.9613899188697,1.0988756936783142,0.9734740233972458,0.8926174107114997
25.244638021961748,32.41482154747977,47.193203537263685,0.05577858674341344,0.9916017209009935,477.88472674272964,570.5104558135354,0.0004444983342398137,139.39606219062682,0.4397,0.9592709607561307,129.46641644503404,0.1611245283733002,26875.497327554738,0.8796965080433716,41.26285680949071,0.05914869189072621,64.57081278225931,25.898479290326645,5572.383007421559,0.22666840025569357,1.8054513450104719,0.015754707087647053,108.7389490179435,0.00014720579127855074,129.46641644503404,1.0411745342885037,0.9698957506438607,0.9254561238586132
25.595841912847927,40.213896411080015,45.846733432009984,0.05639574352162086,0.9810836019669561,298.2217302286583,443.29637483720194,0.0005984172387053234,131.09942147707403,0.4397,0.9406160909178403,121.68390229657587,0.23940141708902413,33495.36578847407,0.8281474600469323,43.486816566924645,0.055902382609097814,58.53708256268652,29.131694522373344,4092.968574582142,0.1930130985090523,1.9579501418781557,0.010087867512636168,41.22021837687652,0.00014851477570240856,121.68390229657587,1.092934497702142,0.9897259334141685,0.9414283006980216
15.481775601570918,22.532578253752632,42.644223019345304,0.056694597145345985,0.9906709195240001,461.2161636072123,518.838309348052,0.0004822636280046806,89.2389820419112,0.4397,0.9505293561986496,76.48622322483158,0.1783719469123979,33434.44230186092,0.8388560188909375,43.131154335577634,0.05663694521997941,70.14244604964118,29.936484613824632,7061.935393033104,0.19182693210436358,1.8741599061036902,0.02285345199581186,104.3896932185448,0.0001627219148432144,76.48622322483158,1.0333578887747035,0.9824932836870612,0.9221937997882259
28.952389994522086,35.55358119977107,42.14111753562276,0.05717845849280216,0.9948858266799745,319.53557900718204,415.40914257131556,0.0004957563708621885,147.11419058368054,0.4397,0.9575862475034238,139.19999279503637,0.1718822151437114,21195.73194050299,0.8709231156076928,43.09972970095101,0.05514686913008693,63.1069612773835,34.83191936546225,7156.211324041404,0.22354463649106282,2.073157786351897,0.021288006879928684,85.66943414823379,0.00014838016954177535,139.19999279503637,1.0732037041904998,0.9878415195279181,0.9267978650532978
16.30190147685945,27.335876546883487,42.30814246404905,0.0554435425318705,0.9852557678106227,221.83382829558414,350.9855633434443,0.00044475943838583553,104.86502473924334,0.4397,0.9719486360070824,98.11386240097741,0.1773994207344816,28981.374448199975,0.8279364800794637,44.29085361429225,0.05537554106070313,53.339134524395135,34.15252983513531,5445.637964266186,0.08419849755527914,1.8874938494163545,0.025449783829705835,89.15275195804564,0.0001211005297545775,98.11386240097741,1.0444332980420536,0.9829731852352334,0.9290498639328625
29.203622359085543,35.13442166431484,42.542210402444695,0.05657677757224598,0.9930905301367818,337.3523314611891,441.81004054561475,0.0005312706147766494,146.8213972154557,0.4397,0.9752550099450689,138.0004289269499,0.23117169346276453,29254.14765001528,0.8425683335522398,41.26404700984409,0.05678057451158573,35.368465866281,19.943074000645986,5519.4986520867205,0.18998689026947269,2.128422643002958,0.02372331662267369,24.78307207771691,0.00016107905956244223,138.0004289269499,1.096830384508332,0.9763068664010554,0.9027034612330902
